date,dp,dy,ep,de,svar,bm,ntis,tbl,lty,ltr,tms,dfy,dfr,infl,target
1926-12-01,-2.9730123516104965,-2.9565695297349484,-2.3868372906027187,-0.5861750610077776,0.000464617809,0.44147582697201027,0.050876177315979106,0.030699999999999998,0.0354,0.0078,0.004700000000000003,0.010000000000000002,-0.0021999999999999997,0.005681818181818121,-0.005411122480613129
1927-01-01,-2.9423744954802977,-2.9633490471657282,-2.374773287950336,-0.5676012075299617,0.00046989469600000004,0.4437056454190909,0.05082378469005321,0.0323,0.0351,0.0075,0.002799999999999997,0.009500000000000001,-0.0018999999999999998,0.0,0.04191965638126054
1927-02-01,-2.979534685857688,-2.9329458542023983,-2.4303527809018184,-0.5491819049558697,0.00028733434600000006,0.4285008644109657,0.05166764265670832,0.0329,0.0347,0.0088,0.001800000000000003,0.0092,-0.0019000000000000006,-0.011299435028248594,0.0043018007725550865
1927-03-01,-2.9765350967384903,-2.9700532591362996,-2.445078688279091,-0.5314564084593991,0.0009241927529999997,0.46976511744127936,0.04635657599279304,0.032,0.0331,0.0253,0.0010999999999999968,0.0092,-0.017,-0.005714285714285783,0.0104400753565403
1927-04-01,-2.984224989684853,-2.967142723773978,-2.4713086271267533,-0.5129163625580997,0.0006025885709999999,0.456754130223518,0.05051402427794067,0.0339,0.0333,-0.0005,-0.0005999999999999964,0.009000000000000001,0.006,-0.005747126436781436,0.05749075032380908
1927-05-01,-3.025963333903549,-2.9750582588294914,-2.5314458282011136,-0.4945175057024356,0.00039173375600000014,0.43478260869565216,0.05527538979640154,0.0333,0.0327,0.0109,-0.0006000000000000033,0.009299999999999996,-0.012,0.0,-0.02317695547552442
1927-06-01,-3.0073088413829887,-3.0167428736163475,-2.531329948947166,-0.4759788924358226,0.0008245769509999999,0.4523852493533057,0.058821916174431284,0.030699999999999998,0.0334,-0.0069,0.002700000000000001,0.0097,0.0112,0.005780346820809079,0.07807743704668069
1927-07-01,-3.0611442423635555,-2.9981726218366576,-2.6037073677609404,-0.4574368746026151,0.00042577976300000003,0.4145534729878721,0.059749925307144625,0.0296,0.0333,0.005,0.003700000000000002,0.009500000000000001,-0.0047,0.011494252873563315,0.029980832211935916
1927-08-01,-3.0957644793000663,-3.0522252643210757,-2.6567416907622547,-0.4390227885378113,0.0012764138519999997,0.3962274092417936,0.054521771691877635,0.027000000000000003,0.0329,0.0076,0.0058999999999999955,0.009200000000000007,0.0007000000000000001,-0.017045454545454586,0.04956062963611562
1927-09-01,-3.1290969856214144,-3.0867910045009577,-2.70775852835696,-0.4213384572644545,0.001123349479,0.3805860620476745,0.09461297708991753,0.0268,0.033,0.0018,0.006200000000000001,0.008799999999999995,0.0131,-0.005780346820809301,-0.05043161035604562
1927-10-01,-3.065649786808161,-3.1202033184512947,-2.6628754017455085,-0.4027743850626522,0.001559337454,0.4138006933362681,0.09436673544656236,0.0308,0.0325,0.0099,0.0017000000000000001,0.0087,-0.004400000000000001,0.005813953488372103,0.06607100061674352
1927-11-01,-3.122543243905227,-3.056965521704212,-2.738217959637492,-0.38432528426773527,0.000929659138,0.37939559053529087,0.08226718587929228,0.0304,0.032,0.0097,0.0016000000000000007,0.008599999999999997,-0.0029000000000000007,0.005780346820809079,0.01691362830952643
1927-12-01,-3.1326669593102214,-3.113803867861922,-2.7669421798515708,-0.36572477945865034,0.0006042040580000001,0.37468858993522675,0.07647110927202432,0.0317,0.0316,0.0072,-9.999999999999593e-05,0.008600000000000003,-0.0004000000000000002,-0.005747126436781436,-0.00970479491479583
1928-01-01,-3.1188940057555414,-3.124003298732349,-2.7413239201531368,-0.37757008560240474,0.0008605259200000002,0.37866962082682915,0.06260145432897886,0.0331,0.0321,-0.0036,-0.0010000000000000009,0.008899999999999998,0.0063,0.0,-0.015922970640580306
1928-02-01,-3.092631200264226,-3.1104324168079502,-2.704291341681525,-0.38833985858270104,0.000691123931,0.3860765992401684,0.05517263387406506,0.0333,0.0318,0.0061,-0.0015000000000000013,0.0087,0.0006999999999999992,0.0,0.09762984337974623
1928-03-01,-3.1869801169732312,-3.0841140191763516,-2.7882889551740218,-0.39869116179920955,0.0013810076760000004,0.3632548379575659,0.054363937199364554,0.0327,0.0317,0.0045,-0.0010000000000000009,0.008600000000000003,-0.0003999999999999993,-0.011560693641618491,0.03193810738612617
1928-04-01,-3.2104305739429475,-3.178534866047978,-2.8008319345531763,-0.40959863938977137,0.0014879602859999995,0.3680952605963238,0.04937206380308211,0.0362,0.0319,-0.0004,-0.004300000000000005,0.0087,0.0018,0.0,0.009054774657396169
1928-05-01,-3.214759309356361,-3.2021805271495007,-2.795243412804587,-0.41951589655177374,0.0018988587559999998,0.3543969792093172,0.04718737582648139,0.039,0.0327,-0.0077,-0.0063,0.009299999999999996,-9.99999999999994e-05,0.0,-0.03802832294741844
1928-06-01,-3.1651103413352613,-3.2064533048696435,-2.7352537801029375,-0.4298565612323235,0.003645476632,0.3702999477111756,0.0502987888519648,0.0392,0.0326,0.0041,-0.006600000000000002,0.009799999999999996,-0.006500000000000001,0.005847953216374213,0.006871274831688957
1928-07-01,-3.1693017120072557,-3.156872758637516,-2.7293774073743142,-0.4399243046329413,0.0016749798640000003,0.36064814814814816,0.05938032978797056,0.0412,0.0344,-0.0217,-0.0068000000000000005,0.0097,0.0207,-0.005813953488371992,0.0646786877491793
1928-08-01,-3.232747345766866,-3.1612528880671054,-2.7836705027155286,-0.44907684305133744,0.001229316929,0.32402978245497277,0.05739890629005309,0.0436,0.0341,0.0076,-0.009500000000000001,0.009700000000000007,0.0007000000000000001,0.0,0.01946524587154752
1928-09-01,-3.24831764752255,-3.2246422992806028,-2.790435378809159,-0.4578822687133908,0.000650464241,0.32816581009352097,0.027980056919657832,0.045700000000000005,0.0346,-0.0041,-0.011100000000000006,0.009799999999999996,0.0071,0.0,0.009652497539000824
1928-10-01,-3.2546798722520296,-3.2402777650116406,-2.7874588847192325,-0.46722098753279695,0.000678845462,0.3089308375634518,0.03401937164018269,0.047,0.0336,0.0158,-0.013400000000000002,0.0097,-0.0075000000000000015,0.011695906432748426,0.11218861547105906
1928-11-01,-3.3600854785928385,-3.2468226889729865,-2.8843765853385652,-0.4757088932542732,0.0015232956979999998,0.2655259390551503,0.038372009574330145,0.0426,0.0338,0.0003,-0.008800000000000002,0.0097,-0.0039,-0.005780346820809301,0.005612841319915041
1928-12-01,-3.355050779026374,-3.3521718956890725,-2.8704483503594855,-0.4846024286668882,0.004077469954,0.2596666666666667,0.06306873832688235,0.0426,0.034,0.0004,-0.008599999999999997,0.009899999999999992,0.008,0.0,0.05059477461734177
1929-01-01,-3.398869091902564,-3.3433547392631824,-2.9122885064846367,-0.4865805854179278,0.0017008226370000003,0.24534660325659036,0.0784486564082896,0.0466,0.0349,-0.009,-0.011700000000000002,0.010099999999999998,0.0133,-0.005813953488371992,-0.008479452185147913
1929-02-01,-3.381463717505205,-3.3873082695014882,-2.892954222061762,-0.48850949544344335,0.0026701165459999997,0.24542389968810055,0.0717831372888786,0.043899999999999995,0.0363,-0.0157,-0.007599999999999996,0.010000000000000002,0.018699999999999998,0.0,-0.0032402449247983488
1929-03-01,-3.3676876027632776,-3.3700350216815824,-2.876600971954538,-0.49108663080873977,0.003611407132000001,0.27230046948356806,0.079804566396668,0.046,0.0377,-0.0144,-0.008300000000000002,0.0109,0.0057,0.0,0.01577664535339174
1929-04-01,-3.3723199951442497,-3.3563880475093444,-2.87940665167523,-0.4929133434690193,0.002304361483,0.26339691189827424,0.09932263288230661,0.048,0.0358,0.0275,-0.012200000000000003,0.011099999999999992,-0.0256,-0.005847953216374324,-0.04654760889263851
1929-05-01,-3.3174131151779016,-3.3611466945461244,-2.8227168733417947,-0.494696241836107,0.004759808363,0.2827746208937157,0.11798666814996976,0.0509,0.0373,-0.0162,-0.013600000000000001,0.010999999999999996,0.0207,-0.005882352941176561,0.10123802268582155
1929-06-01,-3.412850827452387,-3.3063632789913164,-2.9164139411384964,-0.4964368863138911,0.001340380139,0.2535805819387909,0.11619736035933806,0.048,0.0367,0.011,-0.011299999999999998,0.011700000000000009,-0.0156,0.00591715976331364,0.04550893046444713
1929-07-01,-3.4465309229636762,-3.401921756920197,-2.9483941590093683,-0.49813676395430806,0.001281812725,0.24187517975266032,0.11068793963786124,0.0455,0.0369,0.0,-0.008599999999999997,0.011800000000000012,0.002,0.00588235294117645,0.08664452683981522
1929-08-01,-3.5292027813850915,-3.435720006859461,-3.029405488660579,-0.4997972927245124,0.0033821020270000004,0.22112376094444297,0.11527731496068437,0.047,0.0375,-0.0034,-0.009500000000000001,0.012500000000000004,0.0054,0.011695906432748426,-0.05577820085297697
1929-09-01,-3.468391946857843,-3.5185074922683435,-2.966972121378728,-0.5014198254791146,0.003392282425,0.2448682486533702,0.12139011770112267,0.0458,0.0375,0.0027,-0.008300000000000002,0.013200000000000003,0.0006999999999999997,0.0,-0.2105686574784371
1929-10-01,-3.2355776744861324,-3.457809837527306,-2.731935686091567,-0.5036419883945654,0.053507542712,0.30748418704983366,0.1596118359731106,0.0437,0.0347,0.0382,-0.009000000000000001,0.013400000000000009,-0.030899999999999997,0.0,-0.13763493436663843
1929-11-01,-3.0815276337169775,-3.225106374618837,-2.5763428898410723,-0.505184743875905,0.03644874587099999,0.35195647625026155,0.1770397921351953,0.0347,0.0331,0.0236,-0.0016000000000000042,0.012700000000000003,-0.0254,0.0,0.023681693951783538
1929-12-01,-3.0961838528587347,-3.0711648466814307,-2.5894904663776543,-0.5066933864810803,0.010214629578000003,0.3384578235672891,0.16352217212029735,0.030299999999999997,0.034,-0.0089,0.0037000000000000054,0.012800000000000006,0.0281,0.0,0.05652265712155718
1930-01-01,-3.1559566483872836,-3.0953594505037167,-2.683560950405732,-0.472395697981552,0.0014331607769999997,0.314816201242794,0.1533141988653753,0.0339,0.0347,-0.0057,0.0008000000000000021,0.0126,0.0116,-0.005780346820809301,0.02271219798400459
1930-02-01,-3.176302786999981,-3.1550300073943367,-2.7401315120924,-0.4361712749075811,0.0017247059009999999,0.3102061893696285,0.15925562859833145,0.0336,0.0339,0.0129,0.00030000000000000165,0.01199999999999999,-0.0057,-0.005813953488371992,0.06635674758012573
1930-03-01,-3.2523454066516373,-3.175479826352773,-2.8528966467296186,-0.39944875992201867,0.0015040436309999997,0.3191191890947221,0.14549617662007686,0.029500000000000002,0.0335,0.0083,0.004,0.011100000000000006,0.0055,-0.005847953216374324,-0.016133844113988886
1930-04-01,-3.241930723020351,-3.2515231227117907,-2.8805407231958373,-0.36138999982451386,0.001933861666,0.3269705977151452,0.12968089208120492,0.03,0.0338,-0.0016,0.003799999999999998,0.011000000000000003,0.01,-0.005882352941176561,-0.013807230511965746
1930-05-01,-3.224403528573771,-3.2410064610803566,-2.903358953422976,-0.3210445751507953,0.004693439435,0.33191551241502165,0.12492680707446609,0.0241,0.0329,0.0139,0.008799999999999999,0.011200000000000002,-0.008199999999999999,0.00591715976331364,-0.1719615252090956
1930-06-01,-3.0437895685077705,-3.2235826789483664,-2.7638295421499,-0.27996002635787065,0.014447861585000003,0.4033754528585314,0.13100104494235637,0.0189,0.0328,0.0051,0.013900000000000003,0.0121,0.005899999999999999,-0.005882352941176561,0.035984444155191274
1930-07-01,-3.0789704001769915,-3.0429693921238807,-2.8417836751662406,-0.23718672501075116,0.004920445838,0.39018761485533565,0.14055083330216656,0.0183,0.0327,0.0034,0.0144,0.012499999999999997,0.0022,-0.005917159763313529,0.010303416025034024
1930-08-01,-3.085563805859762,-3.078048505105297,-2.8939344843348067,-0.19162932152495543,0.004049926493000001,0.37975210049080776,0.12149495403343429,0.015300000000000001,0.0328,0.0013,0.0175,0.012600000000000007,0.012299999999999998,-0.011904761904761862,-0.1340720638913209
1930-09-01,-2.945380788855969,-3.0847450564536727,-2.8004061690091038,-0.1449746198468653,0.003738406257,0.4455832113225964,0.12720037621036412,0.0177,0.0324,0.0074,0.014699999999999998,0.012300000000000005,0.0034000000000000002,-0.006024096385542244,-0.08828922557942584
1930-10-01,-2.8516165967426623,-2.9445627092521067,-2.755498291049657,-0.09611830569300543,0.012876666363000002,0.4979547313880556,0.12949135796762298,0.0174,0.0324,0.0035,0.015,0.015200000000000005,0.0019000000000000002,0.0060606060606061,-0.021232511572403658
1930-11-01,-2.828613198662547,-2.850697056447984,-2.7848543444689824,-0.043758854193564796,0.007160072127,0.5046708307998452,0.13775286750338017,0.013999999999999999,0.0322,0.0042,0.0182,0.017800000000000003,-0.005399999999999999,-0.006024096385542244,-0.07556130223445304
1930-12-01,-2.7506665032566295,-2.827796538755991,-2.7609230034238186,0.010256500167189108,0.008166329261999998,0.5547454125653177,0.113885891124179,0.0148,0.033,-0.007,0.0182,0.021899999999999996,-0.001999999999999999,-0.0060606060606061,0.056323705996511673
1931-01-01,-2.812065030515869,-2.7643308654506873,-2.8400733647223793,0.02800833420651022,0.005224311614,0.5391520018896894,0.08972212886786528,0.0124,0.0343,-0.0121,0.021899999999999996,0.019900000000000008,0.0324,-0.018292682926829062,0.10480928418949978
1931-02-01,-2.9343009170996464,-2.8260235904868964,-2.980785967088283,0.04648504998863674,0.002884626289,0.47966796259325417,0.0825435750229873,0.0106,0.0338,0.0085,0.0232,0.019499999999999997,-0.001700000000000001,-0.012422360248447228,-0.07272963863787327
1931-03-01,-2.8766851413918313,-2.948350691335129,-2.9426431091836287,0.06595796779179736,0.004168751837,0.5291250870271524,0.07398015422463762,0.0138,0.0332,0.0104,0.0194,0.020500000000000004,-0.0009999999999999992,-0.012578616352201366,-0.09836289615584541
1931-04-01,-2.7901576631692486,-2.890935128063235,-2.8765512022775326,0.08639353910828357,0.006709265743000001,0.6032144983133806,0.07778101276284391,0.0149,0.0327,0.0086,0.0178,0.02319999999999999,-0.0018999999999999998,-0.006369426751592355,-0.1490214848019686
1931-05-01,-2.6571775020649273,-2.8047231380642614,-2.764937575504262,0.10776007343933452,0.006910695413,0.7099486221391873,0.0713815383020233,0.0088,0.0317,0.0145,0.022899999999999997,0.027800000000000005,-0.0011000000000000003,-0.0064102564102563875,0.1359071653625181
1931-06-01,-2.802012671807667,-2.6718471524382497,-2.9323744896709107,0.13036181786324355,0.023332949589999995,0.6072712744706352,0.06375859740185338,0.0055000000000000005,0.0319,0.0004,0.026399999999999996,0.03,0.0048,-0.012903225806451535,-0.07906419064174773
1931-07-01,-2.739831792376055,-2.8169007287460164,-2.89402006548164,0.15418827310558464,0.007039256351999999,0.6736095723465545,0.03400737758647654,0.0040999999999999995,0.0325,-0.0042,0.0284,0.027200000000000002,0.009399999999999999,-0.013071895424836666,0.007448944570508118
1931-08-01,-2.764483133324207,-2.7550593593423294,-2.9437177386014577,0.17923460527725038,0.004542039838000001,0.6541854960189369,0.020158279783492435,0.0042,0.0326,0.0012,0.028399999999999998,0.030699999999999998,0.0,0.0,-0.33922058650423037
1931-09-01,-2.423979172037817,-2.779829883496341,-2.629831226241966,0.2058520542041488,0.023458994588999995,0.9440016561432564,0.03037188747317089,0.0045000000000000005,0.0353,-0.0281,0.030799999999999998,0.03520000000000001,0.0267,0.0,0.07293659990865037
1931-10-01,-2.5206371644797896,-2.439565120637139,-2.7547058927430093,0.23406872826321973,0.04250195546,0.8771761084928346,0.011271186406309268,0.017,0.0385,-0.033,0.0215,0.040499999999999994,-0.0032999999999999974,-0.0066225165562913135,-0.10806958268710187
1931-11-01,-2.4336533562004714,-2.53658988373986,-2.6975789012349147,0.26392554503444354,0.011434543961999999,0.9715564077980186,0.003398226196900385,0.0177,0.0385,0.0027,0.0208,0.039899999999999984,-0.0216,-0.006666666666666599,-0.14918549979246534
1931-12-01,-2.292781092897425,-2.4497427373303338,-2.5886264759883666,0.29584538309094177,0.021195349347000007,1.170731707317073,-0.012921001328220827,0.0241,0.0407,-0.022,0.0166,0.051,-0.006600000000000002,-0.0134228187919464,-0.021279383131796347
1932-01-01,-2.297149953531963,-2.3258839728477665,-2.5876512405753225,0.29050128704335965,0.017376784498999997,1.1913781841933377,-0.011577435228515986,0.0248,0.039,0.0034,0.0142,0.0393,-0.0086,-0.006802721088435382,0.04989747882638351
1932-02-01,-2.3807096575644917,-2.3312558232750713,-2.6654830475079736,0.2847733899434819,0.026715250608000007,1.119842829076621,-0.015727669163847255,0.0242,0.0367,0.0413,0.012500000000000004,0.03639999999999998,-0.0651,-0.020547945205479423,-0.12819081811939484
1932-03-01,-2.290348366545609,-2.416155061931125,-2.5690617690146293,0.27871340246902043,0.013408922083000001,1.1858624454148472,-0.008415511690829039,0.0225,0.037,-0.0018,0.014499999999999999,0.0385,0.0374,-0.013986013986014068,-0.2308836978167011
1932-04-01,-2.1008701900605455,-2.327096463459832,-2.373110625787061,0.2722404357265151,0.019851412741,1.5537278741283749,-0.015474679195340704,0.0111,0.0336,0.0604,0.0225,0.052900000000000016,-0.078,-0.007092198581560294,-0.26472553498281415
1932-05-01,-1.8732461719809836,-2.1388747637179075,-2.138512561118271,0.2652663891372872,0.023183792311999997,1.942333482342423,-0.03405080499708999,0.0031,0.0349,-0.0188,0.0318,0.0564,0.0295,-0.0071428571428571175,0.0025641961400000063
1932-06-01,-1.90391502801871,-1.9129038525871431,-2.16174413732081,0.25782910930209985,0.03430258322199999,2.0284780578898225,-0.04068837125607344,0.0034000000000000002,0.0347,0.0065,0.0313,0.0559,-0.0073999999999999995,-0.014388489208633115,0.3303252208202877
1932-07-01,-2.265099806639018,-1.9452106195167969,-2.51492654192171,0.249826735282692,0.020110578496999997,1.6125440712562629,-0.029176136077137798,0.0022,0.032,0.0481,0.0298,0.055299999999999995,-0.0438,-0.007299270072992692,0.3375848548892228
1932-08-01,-2.626761364513,-2.3080096152131504,-2.867908437250472,0.2411470727374721,0.040019305911999994,1.1878075451066157,-0.015063687528009469,0.0014000000000000002,0.0321,0.0003,0.030699999999999998,0.033100000000000004,0.0433,0.0,-0.030270622055207974
1932-09-01,-2.6341190479746763,-2.6717676959207872,-2.8659206620320004,0.23180161405732413,0.043298566157,1.214365567356065,0.0007043779974883293,0.0003,0.0319,0.0057,0.031599999999999996,0.0291,0.024399999999999998,-0.007352941176470562,-0.15343158231108844
1932-10-01,-2.5320344034244013,-2.681246801611077,-2.7536880115774576,0.22165360815305624,0.03564475848799999,1.4038772213247175,-0.0028741334037648814,0.0001,0.0322,-0.0017,0.0321,0.03230000000000001,0.0091,-0.007407407407407418,-0.05384129198518059
1932-11-01,-2.520589202139954,-2.581303626839122,-2.7311391384353434,0.2105499362953892,0.023316603119999998,1.5421472937000889,-0.003322150805389706,0.0001,0.0322,0.0032,0.0321,0.0361,0.0040999999999999995,-0.007462686567164201,0.05964800740343668
1932-12-01,-2.6232182655855123,-2.5726122302071057,-2.8216692043093508,0.19845093872383834,0.010223098855,1.44208430136077,-0.005032479902124765,0.0004,0.0315,0.0131,0.0311,0.0383,0.0007999999999999986,-0.007518796992481258,0.013741764315067618
1933-01-01,-2.64049929093216,-2.633268601439014,-2.8228208477261143,0.18232155679395468,0.005916608936999998,1.426929392446634,-0.006490712709913066,0.0007000000000000001,0.0308,0.0148,0.030100000000000002,0.0357,0.0399,-0.007575757575757569,-0.19761201454605606
1933-02-01,-2.446773780092556,-2.6506516623961778,-2.6129006509665302,0.16612687087397404,0.015666928171999998,1.6909904650710257,-0.005817823359429538,0.0001,0.0325,-0.0258,0.0324,0.03889999999999999,-0.0265,-0.015267175572518998,0.03749972860264606
1933-03-01,-2.490048049288419,-2.4570302802597457,-2.639912395934992,0.149864346646573,0.037454110987999986,1.4765342960288808,-0.021883809986205545,0.0134,0.0321,0.0097,0.018699999999999994,0.042300000000000004,-0.005,-0.015503875968992276,0.34564369343801843
1933-04-01,-2.852631429913318,-2.500410836323965,-2.9861628225378403,0.13353139262452263,0.029151225522,1.119015047879617,-0.006369297512429956,0.0045000000000000005,0.0325,-0.0032,0.028,0.04339999999999999,-0.0063,-0.007874015748031482,0.16071161956772081
1933-05-01,-3.01036158356995,-2.8631027297806133,-3.127486940807363,0.11712535723741269,0.01196383281,0.9283849733287936,-0.003001642724204294,0.0029,0.0308,0.0303,0.0279,0.031099999999999996,0.028499999999999998,0.0,0.12863113359699815
1933-06-01,-3.144702384123012,-3.020943692900487,-3.2453459099026993,0.10064352577968738,0.019819362466,0.8335031587528021,0.0007609173912244441,0.0007000000000000001,0.0306,0.005,0.0299,0.026099999999999998,0.013999999999999999,0.0,-0.08874271073433317
1933-07-01,-3.063290424565282,-3.1553976732397597,-3.1473735417758237,0.08408311721054151,0.032868097437999996,0.9011788035694612,0.002713484116920647,0.0019,0.0309,-0.0017,0.029,0.022599999999999995,0.0178,0.007936507936507908,0.11594589979003272
1933-08-01,-3.182572590861272,-3.0741013406694977,-3.2500138716568046,0.06744128079553269,0.011878964091000001,0.7987501220583927,0.0021472240403020404,0.0001,0.0308,0.0044,0.0307,0.0247,0.004899999999999999,0.03149606299212593,-0.12581422468776052
1933-09-01,-3.0728967941902616,-3.193501661393462,-3.123611886769278,0.05071509257901652,0.014249909073999999,0.8679966044142615,-0.0004584901121342034,0.0004,0.0308,0.0023,0.0304,0.0291,-0.0037,0.007633587786259444,-0.09509552431231673
1933-10-01,-2.9912779232046107,-3.083946630376847,-3.025179474880292,0.03390155167568132,0.027675770355000004,0.927858439201452,0.0034629660224480404,0.0009,0.0315,-0.0091,0.0306,0.03150000000000001,0.0131,0.0,0.10285558128763211
1933-11-01,-3.100193508575673,-3.0024512238027357,-3.1171910849442446,0.016997576368571132,0.009581576110999999,0.8335031587528021,0.005923477419059471,0.0022,0.0327,-0.0149,0.0305,0.03440000000000001,-0.009899999999999999,0.0,0.026143951336934736
1933-12-01,-3.133515975917044,-3.1114930638296068,-3.133515975917044,0.0,0.005590569861,0.8290260464173507,0.0061958281068512245,0.0029,0.0336,-0.0113,0.030699999999999998,0.0325,0.037,0.0,0.10838412584502191
1934-01-01,-3.2323956342245412,-3.131699444990646,-3.224711980602919,-0.007683653621622155,0.006638909922000001,0.7629173661630293,0.0035583230844539156,0.0072,0.0321,0.0257,0.0249,0.0266,0.0,0.0,-0.03359131703239309
1934-02-01,-3.1929599151132946,-3.2303559734607656,-3.178128182554382,-0.014831732558913013,0.005567284667000001,0.7906437270442683,0.005594944337254493,0.0062,0.0317,0.0081,0.0255,0.02069999999999999,0.006500000000000001,0.0,0.005140732966836563
1934-03-01,-3.1902205691078245,-3.1911503692677914,-3.1678732704158277,-0.022347298691996698,0.006372524620999999,0.8025122121423587,0.009606328058943046,0.0024,0.0307,0.0197,0.028300000000000002,0.021300000000000006,-0.0009999999999999974,0.007575757575757791,-0.02592049341485282
1934-04-01,-3.161066995867906,-3.1884142918048006,-3.131287017427961,-0.029779978439945398,0.001899187354,0.8010747338043587,0.007828796728237804,0.0015,0.03,0.0126,0.028499999999999998,0.0194,-0.0022000000000000006,0.0,-0.08184924131630737
1934-05-01,-3.0742845905040115,-3.1590388261585867,-3.0375953925826567,-0.0366891979213545,0.007363200412,0.8563829787234043,0.007652303605651496,0.0016,0.0292,0.0131,0.0276,0.0204,-0.004100000000000001,0.0,0.02369465356538397
1934-06-01,-3.0930832703931683,-3.072485219798098,-3.0491201469720526,-0.04396312342111608,0.006894644965999997,0.8407310704960835,0.0059827799657326325,0.0015,0.0289,0.0067,0.027399999999999997,0.021299999999999993,0.0091,0.0,-0.127758381820932
1934-07-01,-2.9689063867026273,-3.0912871316076402,-2.9177476908750752,-0.05115869582755195,0.011531330891,0.9142532651902329,0.0029078413041202233,0.0015,0.0288,0.004,0.027299999999999998,0.022399999999999996,0.0007000000000000001,0.007518796992481258,0.05689451651947505
1934-08-01,-3.0196219299114944,-2.966889579296323,-2.961779721357365,-0.05784220855412936,0.006501447164000001,0.8668964031875942,0.019956903496031797,0.0019,0.0299,-0.0118,0.028,0.025599999999999998,0.0165,0.0,-0.0003160183316930676
1934-09-01,-3.0123531547900315,-3.017832620554657,-2.9474655325841566,-0.06488762220587485,0.004830818599,0.8703643637149963,0.019439017156694893,0.0021,0.031,-0.0146,0.0289,0.026100000000000012,0.0085,0.0,-0.033308338724313054
1934-10-01,-2.9781800677688315,-3.0105670413435477,-2.90632120529405,-0.07185886247478135,0.004358161046000002,0.8622536418166238,0.02389727141925519,0.0027,0.03,0.0182,0.027299999999999998,0.025,-0.008,0.014925373134328401,0.08245555284418002
1934-11-01,-3.055780541578044,-2.976174496065937,-2.97745174787426,-0.0783287937037841,0.002025305206,0.7820089372449971,0.020711038517711416,0.0025,0.0299,0.0037,0.0274,0.02510000000000001,0.0092,-0.007352941176470562,-0.0007812269861608848
1934-12-01,-3.049799494824267,-3.054001181677967,-2.96464168648396,-0.08515780834030684,0.002608945583,0.7737408688965782,0.02081271566757671,0.0023,0.0293,0.0112,0.027,0.0242,-0.0011000000000000003,0.0,-0.043391703421516124
1935-01-01,-3.006782109740576,-3.049799494824267,-2.7703933316763454,-0.2363887780642303,0.0022136038419999994,0.7916215950437605,0.02099742928439618,0.002,0.0281,0.0182,0.026099999999999998,0.02210000000000001,0.0029,-0.007407407407407418,-0.03773571353177055
1935-02-01,-2.9664178858852157,-3.006782109740576,-2.598693105759898,-0.3677247801253174,0.003279981949,0.7862863840593867,0.014708641484959453,0.0019,0.0275,0.0092,0.0256,0.022600000000000002,0.0049,0.014925373134328401,-0.0320592961352921
1935-03-01,-2.9350382048817347,-2.9664178858852157,-2.4512412535036634,-0.4837969513780714,0.003972861679999999,0.8007541178805319,0.012045955908095339,0.0015,0.0274,0.0041,0.0259,0.025300000000000003,0.00019999999999999966,0.007352941176470562,0.0920169099061666
1935-04-01,-3.033803475235021,-2.9424724371008746,-2.5066935634443706,-0.5271099117906504,0.003162168495,0.7373229785290086,0.01909368788956825,0.0015,0.0269,0.0079,0.0254,0.0247,0.003299999999999999,0.0,0.037325839090048954
1935-05-01,-3.073111690297198,-3.0412956451125384,-2.5038749780268166,-0.5692367122703816,0.0028776616859999995,0.7293926247288504,0.019298040691548567,0.0015,0.0276,-0.0057,0.026099999999999998,0.022900000000000004,0.009899999999999999,0.007299270072992803,0.06805666028862126
1935-06-01,-3.1463051320333655,-3.0806581440525993,-2.536045611279188,-0.6102595207541777,0.002810457541,0.6818181818181819,0.01934397663301479,0.0015,0.027,0.0092,0.0255,0.021599999999999994,0.002,0.0,0.08038630657856936
1935-07-01,-3.2261222333889683,-3.1463051320333655,-2.6366539024720197,-0.5894683309169483,0.001680048419,0.6393091974966332,0.017409774693289512,0.0015,0.0268,0.0046,0.0253,0.0211,0.006500000000000001,-0.007246376811594346,0.026122178921777223
1935-08-01,-3.247551624844867,-3.2261222333889683,-2.6793146646810797,-0.568236960163787,0.0037749858980000005,0.6336866902237928,0.004981615097488259,0.0016,0.0281,-0.0133,0.0265,0.019799999999999998,0.0091,0.0,0.025105656694675033
1935-09-01,-3.2711232094214906,-3.247551624844867,-2.7245795030534206,-0.5465437063680699,0.002428823758,0.6117343844754397,0.008026621087926449,0.002,0.0282,0.0009,0.0262,0.0194,-0.0009,0.0,0.06924228210403204
1935-10-01,-3.321031209577079,-3.248650353569432,-2.7969603590610674,-0.5240708505160113,0.0032591933199999997,0.5775010734220696,0.002950727076156689,0.002,0.0279,0.0061,0.0259,0.020199999999999996,-0.0019000000000000006,0.0,0.05043895033542105
1935-11-01,-3.337624577644543,-3.2990523028583034,-2.835532633847307,-0.502091943797236,0.003149682571,0.5669523675706056,0.0022194292213505214,0.0016,0.028,0.001,0.0264,0.019599999999999992,0.0059,0.0,0.03901205840353741
1935-12-01,-3.3525135948131792,-3.3161183724235794,-2.8719278562369066,-0.4805857385762725,0.0028973664429999993,0.5599111912856449,0.0086888345696463,0.0015,0.0276,0.007,0.026099999999999998,0.0186,0.0013,0.007299270072992803,0.06926933894906545
1936-01-01,-3.39492776864856,-3.331460185615347,-2.9223233577027674,-0.4726044109457929,0.001867159052,0.5398354404976922,0.008907728089585155,0.002,0.0285,0.0055,0.026500000000000003,0.016300000000000002,0.002700000000000001,0.0,0.022112471397778267
1936-02-01,-3.3909408814949664,-3.3743084814458246,-2.926052352916001,-0.4648885285789652,0.002222593541,0.529076247295614,0.013760453503580338,0.002,0.0281,0.0081,0.026099999999999998,0.0148,-0.0026999999999999993,0.0,0.023544866526137395
1936-03-01,-3.3958497753355603,-3.370738174177447,-2.938424928296685,-0.4574248470388754,0.005004479815999999,0.5276960470768837,0.013456037056592278,0.002,0.0275,0.0106,0.025500000000000002,0.015700000000000006,-0.0023999999999999994,0.0,-0.08096328057424777
1936-04-01,-3.2828490253164357,-3.363059307351487,-2.820943251464402,-0.4619057738520339,0.005760772103000001,0.5663485961419648,0.019252871028399794,0.002,0.0274,0.0035,0.0254,0.016200000000000006,-0.0009000000000000002,-0.007246376811594346,0.05154391285014604
1936-05-01,-3.2958374910045243,-3.251101597163133,-2.82974713607973,-0.46609035492479467,0.002907937903,0.5404874213836478,0.018627594287330487,0.002,0.0273,0.004,0.025300000000000003,0.016700000000000007,0.0,0.0,0.03172376798282856
1936-06-01,-3.2951632384948546,-3.2650652073375754,-2.8251596092491194,-0.4700036292457355,0.0015684950820000002,0.5231783879764094,0.020813450096393838,0.002,0.0273,0.0021,0.025300000000000003,0.016599999999999997,0.006100000000000001,0.0,0.0707703129992495
1936-07-01,-3.3252884184768305,-3.2594451558927755,-2.868530015981116,-0.45675840249571503,0.0015685530470000006,0.5004246026931942,0.021746988222569832,0.0015,0.0271,0.006,0.025599999999999998,0.016099999999999996,-0.0049,0.007299270072992803,0.013825205658202926
1936-08-01,-3.299596268928235,-3.2908022424056615,-2.855345135784914,-0.444251133143321,0.0026195074359999996,0.49612123398881475,0.019666034434026963,0.002,0.0264,0.0111,0.024399999999999998,0.015300000000000008,-0.0044,0.007246376811594235,0.004705440378151759
1936-09-01,-3.2675098488234036,-3.266259848660643,-2.835088930726711,-0.4324209180966926,0.001183758701,0.49159814086521275,0.021398482974673366,0.0016,0.0268,-0.0031,0.0252,0.014399999999999996,0.0098,0.007194244604316502,0.07331160005892681
1936-10-01,-3.2814144103525362,-3.2091373271377117,-2.8793918170716024,-0.4020225932809337,0.0022244051480000003,0.46570702794242164,0.021804227023902535,0.0013,0.0269,0.0006,0.0256,0.013600000000000001,0.0019000000000000002,0.0,0.010509524480857882
1936-11-01,-3.2303227466986995,-3.2262635935462383,-2.8562390870972325,-0.3740836596014673,0.0028304003639999993,0.45027835389149656,0.022840762004661886,0.0011,0.0257,0.0205,0.0246,0.013699999999999997,-0.009600000000000001,0.0,-0.003837353231255177
1936-12-01,-3.1722499835281455,-3.1780538303479458,-2.8239432892599297,-0.3483066942682158,0.001498374538,0.45858810450250137,0.025224721571867965,0.0012,0.0255,0.0038,0.0243,0.0143,-0.0028,0.0,0.0358924359297139
1937-01-01,-3.195593176714749,-3.15845666139581,-2.8320922677056166,-0.3635009090091323,0.0015725492190000001,0.44657356284507954,0.025003249582512287,0.0017000000000000001,0.0258,-0.0013,0.0241,0.013900000000000003,0.0036999999999999997,0.0,0.0181142853301899
1937-02-01,-3.1964643921911255,-3.1819875246589704,-2.8183982582710754,-0.37806613392005,0.0013067888959999998,0.4407757653470108,0.025207677382825134,0.0015,0.0253,0.0086,0.023799999999999998,0.0131,-0.0132,0.0071428571428571175,-0.0036171730257704457
1937-03-01,-3.173599479998565,-3.1830413718589847,-2.7815573922225414,-0.3920420877760238,0.0031144795049999996,0.4586663805589829,0.03350682927712747,0.0038,0.0285,-0.0411,0.0247,0.013599999999999994,0.029699999999999997,0.0,-0.08438398450065723
1937-04-01,-3.0475702913476765,-3.134378766845284,-2.676891299324928,-0.37067899202274873,0.005466779409,0.4906180065415734,0.028107264356390372,0.005600000000000001,0.0284,0.0039,0.0228,0.014199999999999997,0.0029,0.007092198581560183,-0.006315121335906206
1937-05-01,-2.9994291354353173,-3.0098299633648296,-2.648946161744506,-0.35048297369081116,0.0035930723120000006,0.4893824051284986,0.028278063102959185,0.0040999999999999995,0.0282,0.0053,0.0241,0.015099999999999995,-0.0013,0.007042253521126751,-0.05560444137615866
1937-06-01,-2.9087208965643616,-2.9630614912644426,-2.577363760609919,-0.3313571359544425,0.0029841705610000003,0.5049610205527995,0.031266166536589174,0.0036,0.0285,-0.0018,0.024900000000000002,0.0165,0.0071,0.006993006993006867,0.09409253111598788
1937-07-01,-3.0345600368314933,-2.9368913653678757,-2.6608851157025533,-0.3736749211289402,0.0029822171400000004,0.4646486603988914,0.027224932048796318,0.0028000000000000004,0.0277,0.0138,0.0249,0.016600000000000004,-0.009899999999999999,0.0,-0.052739313532547814
1937-08-01,-3.00659782359125,-3.063548402036083,-2.5899928888486277,-0.4166049347426226,0.0021407943970000003,0.4819345020010146,0.03106441276767244,0.0029,0.0286,-0.0104,0.0257,0.016799999999999995,0.0087,0.00694444444444442,-0.15076942417859301
1937-09-01,-2.8831305966396052,-3.036450366572776,-2.422914973760032,-0.4602156228795727,0.015821146422,0.5531474412887365,0.03584672562597647,0.0031,0.0284,0.0045,0.025300000000000003,0.018800000000000004,-0.0019999999999999996,0.0,-0.10858952297980204
1937-10-01,-2.7629268113280445,-2.8702271918036972,-2.340512144906107,-0.4224146664219376,0.031722240730000004,0.6174176776429809,0.040958563617450344,0.002,0.0283,0.0042,0.026299999999999997,0.0225,0.0025000000000000005,0.006896551724137945,-0.08825444627536408
1937-11-01,-2.6435679371726084,-2.7501877855506147,-2.2594255985332654,-0.38414233863934305,0.021973391515999998,0.6924198250728862,0.04203080741145561,0.0009,0.0278,0.0096,0.026899999999999997,0.025799999999999997,-0.002899999999999999,0.0,-0.04691133028372228
1937-12-01,-2.579269411236285,-2.6309891549657483,-2.2339082271978263,-0.34536118403845883,0.006954962504999999,0.7074886222589988,0.031775399951307855,0.0011,0.0273,0.0082,0.0262,0.025200000000000007,-0.0015000000000000005,-0.006849315068493178,0.012089625089021845
1938-01-01,-2.6008209461898355,-2.587638081074957,-2.2954357805000587,-0.3053851656897771,0.009751241304,0.7015672437843603,0.03880172190010488,0.001,0.0271,0.0057,0.026099999999999998,0.027199999999999995,-0.0019000000000000002,-0.006896551724137945,0.06368534478611174
1938-02-01,-2.6682865442014734,-2.609258970938821,-2.4052742827029054,-0.26301226149856805,0.007772490742000002,0.6595186670780624,0.03224778047710266,0.0008,0.0268,0.0052,0.026000000000000002,0.027699999999999995,-0.0042,-0.01388888888888895,-0.293071775026762
1938-03-01,-2.3885275227947704,-2.676797657598106,-2.1705253709809793,-0.21800215181379104,0.015067942033,0.8923698837796866,0.03384524940287837,0.0008,0.0273,-0.0037,0.026500000000000003,0.0308,-0.004999999999999999,-0.007042253521126751,0.13326500878233358
1938-04-01,-2.5378286164598283,-2.405768894446762,-2.373789908289595,-0.1640387081702333,0.018892724741,0.7907934802077736,0.02716085232652407,0.0009,0.0259,0.021,0.024999999999999998,0.03169999999999999,-0.0072000000000000015,0.0,-0.040793869915755565
1938-05-01,-2.5100312974396526,-2.555373803371226,-2.4051125166958855,-0.10491878074376715,0.007651433958999999,0.8195656209392983,0.029977327213493585,0.0005,0.0257,0.0044,0.0252,0.028399999999999995,-0.0034000000000000002,0.007092198581560183,0.2259547960601717
1938-06-01,-2.748655956028153,-2.5278884723616852,-2.708915627378639,-0.0397403286495141,0.011809308759999996,0.6595458619659397,0.016744545465353516,0.0005,0.0259,0.0004,0.0254,0.029900000000000003,0.0091,-0.007042253521126751,0.07217691594495441
1938-07-01,-2.8555033995351695,-2.7853577901684097,-2.846200539583027,-0.009302859952142306,0.006829875557999999,0.6253541076487252,0.017055514732613217,0.0007000000000000001,0.0257,0.0043,0.025,0.024099999999999996,0.0023,0.0,-0.026242337794399915
1938-08-01,-2.8658000117288838,-2.8936022930408356,-2.8903717578961645,0.024571746167280695,0.005981568384000001,0.6340202484382853,0.014308272816802973,0.0006,0.0259,0.0,0.0253,0.023100000000000002,-0.0019,0.0,0.01659027150480445
1938-09-01,-2.920224721045846,-2.905409635260705,-2.98274507802718,0.06252035698133401,0.017046706359,0.6242488511841641,0.011896174152456805,0.0008,0.0259,0.0022,0.0251,0.024400000000000005,0.0087,0.0,0.07589761922613174
1938-10-01,-3.0722378375699697,-2.99900559889896,-3.0452814956666896,-0.02695634190328039,0.004404430382000001,0.5819547881104594,0.00793259740487636,0.0005,0.0254,0.0087,0.0249,0.0221,-0.0006999999999999992,0.0,-0.025956343521700478
1938-11-01,-3.1237799078222572,-3.157760011008132,-3.000720341380958,-0.12305956644129923,0.004644167815,0.5893739153651048,0.008535267197949673,0.0004,0.0257,-0.0022,0.0253,0.021300000000000006,0.005900000000000001,-0.007092198581560294,0.04383505070402676
1938-12-01,-3.2543186717979995,-3.2173059658330807,-3.0272612211626533,-0.22705745063534616,0.0022909395440000005,0.5720393884426016,0.005721712650159599,0.0003,0.0252,0.008,0.0249,0.021899999999999996,0.004200000000000001,0.0,-0.07301492192451725
1939-01-01,-3.176429783971804,-3.247804640127666,-2.92007741482277,-0.2563523691490342,0.007295496134,0.614218141346689,-0.0036013643336836945,0.0003,0.0249,0.0059,0.024599999999999997,0.021100000000000004,-0.0036999999999999997,0.0,0.0384397170935856
1939-02-01,-3.201958706040418,-3.1699559749542443,-2.91750781389439,-0.2844508921460277,0.003291643903,0.5994568906992531,0.0006149354283230997,0.0003,0.0245,0.008,0.0242,0.020499999999999997,-0.0015999999999999999,0.0,-0.14471885204212614
1939-03-01,-3.0500019034880483,-3.1955284608712096,-2.7385657450281604,-0.3114361584598879,0.008538703145,0.6606492718446602,-0.001260685612704563,0.0003,0.0237,0.0125,0.023399999999999997,0.018999999999999996,-0.0103,-0.0071428571428571175,-0.0066329494525374484
1939-04-01,-3.03813327656753,-3.0436127423321553,-2.7098829234683803,-0.3282503530991499,0.009203292291,0.678454587942047,-0.0018831933403465869,0.0003,0.0229,0.0118,0.0226,0.021300000000000003,-0.005399999999999999,0.0,0.06714454905249112
1939-05-01,-3.092191906830361,-3.0317827790348013,-2.747616249738995,-0.344575657091366,0.0035590914929999992,0.6303372412794904,-0.0023543238437565488,0.0003,0.0217,0.0171,0.0214,0.021,-0.0122,-0.007194244604316502,-0.06390278685308173
1939-06-01,-3.0199645869417586,-3.0858833705482884,-2.6595231602075495,-0.3604414267342092,0.003202342791,0.666768736124933,-8.635190991709026e-05,0.0003,0.0221,-0.0027,0.0218,0.019900000000000004,0.006200000000000001,0.0,0.10553949963923784
1939-07-01,-3.1044205793044917,-3.001272453929606,-2.7409780317867183,-0.3634425475177737,0.004304609179000001,0.6079854809437386,-0.0015621881390211053,0.0004,0.0213,0.0113,0.0209,0.019499999999999997,-0.011999999999999999,0.0,-0.06984081564848613
1939-08-01,-3.0119634684825733,-3.086071440636295,-2.645638688879835,-0.36632477960273846,0.007137243130000001,0.6480172606204895,-0.003006525264182662,0.0005,0.0231,-0.0201,0.0226,0.01919999999999999,-0.0191,0.0,0.16640293780654852
1939-09-01,-3.1463051320333655,-2.9939449629798953,-2.777207668096076,-0.3690974639372895,0.015683907085,0.5800479488545551,-0.0021095515547625964,0.0014000000000000002,0.0278,-0.0545,0.0264,0.0175,0.0696,0.0,-0.017031211219930634
1939-10-01,-3.0965133540692173,-3.1112138122220956,-2.726139565772323,-0.3703737882968944,0.0018467448110000002,0.5734790624176982,-0.0018527882055730635,0.0005,0.0247,0.041,0.0242,0.017299999999999996,-0.017300000000000003,0.021739130434782483,-0.041376314794020944
1939-11-01,-3.0122615755052013,-3.062611802393536,-2.6406980190727185,-0.37156355643248307,0.001284237624,0.5978447388290205,-0.001699136709486665,0.0005,0.0236,0.0162,0.0231,0.018499999999999996,-0.008299999999999998,-0.007092198581560294,0.02778733120019933
1939-12-01,-3.002964125080486,-2.9794717526822105,-2.6302888397953126,-0.3726752852851735,0.0010730021270000003,0.5807053803586905,0.0025507840509365943,0.0004,0.0226,0.0145,0.022199999999999998,0.0198,-0.006700000000000001,0.0,-0.036588261097592126
1940-01-01,-2.9617390524977796,-2.997602716698602,-2.5616353527714995,-0.4001036997262803,0.001478045612,0.5993256726071698,0.007772705196994726,0.0001,0.0229,-0.0017,0.0228,0.019800000000000005,0.0066,0.0,0.01305343204280213
1940-02-01,-2.963021702867459,-2.956404639848164,-2.536503717476214,-0.4265179853912446,0.000489505836,0.5943769619216596,0.004840261878062444,0.0002,0.0228,0.0027,0.022600000000000002,0.019700000000000002,-0.0006000000000000003,-0.0071428571428571175,0.013469872567890817
1940-03-01,-2.967561396587295,-2.9577171825525177,-2.5155762728442377,-0.4519851237430572,0.000709111766,0.6479598752880574,0.005678708849420023,0.0002,0.0215,0.0177,0.0213,0.019600000000000003,-0.0128,0.007194244604316502,-0.004488056274561433
1940-04-01,-2.952124466542679,-2.957034460040235,-2.493968089521716,-0.45815637702096335,0.0011922769959999998,0.6440746479822138,0.00584866579831084,0.0002,0.022,-0.0035,0.0218,0.019200000000000005,-0.0057,0.0,-0.2630886716159694
1940-05-01,-2.667876183463928,-2.941708747379345,-2.203721363981063,-0.4641548194828655,0.018668567642,0.8225778695577353,0.006610185171324971,0.0006,0.0246,-0.0299,0.024,0.020100000000000003,0.0278,0.0,0.07976728513284573
1940-06-01,-2.731366006415827,-2.6575662956702177,-2.2613623771700917,-0.4700036292457356,0.009797017356000002,0.7832213665410453,0.006369790659172166,0.001,0.0227,0.0258,0.0217,0.021500000000000005,-0.0137,0.0,0.03245431622100965
1940-07-01,-2.7517507881500864,-2.721161328627501,-2.279215975477216,-0.4725348126728701,0.001323675414,0.7578880608847312,0.008109189272084073,0.0005,0.0224,0.0052,0.0219,0.019200000000000002,-0.0031,0.0071428571428571175,0.03490811229693182
1940-08-01,-2.7675514307225133,-2.741650702290356,-2.292531632145427,-0.4750197985770862,0.0035608428109999996,0.7417752948479205,0.009086462570141656,0.0004,0.0223,0.0028,0.0219,0.019099999999999995,-0.0021,-0.007092198581560294,0.01412083013956876
1940-09-01,-2.7669759853348235,-2.7575508448752406,-2.2895373776015697,-0.47743860773325364,0.0029438369340000006,0.7207478890229192,0.00964693878972165,0.0005,0.0215,0.011,0.020999999999999998,0.018400000000000003,-0.0017999999999999995,0.0,0.040631256330883235
1940-10-01,-2.805619247916263,-2.7669759853348235,-2.337483032845323,-0.4681362150709401,0.0014650609,0.710199836564891,0.009414832641145808,0.0002,0.0214,0.0031,0.0212,0.017699999999999994,0.0018,0.0,-0.02987278152788208
1940-11-01,-2.7622745192230167,-2.805619247916263,-2.3035280445019155,-0.4587464747211011,0.005914211049,0.7352149503960624,0.010157652453725045,0.0002,0.0199,0.0205,0.019700000000000002,0.017300000000000006,-0.0142,0.0,0.0029227246760503115
1940-12-01,-2.7594429930272786,-2.7622745192230167,-2.3101752622607212,-0.4492677307665573,0.0005078424350000001,0.7290475101044764,0.0125891885219032,0.0002,0.0194,0.0067,0.019200000000000002,0.017400000000000006,-0.009000000000000001,0.0,-0.0465252542677145
1941-01-01,-2.7050759790350947,-2.754480698734777,-2.257604132361729,-0.44747184667336576,0.0018551122819999999,0.7701603157979537,0.010853413978018157,0.0002,0.0213,-0.0201,0.0211,0.0163,0.0207,0.0071428571428571175,-0.004640212097909894
1941-02-01,-2.685128924300479,-2.7001367097341684,-2.239430467506545,-0.445698456793934,0.0027518139709999997,0.783799294908584,0.010770234176767136,0.0004,0.0213,0.002,0.0209,0.016399999999999998,-0.0014000000000000002,0.0,0.00873288004842667
1941-03-01,-2.684239552408491,-2.6802154021087663,-2.240308163472531,-0.44393138893596046,0.0013646263550000002,0.8042698826597132,0.010060575017632082,0.0011,0.0206,0.0096,0.0195,0.0158,-0.0118,0.0,-0.06406738501491341
1941-04-01,-2.611862074611766,-2.679350054919297,-2.163430442815161,-0.44843163179660483,0.001767100741,0.8542496105244937,0.010481534762011597,0.001,0.0196,0.0129,0.0186,0.015099999999999999,-0.0051,0.007092198581560183,0.013097847469175389
1941-05-01,-2.61128216373044,-2.6069949117188203,-2.158415302164467,-0.45286686156597294,0.0015744619400000002,0.8491783532650778,0.009923603212460127,0.0011,0.0195,0.0027,0.0184,0.015100000000000002,0.0021999999999999997,0.007042253521126751,0.05718435794784177
1941-06-01,-2.6585351365748298,-2.6064400246914277,-2.201293758942945,-0.4572413776318845,0.0011809090570000004,0.8015267175572519,0.008967506561370122,0.0012,0.0191,0.0066,0.0179,0.0154,-0.0002999999999999999,0.006993006993006867,0.05523503067315452
1941-07-01,-2.7070886808353656,-2.6537163309082272,-2.2245463167784285,-0.482542364056937,0.0012129738950000001,0.7663638481248545,0.009029859909085754,0.0012,0.0191,0.0022,0.0179,0.015400000000000004,0.0040999999999999995,0.02083333333333326,-0.001213614844800606
1941-08-01,-2.693591639458195,-2.702291549333741,-2.186598708104704,-0.5069929313534911,0.0005131797600000001,0.7745428862905124,0.010725020274125155,0.0013,0.019,0.0018,0.0177,0.015299999999999994,0.0015999999999999999,0.0,-0.007478146744312394
1941-09-01,-2.6790626642289577,-2.6888188391743224,-2.1484344131667874,-0.5306282510621705,0.00097544165,0.7782684119224098,0.010283855188842077,0.001,0.0193,-0.0012,0.0183,0.015499999999999996,0.005999999999999999,0.013605442176870763,-0.0667831718153653
1941-10-01,-2.6032166137203916,-2.6743125354041215,-2.085777360128922,-0.5174392535914695,0.0013100964719999998,0.8377185537260228,0.011687208090774623,0.0009,0.0182,0.014,0.0173,0.015500000000000003,-0.0106,0.01342281879194629,-0.025231657849165538
1941-11-01,-2.555470141808991,-2.598487526892682,-2.05127066471314,-0.5041994770958513,0.0012858980540000002,0.8608058608058609,0.010364624451918405,0.0028000000000000004,0.0186,-0.0029,0.015799999999999998,0.015600000000000003,-0.006500000000000001,0.013245033112582849,-0.03971750686781277
1941-12-01,-2.5046632482240767,-2.55076472246958,-2.0137529341590277,-0.49091031406504926,0.006680813507000001,0.8895097332372027,0.010342826313128743,0.0033,0.0204,-0.0177,0.0171,0.0158,0.0183,0.006535947712418277,0.02183153402797224
1942-01-01,-2.5278122550619844,-2.514097754391197,-2.062558754641085,-0.4652535004208994,0.0022049531699999997,0.9021113243761997,0.008935182169770727,0.0027,0.0247,0.0069,0.022,0.014599999999999998,-0.0063,0.006493506493506551,-0.017904559753602195
1942-02-01,-2.512046480218769,-2.537335184170693,-2.0736376948600355,-0.43840878535873334,0.001260824717,0.9260649277538,0.009350152718212535,0.0025,0.0247,0.0011,0.0222,0.0144,-0.0019000000000000002,0.012903225806451646,-0.06631244971663591
1942-03-01,-2.4517544424711,-2.521662417386996,-2.0414700479269867,-0.4102843945441134,0.0031061137480000007,1.0348638601426705,0.010120461564385303,0.0025,0.0244,0.0092,0.021900000000000003,0.014399999999999996,-0.0029,0.006369426751592355,-0.03882834938208971
1942-04-01,-2.421674464564485,-2.4663532418922527,-2.0162093564563204,-0.40546510810816433,0.002440975158999999,1.0802307288935502,0.01100481920949271,0.0032,0.0246,-0.0029,0.0214,0.014299999999999997,0.0034999999999999996,0.012658227848101111,0.06767546571709528
1942-05-01,-2.4984954938498967,-2.4364895503496253,-2.0980179272527715,-0.40047756659712525,0.0015923891839999997,1.0210150674068201,0.010525172998939352,0.0037,0.0243,0.0075,0.0206,0.014199999999999994,-0.0055,0.006250000000000089,0.02307113493359301
1942-06-01,-2.531770958764218,-2.513533371214437,-2.136458222120072,-0.39531273664414635,0.0012004675620000001,0.9967098896845364,0.01019830551517112,0.0037,0.0244,0.0003,0.020700000000000003,0.014799999999999997,0.0031,0.012422360248447228,0.03509711116053863
1942-07-01,-2.5830239902827388,-2.5521793149316405,-2.181001397001805,-0.4020225932809337,0.0020886578279999996,0.9742716609912978,0.008486271570150392,0.0038,0.0244,0.0018,0.0206,0.014699999999999994,0.0002000000000000001,0.0,0.01492948609558996
1942-08-01,-2.6108440134872444,-2.6038591189652935,-2.201876098162361,-0.4089679153248835,0.0006270320639999999,0.9686824038371109,0.007152648287732183,0.0038,0.0244,0.0038,0.0206,0.014700000000000005,-0.0002999999999999999,0.006134969325153339,0.03163369495097225
1942-09-01,-2.6584532599628377,-2.632120885618601,-2.2422928627379255,-0.41616039722491227,0.00047252202899999995,0.9440014664100449,0.0062435383724597435,0.0038,0.0244,0.0003,0.0206,0.014600000000000002,0.0017000000000000001,0.0060975609756097615,0.06536324593906626
1942-10-01,-2.7371314104030517,-2.674713780834618,-2.2732942960729803,-0.4638371143300715,0.0012735960749999998,0.9074889867841409,0.004426278395056232,0.0038,0.0244,0.0024,0.0206,0.014400000000000003,-0.0018,0.0,-0.00470162817441682
1942-11-01,-2.7397641765917378,-2.7536607123542627,-2.2289385528257473,-0.5108256237659907,0.000992056592,0.8995633187772926,0.005095705929513934,0.0038,0.0247,-0.0035,0.0209,0.014600000000000002,0.0041,0.012121212121211977,0.055642664496894936
1942-12-01,-2.8069492081370635,-2.7565712949081194,-2.249757663813147,-0.5571915443239164,0.0007913905149999999,0.862646566164154,0.0018120042882714858,0.0038,0.0246,0.0049,0.0208,0.014700000000000005,0.0,0.005988023952095967,0.06963087645592966
1943-01-01,-2.8761467669648177,-2.8069492081370635,-2.306096503891776,-0.5700502630730416,0.0007448683300000001,0.8213061159397177,0.0020883053234763247,0.0038,0.0245,0.0033,0.0207,0.013699999999999997,0.0015999999999999999,0.005952380952380931,0.05655569077910717
1943-02-01,-2.9255280148807428,-2.8761467669648177,-2.3427728190081343,-0.5827551958726084,0.0008195965619999998,0.7940790995297201,0.0025699914084540277,0.0038,0.0246,-0.0005,0.0208,0.013100000000000004,0.0010999999999999998,0.0,0.05740653083427015
1943-03-01,-2.9769122142272213,-2.9255280148807428,-2.3816208236710343,-0.5952913905561869,0.0013687758709999998,0.7834809987552172,0.0018918598080365334,0.0038,0.0247,0.0009,0.0209,0.012499999999999997,0.0011,0.0,0.0032816234746850612
1943-04-01,-2.9777753994340324,-2.9769122142272213,-2.3731816162155317,-0.6045937832185004,0.002492193864000001,0.7897844700324772,0.0012510458501176632,0.0038,0.0246,0.0048,0.0208,0.011999999999999997,0.00010000000000000026,0.01775147928994092,0.05105643738783125
1943-05-01,-3.021664299647373,-2.9777753994340324,-2.4078538613239484,-0.6138104383234244,0.0010895496249999999,0.757897719223686,0.0009461827702047731,0.0038,0.0244,0.005,0.0206,0.011700000000000002,-0.00020000000000000052,0.011627906976744207,0.02115718517850941
1943-06-01,-3.0412888051563582,-3.021664299647373,-2.4183458832696614,-0.6229429218866969,0.0010691580289999998,0.746268656716418,0.00120010534857587,0.0038,0.0244,0.0018,0.0206,0.0116,0.0029999999999999996,0.005747126436781658,-0.05485329441555145
1943-07-01,-2.979877463562108,-3.0356555492360124,-2.368649892457274,-0.6112275711048337,0.002433361168,0.7795992714025501,0.017823643211303287,0.0038,0.0245,-0.0001,0.0207,0.011200000000000002,0.002,0.0,0.015801714536901143
1943-08-01,-2.9844956416280035,-2.9742740875564655,-2.384981557281155,-0.5995140843468487,0.0017066360049999999,0.783194261455131,0.013954319187025058,0.0038,0.0245,0.0021,0.0207,0.011200000000000002,-0.00019999999999999987,-0.005714285714285783,0.026826765905340857
1943-09-01,-3.002376816272659,-2.9789251552376097,-2.41459015137054,-0.5877866649021191,0.0006080398099999999,0.7636311732800457,0.01369347801997471,0.0038,0.0246,0.0011,0.0208,0.0114,-0.0006000000000000001,-0.005747126436781436,-0.012018347963196454
1943-10-01,-2.9835036575139195,-2.9968371883833846,-2.445431064625867,-0.5380725928880522,0.0007641571049999999,0.7737363511461423,0.01686953960828745,0.0038,0.0247,0.0005,0.0209,0.011199999999999995,-0.0014,0.005780346820809079,-0.06970576888778132
1943-11-01,-2.8994870418537757,-2.977992899766211,-2.4131344862191284,-0.4863525556346473,0.002001600035,0.8258084433124953,0.01908093692493357,0.0038,0.0248,0.0,0.020999999999999998,0.011200000000000002,-0.0023,0.0,0.06764369957568855
1943-12-01,-2.9513177681132445,-2.8940081255395484,-2.518896850016552,-0.4324209180966926,0.000988593953,0.7874015748031497,0.014422539244569406,0.0038,0.0248,0.0018,0.020999999999999998,0.010799999999999997,0.0031,0.0,0.018150778498268075
1944-01-01,-2.961175128106764,-2.9458687068240885,-2.5377553170317726,-0.4234198110749915,0.0006398349409999999,0.7787481804949054,0.019253231349750193,0.0038,0.0248,0.0021,0.020999999999999998,0.010399999999999993,-9.999999999999983e-05,0.0,0.006158146489526728
1944-02-01,-2.953219121015434,-2.955753976618622,-2.5387862406078243,-0.41443288040760945,0.0006426371500000001,0.78503301540719,0.01949383817598253,0.0038,0.0247,0.0032,0.0209,0.009800000000000003,0.00019999999999999966,0.0,0.02088907439320173
1944-03-01,-2.9646077300500613,-2.947828812920952,-2.559142621941897,-0.40546510810816444,0.0006364084319999999,0.8138864880437914,0.01914532734636096,0.0038,0.0247,0.0021,0.0209,0.009600000000000004,0.0026999999999999997,0.0,-0.012804815897473093
1944-04-01,-2.946688601182692,-2.9592463216681772,-2.550175209874975,-0.39651339130771723,0.0007641629319999998,0.829601350855297,0.02007759339633847,0.0038,0.0248,0.0013,0.020999999999999998,0.009399999999999999,0.0021,0.0,0.047385789990228404
1944-05-01,-2.980996042985486,-2.9413541885330763,-2.5934213925537444,-0.38757465043174166,0.000411905512,0.7944319460067492,0.018397357006344695,0.0038,0.0247,0.0028,0.0209,0.008999999999999998,-0.0023,0.005747126436781658,0.05283693890410978
1944-06-01,-3.0254451708725028,-2.975691522670545,-2.646791320214995,-0.3786538506575077,0.0007175888750000001,0.761558161477288,0.018201769961051797,0.0038,0.0248,0.0008,0.020999999999999998,0.0086,0.0012000000000000001,0.0,-0.01996199218843126
1944-07-01,-2.999148014013006,-3.020168640087587,-2.633043818433064,-0.36610419557994167,0.0009396738180000001,0.7733899117103551,0.0043229355416055295,0.0038,0.0247,0.0036,0.0209,0.008499999999999994,-0.0002000000000000001,0.005714285714285783,0.014293047293902144
1944-08-01,-3.0025149745420228,-2.9938976082508617,-2.6489864922057365,-0.35352848233628636,0.0005599876609999999,0.7687597795768419,0.008069796883047261,0.0038,0.0247,0.0027,0.0209,0.008399999999999998,0.0006999999999999997,0.005681818181818121,-0.0008922195451815928
1944-09-01,-2.994168551577808,-2.9972935541209433,-2.653241964607215,-0.3409265869705932,0.001115514909,0.7723327182010798,0.008962754503139679,0.0038,0.0247,0.0014,0.0209,0.008399999999999998,0.0005,0.0,0.0021320851822844732
1944-10-01,-2.994168551577808,-2.994168551577808,-2.64219212842063,-0.3519764231571782,0.0006752183420000002,0.7711731386064287,0.006510366345677255,0.0038,0.0247,0.0012,0.0209,0.008299999999999995,0.0007000000000000001,0.0,0.016878644299774787
1944-11-01,-2.9980732812559645,-2.994168551577808,-2.635167787566596,-0.3629054936893685,0.000424297467,0.7669856784090137,0.005782945381298026,0.0038,0.0247,0.0024,0.0209,0.008099999999999996,0.0024,0.0,0.04360444265410667
1944-12-01,-3.032546246676707,-2.9980732812559645,-2.658829836883123,-0.3737164097935841,0.0008722726199999999,0.7437635753307444,0.019062446533258545,0.0038,0.0246,0.0042,0.0208,0.007899999999999997,0.010700000000000001,0.0,0.011530784984035546
1945-01-01,-3.0415577943084373,-3.027351947934452,-2.6623403941403603,-0.37921740016807715,0.000924463414,0.7353419665517018,0.0164538969063633,0.0038,0.024,0.0127,0.0202,0.0076999999999999985,-0.0050999999999999995,0.005649717514124353,0.0669650887367848
1945-02-01,-3.0961833373949497,-3.036388790551361,-2.711552831653412,-0.3846305057415377,0.0006548519130000001,0.7044887780548628,0.014836052402432891,0.0038,0.0236,0.0077,0.019799999999999998,0.007599999999999999,-0.0031000000000000003,0.0,-0.042778725039233856
1945-03-01,-3.04378956850777,-3.0910424533583156,-2.653828646935571,-0.3899609215721991,0.0018874417000000004,0.7678826431260548,0.015962527841657536,0.0038,0.0236,0.0021,0.019799999999999998,0.007599999999999996,-0.0002999999999999999,0.0,0.08635835966146566
1945-04-01,-3.1281091538316885,-3.04378956850777,-2.7243552525929657,-0.40375390123872285,0.0013982781349999997,0.7150628626692457,0.015085868883980648,0.0038,0.0228,0.016,0.019,0.0075,-0.0142,0.0,0.019542867557772407
1945-05-01,-3.1394995617378245,-3.1281091538316885,-2.7221393281397304,-0.41736023359809427,0.0009209598799999999,0.7029114676173499,0.01977321191371911,0.0038,0.0226,0.0056,0.018799999999999997,0.006999999999999999,-0.0067,0.0,0.002177192283085023
1945-06-01,-3.1361628886387853,-3.1394995617378245,-2.7053799725463312,-0.4307829160924542,0.000866164762,0.7188430455125479,0.01946631670743295,0.0038,0.0217,0.0169,0.0179,0.0068000000000000005,-0.013699999999999999,0.00561797752808979,-0.0220743048731754
1945-07-01,-3.1107910220884007,-3.1310482981762267,-2.6884612632759155,-0.42232975881248547,0.0018141107579999994,0.7263015717092338,0.02043741242949656,0.0038,0.0224,-0.0086,0.0186,0.006599999999999995,0.0075,0.011173184357541999,0.057829320725320016
1945-08-01,-3.1620632154925756,-3.1057009347626336,-2.74817430090977,-0.4138889145828055,0.002096646893,0.6787538011360377,0.018945102993614134,0.0038,0.0223,0.0026,0.0185,0.006499999999999999,-0.0021999999999999997,0.0,0.04501847537502987
1945-09-01,-3.198054497054615,-3.157000421150113,-2.792589388946451,-0.40546510810816433,0.0014385545599999996,0.6568208317139526,0.017606919749428875,0.0038,0.0221,0.0054,0.0183,0.006200000000000004,-0.0022,0.0,0.03004979648562231
1945-10-01,-3.2279256603881183,-3.198054497054615,-2.832612923743972,-0.39531273664414635,0.0009811839109999999,0.6339764201500536,0.01858099926561271,0.0038,0.0216,0.0104,0.0178,0.0058,-0.0072,0.0,0.04376905737945702
1945-11-01,-3.259843263356424,-3.2279256603881183,-2.8747870268794666,-0.3850562364769572,0.001448271511,0.6178836310456491,0.018934033416738577,0.0038,0.021,0.0125,0.0172,0.005299999999999999,-0.009300000000000001,0.0,0.010771529294913259
1945-12-01,-3.26968415319387,-3.259843263356424,-2.8949907037524594,-0.37469344944141064,0.0015383169699999999,0.6132393344046446,0.025525278289567403,0.0038,0.0199,0.0194,0.0161,0.004900000000000002,-0.006100000000000001,0.0,0.06689503458978245
1946-01-01,-3.3270119834729037,-3.2596333173404934,-2.983422779082702,-0.34358920439020185,0.0026451684660000006,0.5780036155762935,0.02796949676592542,0.0038,0.0199,0.0025,0.0161,0.004699999999999999,0.0103,0.0055248618784529135,-0.06769160912897759
1946-02-01,-3.2450650356805335,-3.317062647669238,-2.9329313723149606,-0.31213366336557286,0.005942413034,0.6223367878373401,0.03109095205923527,0.0038,0.0198,0.0032,0.016,0.004700000000000003,0.00019999999999999966,0.0,0.0476498561627415
1946-03-01,-3.2804688357760146,-3.2352122441878945,-3.0001668706218565,-0.28030196515415834,0.001496573418,0.6148526758869512,0.03118787560107204,0.0038,0.0198,0.001,0.016,0.004699999999999996,0.0024,-0.005494505494505364,0.03482391599661411
1946-04-01,-3.317389424390063,-3.2804688357760146,-3.0595603150879636,-0.25782910930209973,0.0010777341069999995,0.5934129709338879,0.031306827969875266,0.0038,0.0207,-0.0135,0.0169,0.005000000000000001,0.0092,0.011049723756906049,0.028078539292616816
1946-05-01,-3.339530550267277,-3.317389424390063,-3.1046909591898757,-0.23483959107740096,0.0012724951409999999,0.5780101752402488,0.03199991972363512,0.0038,0.0209,-0.0012,0.017099999999999997,0.005100000000000004,0.0031,0.005464480874316724,-0.03622665937108334
1946-06-01,-3.299642252493716,-3.339530550267277,-3.0883331588265097,-0.21130909366720682,0.001481741162,0.5967318354245696,0.03359157149834307,0.0038,0.0206,0.007,0.0168,0.005399999999999995,-0.0051,0.005434782608695787,-0.02803092874730895
1946-07-01,-3.2689200461968433,-3.294752755004522,-3.0428530635300524,-0.22606698266679132,0.0017038856649999998,0.608751736455646,0.039174987603827684,0.0038,0.0209,-0.004,0.017099999999999997,0.005499999999999998,0.0028000000000000004,0.0108108108108107,-0.07164022233216635
1946-08-01,-3.188316036856297,-3.264052883303898,-2.9478485690010188,-0.24046746785527823,0.0019801137219999996,0.6485543633384429,0.04326764493046257,0.0038,0.0217,-0.0111,0.0179,0.0052,0.0023,0.05882352941176472,-0.11024094504093354
1946-09-01,-3.0764436539371633,-3.1834738978172847,-2.821913788802283,-0.2545298651348806,0.01602501515,0.7116343811622782,0.0491119445726133,0.0038,0.0219,-0.0009,0.018099999999999998,0.0052,-0.0017,0.02020202020202011,-0.00595189718528623
1946-10-01,-3.0587739819618394,-3.066827716768936,-2.7521341221216153,-0.306639859840224,0.006116095380000002,0.7253916642033698,0.048597481256166065,0.0038,0.0216,0.0074,0.0178,0.005499999999999998,-0.0054,0.00990099009900991,-0.004108197166950941
1946-11-01,-3.037729407268787,-3.0492510528531307,-2.6824801243268706,-0.355249282941916,0.003914348993000001,0.7226999646601484,0.048072281243770505,0.0038,0.022,-0.0054,0.018199999999999997,0.0058,0.0029000000000000002,0.019607843137255054,0.045455131778769094
1946-12-01,-3.0703431373451657,-3.0282949011016664,-2.669583920274414,-0.40075921707075185,0.0027155077160000004,0.6924379232505644,0.03607606045087872,0.0038,0.0212,0.0145,0.0174,0.005600000000000001,-0.0032000000000000015,0.024038461538461453,0.021474256848170076
1947-01-01,-3.088916617486835,-3.065659755322568,-2.628892057838408,-0.46002455964842753,0.0021117214710000003,0.6800044336067391,0.0315384625580134,0.0038,0.0214,-0.0006,0.017599999999999998,0.005600000000000004,0.0010999999999999998,0.009389671361502261,-0.008641650410233494
1947-02-01,-3.0694576477874365,-3.084253671975024,-2.553992109581115,-0.5154655382063219,0.0013641434470000003,0.6858580212409167,0.030102657173069484,0.0038,0.0214,0.0021,0.017599999999999998,0.005700000000000004,-0.0015999999999999999,0.0,-0.015421714679439522
1947-03-01,-3.047823860332477,-3.0648177333471054,-2.480302892889941,-0.567520967442536,0.002411282573,0.7415349887133184,0.03101997972556631,0.0038,0.0213,0.002,0.017499999999999998,0.006000000000000002,0.0047,0.0,-0.04066372119855909
1947-04-01,-2.9898061094299098,-3.0294751762098384,-2.396978683392618,-0.5928274260372917,0.0023073614650000003,0.7700421940928271,0.031345974852659754,0.0038,0.0217,-0.0037,0.0179,0.0063000000000000035,0.0057,0.018604651162790642,-0.001290445382671328
1947-05-01,-2.9628303909311304,-2.9717867029532017,-2.346200778625401,-0.6166296123057293,0.0025450853479999994,0.7763663220088627,0.025894307027640517,0.0038,0.0216,0.0033,0.0178,0.0063999999999999994,-0.0013,0.0,0.0522839561742852
1947-06-01,-2.996389951972962,-2.9451312602602013,-2.3573099926832923,-0.6390799592896695,0.001958778533,0.7411167512690355,0.0264727428400749,0.0038,0.0216,0.001,0.0178,0.006599999999999998,-0.0006000000000000001,0.0,0.03850913497755174
1947-07-01,-3.0188398485641406,-2.9833178704056094,-2.367685531707003,-0.6511543168571374,0.0019774476030000004,0.7173272191287259,0.020640509696410105,0.0066,0.0214,0.0063,0.014799999999999999,0.0063000000000000035,-0.0043,0.004566210045662267,-0.023646374124545712
1947-08-01,-2.9776205236109448,-3.0059364437282325,-2.3148466435728956,-0.6627738800380489,0.00082439982,0.7346938775510204,0.0231767917296686,0.0075,0.021,0.0081,0.013500000000000002,0.006099999999999998,-0.0152,0.009090909090909038,-0.010577431297241648
1947-09-01,-2.951079109805718,-2.964881497833515,-2.2771018453534926,-0.6739772644522252,0.001385496857,0.740323398501324,0.024058549955382553,0.008,0.0213,-0.0044,0.0133,0.006200000000000004,-0.0087,0.013513513513513598,0.019769313395951813
1947-10-01,-2.951158001651529,-2.9302011115611073,-2.2852380470148526,-0.6659199546366763,0.0008695375639999999,0.7227325229635334,0.023018572400164587,0.0085,0.0217,-0.0037,0.0132,0.006499999999999999,-0.006200000000000001,0.022222222222222143,-0.018390133430635492
1947-11-01,-2.9017778550011117,-2.9307082092616747,-2.243649295882366,-0.6581285591187457,0.00047596075700000006,0.7319926466492118,0.02590814451603305,0.0092,0.0229,-0.0174,0.0137,0.006700000000000001,0.007599999999999999,0.0,0.029519997580323643
1947-12-01,-2.902206215543168,-2.8817366992592843,-2.251618649402018,-0.6505875661411495,0.0011073046429999997,0.7253256789578274,0.025921595269506336,0.0095,0.0243,-0.0192,0.014799999999999999,0.006600000000000002,0.021599999999999998,0.004347826086956497,-0.03917346734223111
1948-01-01,-2.857560371371462,-2.898246209584066,-2.1904423191989197,-0.6671180521725418,0.001048863984,0.7518883039597163,0.02776538672912235,0.0097,0.0243,0.002,0.014599999999999998,0.006600000000000002,0.00039999999999999975,0.01298701298701288,-0.04176344550728952
1948-02-01,-2.805505143552213,-2.8536148041227403,-2.122247646102126,-0.6832574974500872,0.0017556377390000003,0.7877697841726619,0.029134401018584607,0.01,0.0241,0.0046,0.0141,0.006799999999999997,-0.0007000000000000001,0.012820512820512775,0.07739389112707092
1948-03-01,-2.875888292077585,-2.8015762591130335,-2.1768759920652414,-0.6990123000123434,0.002082021349,0.8414221218961625,0.027187025483540288,0.01,0.0241,0.0034,0.0141,0.006999999999999996,0.0081,-0.008438818565400852,0.029555891944184846
1948-04-01,-2.902067797659356,-2.875888292077585,-2.1742350591115205,-0.7278327385478354,0.0005519692350000002,0.8259930197772977,0.027453933573589013,0.01,0.0239,0.0045,0.013900000000000001,0.006900000000000003,-0.0006999999999999997,-0.004255319148936176,0.07987113789264198
1948-05-01,-2.977328667171519,-2.902067797659356,-2.2214828923960095,-0.7558457747755093,0.0014527575470000005,0.7816923560868196,0.0255781214841623,0.01,0.0231,0.0141,0.013099999999999999,0.006199999999999997,-0.0133,0.017094017094017255,0.006736177898900995
1948-06-01,-2.980319994559104,-2.977328667171519,-2.197224577336219,-0.7830954172228849,0.000907056688,0.7869735036419296,0.023893669202064764,0.01,0.0238,-0.0084,0.013800000000000002,0.0058,9.99999999999994e-05,0.004201680672268893,-0.05451274194049794
1948-07-01,-2.9178755009792883,-2.972507065717328,-2.105649497406495,-0.8122260035727928,0.0027669911470000006,0.8222577620912148,0.022179319981707097,0.01,0.0241,-0.0021,0.0141,0.005600000000000001,-0.0031,0.008368200836820217,0.01451991078475926
1948-08-01,-2.9176667612840452,-2.9101242993804135,-2.077564781666976,-0.8401019796170692,0.0011851393339999997,0.8205382202410434,0.019226802697696953,0.0106,0.0242,0.0001,0.0136,0.006000000000000002,0.005399999999999999,0.012448132780082943,-0.02778756094032978
1948-09-01,-2.879456721762285,-2.909974029560429,-2.0126460471514998,-0.8668106746107853,0.002395501641,0.8362310712282669,0.019128082199314826,0.0109,0.0242,0.0014,0.0133,0.006100000000000005,0.0009999999999999998,0.004098360655737654,0.06729704547539077
1948-10-01,-2.922315505851497,-2.856728470684729,-2.0434209952252895,-0.8788945106262073,0.0008275633079999998,0.7919056724028043,0.018133741019190925,0.011200000000000002,0.0243,0.0007,0.013099999999999997,0.006600000000000005,0.0016999999999999997,0.0,-0.10390881764901666
1948-11-01,-2.78555376225707,-2.9000923690667864,-1.895237013027908,-0.8903167492291623,0.006158903128999999,0.8709112149532711,0.01779153726578591,0.011399999999999999,0.0239,0.0076,0.012500000000000002,0.0069,0.0009000000000000006,-0.004081632653061273,0.034920890696269954
1948-12-01,-2.793866120687066,-2.7638137756206644,-1.8927436102860824,-0.9011225104009837,0.00096740501,0.8409475465313028,0.015014554123042907,0.0116,0.0237,0.0056,0.0121,0.007399999999999997,0.007500000000000001,-0.008196721311475419,0.001672925553714559
1949-01-01,-2.7774182368159206,-2.7761033122346115,-1.8810431667553211,-0.8963750700605995,0.0013129862260000001,0.832402858418937,0.013297671379348007,0.011699999999999999,0.0233,0.0082,0.011600000000000003,0.0075,-0.004400000000000001,-0.004132231404958553,-0.033049922586655164
1949-02-01,-2.7197465868862225,-2.7599664849981296,-1.827975126165565,-0.8917714607206576,0.0014096786060000003,0.8615509071998151,0.017219043668335855,0.011699999999999999,0.0231,0.0049,0.0114,0.007400000000000004,-0.0010999999999999998,-0.004149377593361092,0.03241690034254768
1949-03-01,-2.732244929689267,-2.702593161639152,-1.8449417346883643,-0.8873031950009028,0.001120894145,0.9017504234895539,0.014658966241923112,0.011699999999999999,0.0227,0.0074,0.011000000000000003,0.0076999999999999985,-0.0067,-0.008333333333333304,-0.019767479547398808
1949-04-01,-2.6972542104825132,-2.7187315460930703,-1.8206657978096765,-0.8765884126728366,0.000499270597,0.9174997127427323,0.015288745507972974,0.011699999999999999,0.0227,0.0011,0.011000000000000003,0.0075,0.0012,0.0,-0.03086403930733991
1949-05-01,-2.645889637200487,-2.683917032789726,-1.7798517895385582,-0.8660378476619286,0.001007660117,0.9485626039439295,0.016901437544982224,0.011699999999999999,0.0227,0.0019,0.011000000000000003,0.007400000000000004,0.0019,0.004201680672268893,0.0007429806647532926
1949-06-01,-2.630618460969394,-2.6327348638757715,-1.7749523509116738,-0.8556661100577201,0.001697811674,0.9538884243220642,0.0168124176066306,0.011699999999999999,0.0217,0.0167,0.010000000000000002,0.007600000000000003,-0.0083,-0.004184100418409997,0.059943355679241514
1949-07-01,-2.6843927634563443,-2.6241005332002243,-1.8366330446372312,-0.847759718819113,0.000640880894,0.9077989995452478,0.0195114003701791,0.0102,0.0216,0.0033,0.0114,0.0079,0.006600000000000001,0.004201680672268893,0.02066618267172459
1949-08-01,-2.689823755422203,-2.677926721510357,-1.8499246508001466,-0.8398991046220566,0.001073536357,0.8938766371879547,0.019440800826836618,0.0104,0.021,0.0111,0.010600000000000002,0.007800000000000001,-0.0074,-0.008368200836820106,0.02614634366268278
1949-09-01,-2.706767327289321,-2.6833896392802585,-1.874694674499183,-0.832072652790138,0.0015475937490000001,0.8750205468193524,0.023343407531069463,0.010700000000000001,0.0212,-0.0011,0.010499999999999999,0.0076999999999999985,0.0031999999999999997,0.0042194092827005925,0.028445591951628955
1949-10-01,-2.7043196371450455,-2.6752220751492795,-1.913601698609496,-0.7907179385355497,0.0006135020450000001,0.8425662129365833,0.022233299623086445,0.0105,0.0212,0.0019,0.0107,0.0075,0.0048000000000000004,0.004201680672268893,0.019726214916161413
1949-11-01,-2.6749762022146717,-2.6737300961344244,-1.9247587138402702,-0.7502174883744013,0.0009088615490000003,0.8337248760114851,0.023643159901944658,0.0108,0.0212,0.0021,0.0104,0.0075,0.0,-0.008368200836820106,0.048827272939523186
1949-12-01,-2.687966832647533,-2.645303446112212,-1.9774279093757183,-0.7105389232718146,0.00047323949399999995,0.7964292838619588,0.027175584701247667,0.011000000000000001,0.0209,0.0052,0.009899999999999997,0.0072999999999999975,-0.019700000000000002,0.0042194092827005925,0.01861181318265619
1950-01-01,-2.696388261354367,-2.679233152678778,-1.9874233648186306,-0.7089648965357364,0.0009891529749999999,0.7914168194657812,0.027102232956871506,0.010700000000000001,0.0215,-0.0061,0.010799999999999997,0.006700000000000008,0.0098,-0.008403361344537785,0.01851374060298434
1950-02-01,-2.6976514938813114,-2.6877301986112525,-1.9902401525941416,-0.7074113412871698,0.00042601425599999996,0.7849980338183248,0.02549164484667976,0.011200000000000002,0.0214,0.0021,0.010199999999999997,0.006600000000000005,-0.0013999999999999998,-0.00423728813559332,0.0071521842222348085
1950-03-01,-2.6931245508855346,-2.68906775018992,-1.9872383445481594,-0.7058862063373751,0.0006243024780000001,0.8255277845183208,0.029291342017535797,0.011200000000000002,0.0215,0.0008,0.010299999999999997,0.006600000000000005,0.0014000000000000002,0.0,0.043965733971436174
1950-04-01,-2.728738666126564,-2.684613861217626,-2.007733157438222,-0.7210055086883419,0.000714010739,0.7964974714365985,0.026397518857444346,0.0115,0.0214,0.003,0.009899999999999999,0.0063,-0.0038,0.004255319148936287,0.04483582641040362
1950-05-01,-2.758839166656679,-2.7202997974806995,-2.0231920723395387,-0.7356470943171405,0.000641262983,0.7613463432100976,0.028572263608588323,0.0116,0.0213,0.0033,0.0097,0.006400000000000003,-0.0041,0.0,-0.05674902477102905
1950-06-01,-2.6906779513777397,-2.7504709169861625,-1.940835427141249,-0.7498425242364907,0.0058557165030000006,0.8134474678398927,0.030396658842657943,0.0115,0.0216,-0.0025,0.010100000000000001,0.006599999999999995,0.0048000000000000004,0.004237288135593209,0.015838934159607826
1950-07-01,-2.66364986313299,-2.655206244152821,-1.925931682124427,-0.7377181810085631,0.003110250034,0.8123209169054441,0.030117347359960668,0.0116,0.0214,0.0055,0.0098,0.006700000000000001,0.0014000000000000002,0.0042194092827005925,0.04594419826277939
1950-08-01,-2.6613795453483116,-2.629385641673014,-1.9351109080335531,-0.7262686373147587,0.0010756051259999998,0.7843408493567574,0.029550872270041703,0.012,0.0214,0.0014,0.009399999999999999,0.006200000000000004,0.0024000000000000002,0.012605042016806678,0.056765507269440976
1950-09-01,-2.682668127830793,-2.6282580885934985,-1.9672151897565495,-0.7154529380742435,0.0013183729690000002,0.7514578547446544,0.02591420886679404,0.013000000000000001,0.022,-0.0072,0.008999999999999998,0.005699999999999997,0.0033,0.008298755186721962,0.0038718395323209887
1950-10-01,-2.652284205279181,-2.648179530455049,-1.956721065159529,-0.695563140119652,0.001759406518,0.755966401493267,0.027341038347213947,0.0131,0.0225,-0.0048,0.009399999999999999,0.005500000000000001,0.003999999999999999,0.00411522633744843,0.02108275149034761
1950-11-01,-2.6179279579857138,-2.618952548239281,-1.9413077374538619,-0.6766202205318517,0.002457673046,0.7473637961335676,0.025540132680544725,0.013600000000000001,0.0224,0.0035,0.008799999999999999,0.005500000000000001,0.0019000000000000002,0.00819672131147553,0.052844133966925715
1950-12-01,-2.630762576031109,-2.585664753844375,-1.9722209246486389,-0.6585416513824698,0.002489540943,0.7225384419335655,0.031358255908732945,0.0134,0.0224,0.0016,0.009,0.005300000000000003,0.0006999999999999999,0.00406504065040636,0.06177423011923668
1951-01-01,-2.678928522059029,-2.619486257307938,-2.0328364125682303,-0.6460921094907985,0.001704688583,0.6835992444640919,0.030045078410990005,0.0134,0.0221,0.0058,0.008700000000000001,0.005099999999999997,-0.0039,0.012145748987854255,0.013441721455974939
1951-02-01,-2.6742273222459243,-2.6677845940237255,-2.0404572714381626,-0.6337700508077619,0.0006506439630000001,0.6748660979964293,0.031120052439322372,0.013600000000000001,0.0228,-0.0074,0.0092,0.005000000000000001,0.003,0.016000000000000014,-0.018738045827343484
1951-03-01,-2.6446805871696206,-2.6631996349368583,-2.0231142103726594,-0.6215663767969613,0.001227664949,0.7813946002494668,0.03268677129397886,0.013999999999999999,0.0241,-0.0157,0.010100000000000001,0.004500000000000004,-0.008,0.011811023622047223,0.046641123578441746
1951-04-01,-2.682957507620584,-2.6359490811162725,-2.0831649160243693,-0.5997925915962143,0.000848198137,0.7494307876355497,0.0320924791795822,0.0147,0.0248,-0.0063,0.0101,0.004800000000000002,0.0054,0.0038910505836575737,-0.03163683881000134
1951-05-01,-2.632878502553438,-2.6742951157919714,-2.0549593057369817,-0.5779191968164563,0.001407420007,0.7778890446625275,0.030675026858775437,0.0155,0.0254,-0.0069,0.009899999999999999,0.0051,0.0054,0.0,-0.02738721059592172
1951-06-01,-2.5979300381913957,-2.6242969140321377,-2.0419839791449355,-0.5559460590464602,0.001136773276,0.8003626772172766,0.036341120871883556,0.014499999999999999,0.0259,-0.0062,0.0114,0.005500000000000001,-0.0030999999999999995,0.003875968992248069,0.06723294294917787
1951-07-01,-2.6729567261208484,-2.6065116267126958,-2.1345013188628634,-0.5384554072579852,0.0014082078629999999,0.7531218490653843,0.032598596437350684,0.015600000000000001,0.0252,0.0138,0.0096,0.005899999999999999,0.006700000000000001,0.0,0.0477005103002878
1951-08-01,-2.720152781951704,-2.681619117949461,-2.1998052239297112,-0.5203475580219928,0.000581779531,0.7185938945420907,0.030321199558032513,0.016200000000000003,0.0246,0.0099,0.008399999999999998,0.006200000000000004,0.0014999999999999996,0.0,0.0016646145591475653
1951-09-01,-2.7280248122323334,-2.728884288005052,-2.226452393946826,-0.5015724182855075,0.00025476904200000006,0.7161823277769581,0.028799505871312598,0.0163,0.0253,-0.008,0.009000000000000001,0.006200000000000001,0.0023,0.0,-0.015009241773962137
1951-10-01,-2.7385925513847216,-2.7524455867740154,-2.2219376456719893,-0.5166549057127321,0.0015110762550000002,0.7402325138174194,0.029144255170932446,0.0154,0.0254,0.001,0.009999999999999998,0.006100000000000001,-0.0155,0.007722007722007929,0.010224249408116023
1951-11-01,-2.7609988029225825,-2.76361774811221,-2.228749073400485,-0.5322497295220976,0.0010239816519999998,0.7432923795307537,0.031620966490111084,0.015600000000000001,0.0264,-0.0136,0.010799999999999999,0.005999999999999998,0.007499999999999999,0.003831417624520883,0.039765103806855294
1951-12-01,-2.824834576982026,-2.78667346212152,-2.276426242066992,-0.5484083349150336,0.000427036368,0.7213163466181332,0.03615078779985318,0.0173,0.0269,-0.0061,0.009600000000000001,0.006000000000000002,0.0119,0.007633587786259444,0.016113118193036617
1952-01-01,-2.837921593586976,-2.822475659289693,-2.2973502685034703,-0.5405713250835058,0.0005384210810000001,0.7174258376740921,0.03515069823897259,0.015700000000000002,0.0268,0.0028,0.011099999999999999,0.006100000000000001,0.0171,0.0037878787878788955,-0.026764298600835915
1952-02-01,-2.798426099883894,-2.8355611684627613,-2.2657276105774264,-0.5326984893064678,0.0009316009840000001,0.7466933251307291,0.034871704612944115,0.0154,0.0269,0.0014,0.0115,0.005999999999999995,-0.0099,0.0,0.0503586353744586
1952-03-01,-2.8426959960239455,-2.796078275477349,-2.317884130283215,-0.5248118657407306,0.000631815169,0.7518741186075856,0.0320941366753705,0.0159,0.0263,0.0111,0.0104,0.005499999999999998,-0.0035000000000000005,-0.007547169811320753,-0.04350466644352963
1952-04-01,-2.7916369172104756,-2.835678423365299,-2.2822108737989084,-0.5094260434115674,0.0008078352789999999,0.7863990994837557,0.03323144944739824,0.015700000000000002,0.0254,0.0171,0.009699999999999997,0.0057,-0.0175,0.0,0.0318435080614802
1952-05-01,-2.8075603030818606,-2.7846682478943823,-2.313541797632251,-0.49401850544960946,0.0005264526110000001,0.7705179888948048,0.03214912072529028,0.0167,0.0257,-0.0033,0.009000000000000001,0.005599999999999997,0.0063999999999999994,0.0038022813688212143,0.045224391581328204
1952-06-01,-2.845710987068744,-2.800639860237287,-2.367123614131617,-0.478587372937127,0.00032527064899999996,0.7387150878728214,0.027731270299789154,0.017,0.0259,0.0003,0.008899999999999998,0.005600000000000004,0.0013000000000000002,0.0,0.017449464805105806
1952-07-01,-2.863185617592008,-2.845710987068744,-2.381751872069113,-0.4814337455228949,0.00034488178100000003,0.7247102589783946,0.0279228245940052,0.0181,0.0261,-0.002,0.008,0.005500000000000001,0.0036,0.0037878787878788955,-0.007189034412142874
1952-08-01,-2.8485115490112,-2.863185617592008,-2.3642437590382395,-0.48426778997296,0.00028953667400000003,0.7366201279813844,0.02804287868044052,0.0183,0.0267,-0.007,0.008400000000000001,0.0057,0.0133,0.007547169811320753,-0.01984925378253852
1952-09-01,-2.8287408828502825,-2.8485115490112,-2.3416428202452466,-0.4870980626050357,0.00044117257299999997,0.748678910609364,0.03103805499205994,0.0171,0.0277,-0.013,0.010599999999999998,0.0057,0.0112,0.0,-0.001079072102787265
1952-10-01,-2.8371611754375405,-2.8379765036522953,-2.335195078807604,-0.5019660966299366,0.0010262180079999997,0.7525164357612449,0.029927311762305727,0.0174,0.0269,0.0148,0.009500000000000001,0.005300000000000003,-0.0109,0.0,0.05857233220102533
1952-11-01,-2.891934162538184,-2.8464899144187044,-2.3750342702359766,-0.5168998923022075,0.0004590891249999999,0.7142353521821898,0.026550152449692176,0.018500000000000003,0.0272,-0.0015,0.008699999999999996,0.005499999999999998,0.0123,0.0,0.03590417102614304
1952-12-01,-2.9361930553816453,-2.9013436547974134,-2.404314022417822,-0.531879032963823,0.00026771746700000003,0.6940733127783488,0.026534716358030466,0.0209,0.0279,-0.0086,0.007000000000000003,0.0053999999999999986,-0.0005000000000000004,0.0,-0.007825064873179355
1953-01-01,-2.9290164428990915,-2.9361930553816453,-2.392979399786605,-0.5360370431124868,0.00040095887699999994,0.6991752079235256,0.02593403500807506,0.0196,0.0279,0.0012,0.008300000000000002,0.004899999999999998,-0.0092,0.0,-0.008967590413659677
1953-02-01,-2.910653264315415,-2.9290164428990915,-2.370475428536897,-0.5401778357785182,0.000490663735,0.7127027122102227,0.026515491011400716,0.0197,0.0287,-0.0087,0.009000000000000001,0.0046,0.004699999999999999,-0.0037453183520598232,-0.024338512783622097
1953-03-01,-2.886819356291797,-2.910653264315415,-2.3425178033294163,-0.5443015529623803,0.0006826524659999999,0.7624968735484332,0.024013352761139525,0.020099999999999996,0.0294,-0.0088,0.009300000000000003,0.004499999999999994,0.0055000000000000005,-0.003759398496240629,-0.027232476689989803
1953-04-01,-2.857610498673898,-2.884460438599464,-2.3047523463719894,-0.5528581523019087,0.001271594922,0.7767060964513194,0.026293154355143,0.0219,0.0303,-0.0105,0.008400000000000001,0.004199999999999995,-0.014299999999999998,0.0037735849056603765,0.005675190347696635
1953-05-01,-2.851995392076141,-2.8552500735496835,-2.290704037842187,-0.5612913542339543,0.0005931666050000001,0.783752019979433,0.027225578994867577,0.0216,0.0314,-0.0148,0.009799999999999996,0.004400000000000001,0.011800000000000001,0.0,-0.016167119593476338
1953-06-01,-2.833213344056216,-2.849647567669596,-2.263587462525693,-0.5696258815305231,0.0011056921389999996,0.7954969059867293,0.027461899830267294,0.021099999999999997,0.0301,0.0223,0.009000000000000001,0.004599999999999993,-0.0114,0.003759398496240518,0.024474866688261016
1953-07-01,-2.85816861740153,-2.833213344056216,-2.283246031238287,-0.574922586163243,0.000581014596,0.7749291887573535,0.026151870303874516,0.0204,0.0301,0.0039,0.009699999999999997,0.0058,0.0138,0.0037453183520599342,-0.05309817246452982
1953-08-01,-2.798654489869122,-2.85816861740153,-2.2184591642172236,-0.5801953256518988,0.000681473835,0.8169359160860576,0.02808702470504366,0.0204,0.0303,-0.0008,0.009899999999999999,0.006099999999999994,-0.0077,0.0,0.0005858906328780565
1953-09-01,-2.7999401125017367,-2.798654489869122,-2.2145036249445713,-0.5854364875571654,0.0011056425909999998,0.8082108771398273,0.025876605890648562,0.0179,0.0284,0.0299,0.010500000000000002,0.0059000000000000025,-0.0046,0.003731343283581934,0.04848670304556214
1953-10-01,-2.8426299950109493,-2.79292253984309,-2.2694522420176972,-0.5731777529932522,0.000572851756,0.773721039846271,0.02469523189008176,0.0138,0.0281,0.0074,0.0143,0.006599999999999995,0.015300000000000001,0.0,0.022685374346652114
1953-11-01,-2.8445863342284863,-2.835661325694856,-2.2836499900399834,-0.560936344188503,0.000376498263,0.7584319579201763,0.02579800168474082,0.0144,0.0286,-0.0049,0.0142,0.0063999999999999994,-0.0024000000000000002,0.003717472118959231,0.00041237875725496113
1953-12-01,-2.839683241271227,-2.837665891383913,-2.2909640445600172,-0.5487191967112095,0.0004172688719999999,0.7597009611961553,0.024822272294748638,0.016,0.0274,0.0206,0.0114,0.006100000000000001,-0.0034000000000000002,-0.0037037037037037646,0.05100526969396065
1954-01-01,-2.885015728292162,-2.8350937889374195,-2.33558927928204,-0.5494264490101219,0.0004982249349999999,0.7298471219945963,0.023383339552034088,0.0118,0.0291,0.0089,0.017300000000000003,0.006499999999999999,0.0034999999999999996,0.0,0.012133544700232398
1954-02-01,-2.883134529998884,-2.880454076546404,-2.332996993245864,-0.5501375367530204,0.000340712561,0.7245195898689482,0.022562565320400834,0.0097,0.0279,0.024,0.0182,0.006599999999999998,-0.004199999999999999,0.0,0.029273552835577782
1954-03-01,-2.908349770191573,-2.878586789720287,-2.3575188118118833,-0.5508309583796899,0.000356548585,0.8049158182596949,0.022093476024517163,0.0103,0.0278,0.0058,0.017499999999999998,0.006499999999999999,-0.0018999999999999998,0.0,0.0463255353764105
1954-04-01,-2.9607327167443334,-2.91289751047017,-2.3962465972254328,-0.5644861195189007,0.000730701935,0.7650393010365454,0.020856233184872494,0.0097,0.0273,0.0104,0.0176,0.006200000000000001,-0.0138,0.0,0.04138747178925281
1954-05-01,-2.9976731760997333,-2.965294368490091,-2.4195963299552528,-0.5780768461444805,0.00042985320500000005,0.7459769763962258,0.01849258783997669,0.0076,0.0279,-0.0087,0.020300000000000002,0.0059000000000000025,0.0045,-0.0037174721189590088,0.00186414187908442
1954-06-01,-3.0029475599671667,-3.0022626284335407,-2.411336798626644,-0.5916107613405226,0.00093542851,0.7324678439720566,0.01835741903103597,0.0064,0.0272,0.0163,0.0208,0.0059000000000000025,-0.009999999999999998,0.003731343283581934,0.056542809879742535
1954-07-01,-3.053955716390285,-2.998358107633359,-2.465664222044211,-0.5882914943460742,0.0006133067360000002,0.7021729133134054,0.017707472298425526,0.0072,0.0266,0.0134,0.0194,0.006100000000000001,-0.0094,0.0,-0.026735026733972315
1954-08-01,-3.014799938014609,-3.0493940646445274,-2.429797714290251,-0.585002223724358,0.0011449665549999998,0.7275163787969029,0.017527531397013244,0.0092,0.0269,-0.0036,0.0177,0.006200000000000001,0.0054,0.0,0.07837358565167189
1954-09-01,-3.0901143790457617,-3.010252197736012,-2.508392933646734,-0.5817214453990283,0.000691789464,0.6777451034788882,0.016884188602312594,0.0101,0.0271,-0.001,0.017,0.0058,0.005,0.0,-0.018728297030952544
1954-10-01,-3.054677041332789,-3.074368254222971,-2.471112082326427,-0.5835649590063618,0.000499174367,0.6937581643664452,0.017579611194469463,0.0098,0.0271,0.0006,0.0173,0.005899999999999999,0.0034000000000000002,-0.0037174721189590088,0.09086114281124807
1954-11-01,-3.1168774091790095,-3.039168424851693,-2.5315391550606967,-0.5853382541183128,0.001266825747,0.6316415440701193,0.014153219014120507,0.009300000000000001,0.0274,-0.0025,0.018099999999999998,0.005600000000000001,0.005,0.0,0.05206597740583375
1954-12-01,-3.1511808120968494,-3.1016121348480037,-2.56411590832314,-0.5870649037737093,0.000882280984,0.604119785355721,0.026992812470241084,0.0115,0.0272,0.0064,0.0157,0.005500000000000005,-0.0047,0.0,0.01711489135973729
1955-01-01,-3.1647633440505776,-3.1468589957822415,-2.5594148784338424,-0.6053484656167352,0.0025173979019999996,0.5975588875571755,0.026412209141496137,0.012199999999999999,0.0286,-0.0241,0.0164,0.0052,0.0144,-0.003731343283582156,0.012535745013414043
1955-02-01,-3.164009283943091,-3.160466563246328,-2.5408484961309714,-0.6231607878121193,0.0006040311319999999,0.5931483235001336,0.02804465334951944,0.011699999999999999,0.0292,-0.0078,0.0175,0.0053999999999999986,0.0014999999999999996,0.0,-0.0032440173779301556
1955-03-01,-3.154815821701274,-3.1597244762260406,-2.5143123746267504,-0.6405034470745232,0.002482548154,0.6077617769099342,0.02796834193326807,0.0128,0.0288,0.0087,0.016,0.0045999999999999965,0.0005000000000000004,0.0,0.03807023988589645
1955-04-01,-3.189714812150084,-3.1526834813710765,-2.522483782852473,-0.6672310292976111,0.000628050342,0.5849876659227065,0.026509678885879365,0.0159,0.029,0.0001,0.0131,0.004800000000000002,-0.0002,0.0,0.0050133756558308
1955-05-01,-3.186262581823029,-3.187580626036513,-2.493118592750748,-0.6931439890722813,0.000745073396,0.586075413077249,0.02541871530725801,0.014499999999999999,0.0287,0.0073,0.0142,0.004600000000000003,-0.0091,0.0,0.07716452063627087
1955-06-01,-3.263227887093878,-3.1841393101680264,-2.544922146897778,-0.7183057401961002,0.0006457440699999999,0.5516416323275289,0.025363932271466653,0.0141,0.0293,-0.0076,0.0152,0.0046,0.010499999999999999,0.0,0.05504618354132663
1955-07-01,-3.311583122134339,-3.2526660260407465,-2.5813213916022812,-0.7302617305320573,0.002082118547,0.5345068154985511,0.024760441615846195,0.016,0.03,-0.0102,0.013999999999999999,0.0046,0.0061,0.0,-0.0022469314064404223
1955-08-01,-3.2932947086413416,-3.3011378861023672,-2.5514532998090376,-0.7418414088323039,0.00112040356,0.5318467256183519,0.02667106263285441,0.019,0.0301,0.0004,0.011099999999999999,0.0045000000000000005,-0.0042,0.0037453183520599342,0.00962406689878229
1955-09-01,-3.294235218253177,-3.2829512758423687,-2.5411898961121624,-0.7530453221410143,0.005711080807,0.5336247910505336,0.025633980800136215,0.0207,0.0298,0.0073,0.0091,0.0046,0.0002999999999999999,0.0,-0.032740180081032445
1955-10-01,-3.2591972853315445,-3.290126387122295,-2.492969297211351,-0.7662279881201937,0.0026798957789999993,0.547409149866995,0.025100686602568437,0.0223,0.0292,0.0144,0.0069,0.004900000000000002,-0.0066,0.003731343283581934,0.08248173327289524
1955-11-01,-3.3273112063984884,-3.255111390076657,-2.5481715371646114,-0.7791396692338769,0.0019291618190000002,0.5152505897446509,0.0260337027092683,0.022400000000000003,0.0295,-0.0045,0.007099999999999995,0.004799999999999999,0.0014999999999999996,0.0,-0.002107429691716224
1955-12-01,-3.3225764270462284,-3.3232358401924436,-2.5307986430446556,-0.7917777840015727,0.000474703249,0.5098280098280098,0.025244549861861313,0.0254,0.0295,0.0037,0.0040999999999999995,0.004700000000000003,0.0026,0.0,-0.037883830288696345
1956-01-01,-3.267266707738657,-3.3044490424536717,-2.4871922355604847,-0.7800744721781719,0.001179984062,0.5289544122020648,0.026424477060710903,0.0241,0.0292,0.0083,0.0051,0.004900000000000005,0.0020999999999999994,-0.0037174721189590088,0.038664883721963174
1956-02-01,-3.283561394017213,-3.24946208310515,-2.5149057518586266,-0.7686556421585863,0.001100147203,0.5148351080326683,0.024165344268914136,0.0232,0.0293,-0.0002,0.006100000000000001,0.0049999999999999975,0.0028,0.0,0.06646626743173702
1956-03-01,-3.3330299332513715,-3.2660682365696956,-2.5755248837086233,-0.7575050495427481,0.0010088558209999999,0.5310771996326619,0.026695068384052046,0.0225,0.0303,-0.0149,0.007800000000000001,0.0050000000000000044,0.0002999999999999999,0.0,-0.0025354002537797318
1956-04-01,-3.317569668242864,-3.3196345048220417,-2.5816233577686063,-0.7359463104742577,0.000814899402,0.5266217158800279,0.026213748735125615,0.026000000000000002,0.0311,-0.0113,0.005099999999999997,0.004399999999999994,-0.00020000000000000052,0.0,-0.06248695050454875
1956-05-01,-3.2363562611576944,-3.30434567950139,-2.521864438561426,-0.714491822596268,0.0018364287110000004,0.568559774082209,0.02930298262512309,0.026099999999999998,0.0299,0.0225,0.0038000000000000013,0.004500000000000004,-0.0173,0.003731343283581934,0.03617408395085237
1956-06-01,-3.2617224351367846,-3.2233104219360666,-2.5685752545768397,-0.6931471805599452,0.0010370448649999998,0.5515645927188604,0.025671522082138493,0.024900000000000002,0.0299,0.0027,0.0049999999999999975,0.0049999999999999975,-0.0045000000000000005,0.003717472118959231,0.04795070557565
1956-07-01,-3.3045830405897756,-3.254344166076146,-2.6318627825696885,-0.672720258020087,0.0004955763430000001,0.5249029566829533,0.02475360616689577,0.0231,0.0313,-0.0209,0.008200000000000002,0.005200000000000003,0.0116,0.007407407407407307,-0.035036129446210415
1956-08-01,-3.2584455780911625,-3.297253337444866,-2.6062733459874856,-0.6521722321036768,0.001235405334,0.5413911242132101,0.023811483306661402,0.026000000000000002,0.0325,-0.0187,0.006499999999999999,0.0049999999999999975,-0.0020999999999999977,0.007352941176470562,-0.046818760689209274
1956-09-01,-3.2046446049402517,-3.2511746435779356,-2.573141587491513,-0.6315030174487386,0.000787779448,0.5719095213045766,0.02936194924148792,0.028399999999999998,0.0324,0.005,0.004,0.0051,-0.0038000000000000004,-0.0036496350364962904,0.004100310405610204
1956-10-01,-3.2279836520173446,-3.2229248047609524,-2.5830299974087803,-0.6449536546085646,0.0016420104589999996,0.5664270084401375,0.02945732166408802,0.028999999999999998,0.0329,-0.0054,0.0039000000000000007,0.0058,-0.0051,0.00366300366300365,-0.0039208501495670385
1956-11-01,-3.235579554187147,-3.246609888833109,-2.5768497450504935,-0.6587298091366535,0.0017315170259999996,0.5748974152882949,0.02708845772572853,0.029900000000000003,0.0333,-0.0057,0.0034000000000000002,0.005499999999999998,-0.0069,0.0036496350364965124,0.03324411294458878
1956-12-01,-3.2892164467352867,-3.254553575945138,-2.616389268666299,-0.6728271780689877,0.001020275623,0.5441768274370833,0.026149367267363086,0.0321,0.0345,-0.0179,0.0024000000000000063,0.006200000000000004,0.009699999999999999,0.0,-0.043766303471081285
1957-01-01,-3.248451342365723,-3.291132073480604,-2.574685554266292,-0.6737657880994309,0.00090194246,0.5672426746806912,0.027991993943420845,0.0311,0.0328,0.0346,0.0017000000000000036,0.007200000000000005,-0.0149,0.0036363636363636598,-0.027631859111630887
1957-02-01,-3.2171840066844126,-3.2503764150063437,-2.542474056448857,-0.6747099502355556,0.001056040188,0.584994188799449,0.030172846543541458,0.031,0.0328,0.0025,0.001800000000000003,0.008,0.006799999999999999,0.0,0.02125020798326574
1957-03-01,-3.2385651056071607,-3.219107012015225,-2.5629110824947325,-0.6756540231124281,0.00033029759600000007,0.5998188749183885,0.026599594699423877,0.0308,0.0331,-0.0024,0.0022999999999999965,0.0076999999999999985,0.0074,0.0036231884057971175,0.04299069356065549
1957-04-01,-3.2748517800849477,-3.2385651056071607,-2.5972379140140838,-0.6776138660708636,0.000302460063,0.5760983898373655,0.02742059308723316,0.030699999999999998,0.0345,-0.0222,0.0038000000000000048,0.0077000000000000055,0.015600000000000001,0.0036101083032491488,0.03540603809286509
1957-05-01,-3.3111335313798027,-3.2748517800849477,-2.6315665855092147,-0.6795669458705876,0.000481771175,0.5640385796050937,0.028848654637553393,0.030600000000000002,0.0348,-0.0023,0.004199999999999995,0.0077999999999999944,-0.0052,0.003597122302158251,-0.0031023732290840753
1957-06-01,-3.3098677084259727,-3.3111335313798027,-2.6283485658611463,-0.6815191425648263,0.000578621411,0.5658765324166981,0.03052769142737752,0.0329,0.0361,-0.018,0.0032000000000000015,0.007199999999999998,-0.0142,0.0035842293906811484,0.0067042954447394795
1957-07-01,-3.315439137668593,-3.3041040037092224,-2.634821271602638,-0.6806178660659555,0.000553867662,0.560056634940612,0.032346039764605955,0.0316,0.0365,-0.0041,0.004899999999999995,0.007399999999999997,-0.006899999999999999,0.0035714285714285587,-0.05273599358812362
1957-08-01,-3.2519236789144013,-3.309708462959608,-2.572200483938028,-0.6797231949763736,0.002147248218,0.5880045421699185,0.03585398947573718,0.0337,0.0367,0.0002,0.0030000000000000027,0.007200000000000005,-0.0011,0.007117437722419906,-0.06221818839589131
1957-09-01,-3.182306140086476,-3.2462256577997635,-2.5034653551777684,-0.6788407849087075,0.0015171098810000002,0.6241507779969319,0.034362522478884196,0.0353,0.0364,0.0076,0.0011000000000000038,0.008099999999999996,0.0018999999999999998,0.0,-0.042503951308571396
1957-10-01,-3.1440548650050495,-3.1766404025507984,-2.4805314322983945,-0.6635234327066554,0.004936011404,0.645746417558498,0.038409716496547536,0.0358,0.0369,-0.005,0.0011000000000000038,0.008900000000000005,0.0073,0.0,0.020630358183351273
1957-11-01,-3.154367265828578,-3.1384210472867937,-2.506226266056516,-0.6481409997720616,0.003490078536,0.6330717762909285,0.04098981363551944,0.0331,0.034,0.0533,0.000900000000000005,0.010099999999999998,-0.0222,0.0,-0.04053730174235942
1957-12-01,-3.1064138030060633,-3.148765010279908,-2.4737166784944566,-0.6326971245116068,0.0012514024429999997,0.6536757786499575,0.034873146995566345,0.0304,0.0323,0.0307,0.0019000000000000024,0.012200000000000003,0.0378,0.0035335689045936647,0.041716369079099945
1958-01-01,-3.1520187257255756,-3.1101470197795464,-2.53860191785935,-0.6134168078662254,0.000784465273,0.6328607617439226,0.02989617989445311,0.024399999999999998,0.033,-0.0084,0.008600000000000003,0.012299999999999998,0.0183,0.0,-0.015408758733170401
1958-02-01,-3.1349211676159734,-3.1557603031242647,-2.5413153303447866,-0.5936058372711868,0.000736247717,0.6473904346244772,0.027751080185531674,0.015300000000000001,0.0325,0.01,0.0172,0.010700000000000001,-0.0108,0.007042253521126751,0.03161793244668361
1958-03-01,-3.1690681941025978,-3.138682446710727,-2.595824940768174,-0.5732432533344242,0.000519205729,0.6685916375682693,0.028935347494565326,0.013000000000000001,0.0321,0.0102,0.019099999999999995,0.010499999999999995,-0.0148,0.0,0.03216206335708637
1958-04-01,-3.2079607042091123,-3.176627769271768,-2.6497031140265745,-0.558257590182538,0.0007467615829999999,0.65524503136928,0.027018276765353136,0.0113,0.0311,0.0186,0.019799999999999998,0.010699999999999994,-0.0023,0.006993006993006867,0.019989658952566908
1958-05-01,-3.2304359220088417,-3.215583598264675,-2.6876207107017365,-0.542815211307105,0.00043311720200000007,0.6455586773287227,0.0228695102644738,0.0091,0.0313,0.0001,0.0222,0.010500000000000002,0.003,0.003472222222222099,0.027313266496791024
1958-06-01,-3.2638602427382324,-3.238111590860159,-2.736979228218944,-0.5268810145192885,0.000438202446,0.6246601698105315,0.021436617552809206,0.0083,0.0324,-0.016,0.024099999999999996,0.009800000000000003,0.0122,0.0,0.0423214194359217
1958-07-01,-3.306060597228609,-3.2638602427382324,-2.7848852489043763,-0.5211753483242326,0.0006956245959999999,0.5938487842700649,0.016933799247948526,0.0091,0.0343,-0.0278,0.025199999999999997,0.008600000000000003,0.012499999999999999,0.0,0.017439015788250613
1958-08-01,-3.3178576584170516,-3.306060597228609,-2.802417265570224,-0.5154403928468273,0.0005889618930000002,0.5872638263570769,0.015090629011613248,0.0169,0.0371,-0.0435,0.020200000000000003,0.008199999999999999,0.011499999999999996,0.0034602076124568004,0.047688792193871
1958-09-01,-3.3651008774939406,-3.3178576584170516,-2.855431991855774,-0.5096688856381669,0.000510180329,0.5613711966020786,0.01398347823684889,0.024399999999999998,0.038,-0.0117,0.013600000000000001,0.007800000000000001,0.002100000000000001,-0.0034482758620689724,0.025203756761191364
1958-10-01,-3.386305890091091,-3.3612527995225077,-2.8793295003665658,-0.5069763897245255,0.000793475042,0.5498692978903574,0.012278913274281012,0.0263,0.0374,0.0138,0.011100000000000002,0.008099999999999996,-0.0031000000000000003,0.0,0.02711578609748857
1958-11-01,-3.4046350672748287,-3.382478299211207,-2.9003285559958547,-0.5043065112789737,0.0015302102740000002,0.535823198076992,0.011534943696318972,0.026699999999999998,0.0368,0.012,0.010100000000000001,0.007800000000000001,-0.0014999999999999996,0.0,0.050501122789874384
1958-12-01,-3.4515283083605306,-3.400816356700411,-2.9498875941716127,-0.5016407141889181,0.0007127718850000002,0.511779319797824,0.023686831610820705,0.0277,0.0382,-0.0181,0.010499999999999999,0.007699999999999992,0.012300000000000002,0.0034602076124568004,0.00421324532319883
1959-01-01,-3.4515205680182643,-3.4477241248793855,-2.928626903437154,-0.5228936645811106,0.0005848679840000002,0.5028958179001952,0.027736266061161606,0.0282,0.0408,-0.008,0.012600000000000004,0.0075,0.0052,-0.0034482758620689724,0.0047903842009669
1959-02-01,-3.4475560160381145,-3.4477364725936885,-2.903998562581262,-0.5435574534568522,0.0008447334539999999,0.4949461474730737,0.027898847283532945,0.027000000000000003,0.0402,0.0117,0.013199999999999996,0.0075,0.0008999999999999998,0.0034602076124568004,0.001148811027285904
1959-03-01,-3.4443218082959097,-3.44378053629352,-2.8806786286905046,-0.563643179605405,0.000491508124,0.5168602815309701,0.024984389586117116,0.027999999999999997,0.0403,0.0017,0.012300000000000005,0.007199999999999998,-0.01,-0.0034482758620689724,0.03727463221957505
1959-04-01,-3.4786081158380897,-3.4405605292011563,-2.8881159260085765,-0.5904921898295132,0.0004925502089999999,0.49859719438877753,0.024360569619933985,0.029500000000000002,0.0414,-0.0117,0.011899999999999997,0.0063,-0.0055,0.0,0.021158526569102675
1959-05-01,-3.4936165501956014,-3.474866538439401,-2.8771679026832393,-0.6164486475123621,0.00042780091399999997,0.48307677969524226,0.02588723385922234,0.028399999999999998,0.0417,-0.0005,0.013300000000000003,0.0058999999999999955,-0.0109,0.0034602076124568004,-0.0032221431381822736
1959-06-01,-3.4862981823349153,-3.4898833334221178,-2.844738370565463,-0.641559811769452,0.000915070174,0.483219390926041,0.026882074447754298,0.0321,0.0419,0.001,0.009800000000000003,0.0058,0.0034000000000000002,0.0,0.03142520459962162
1959-07-01,-3.516873689095585,-3.482578850648934,-2.8760963493388045,-0.6407773397567808,0.00048779601599999997,0.4608226647700332,0.027141372074974416,0.032,0.0417,0.006,0.0097,0.006100000000000001,0.0029,0.0034482758620690834,-0.013035992893537475
1959-08-01,-3.4980206183115676,-3.513173684874493,-2.85801502299679,-0.6400055953147772,0.0010696993439999998,0.4680844659171295,0.028146130720926168,0.0338,0.0423,-0.0041,0.0085,0.006600000000000002,-0.0026999999999999993,0.0034364261168384758,-0.04723728816099903
1959-09-01,-3.4476169402172516,-3.49432872879357,-2.8083835243171373,-0.6392334159001142,0.0017098447549999997,0.4923378926038501,0.030528391277140285,0.0404,0.0429,-0.0057,0.0025000000000000022,0.006600000000000002,-0.0031000000000000003,0.0,0.009500094767829703
1959-10-01,-3.4551275585450463,-3.443938630627241,-2.8234663208872037,-0.6316612376578427,0.00061818331,0.48097742035261365,0.031020180544657373,0.0405,0.0421,0.015,0.0015999999999999973,0.007099999999999995,0.0015000000000000013,0.0034246575342467,0.01572058503851713
1959-11-01,-3.4645944817164596,-3.451468213802247,-2.8405046172509483,-0.6240898644655113,0.000499692726,0.47179829485117875,0.02972238038840528,0.0415,0.0432,-0.0119,0.0017000000000000001,0.007000000000000006,0.0254,0.0034129692832762792,0.025802367664150873
1959-12-01,-3.488193579423042,-3.460943014473674,-2.8716796248840124,-0.6165139545390295,0.000307543518,0.45778379651436646,0.022856304098949398,0.0449,0.0447,-0.0159,-0.00020000000000000573,0.006999999999999999,0.006300000000000002,0.0,-0.07579321936848595
1960-01-01,-3.394206946413787,-3.468353451490686,-2.797533119807113,-0.5966738266066738,0.0009194175330000001,0.499502104012078,0.022116167472267467,0.0435,0.0441,0.0112,0.0006000000000000033,0.007299999999999994,-0.0005000000000000004,0.0,0.010930176021311255
1960-02-01,-3.3838872715494697,-3.374758057514682,-2.806662333841901,-0.5772249377075686,0.0011502457680000002,0.49355678283501553,0.02403749397684586,0.039599999999999996,0.0429,0.0204,0.0033000000000000043,0.007800000000000001,-0.007600000000000001,-0.00340136054421758,-0.01613950913774164
1960-03-01,-3.3508080012835433,-3.364804282159023,-2.792666052966421,-0.5581419483171223,0.0009691464609999998,0.5497980830049141,0.025593410038608932,0.0331,0.0411,0.0282,0.008,0.007599999999999996,-0.0091,0.0034129692832762792,-0.01814242320565681
1960-04-01,-3.3314095347308754,-3.349092977931826,-2.7878467095469155,-0.5435628251839597,0.0006451660990000002,0.5634036895462855,0.025577133316052773,0.0323,0.0426,-0.017,0.010299999999999997,0.0075,0.0148,0.0,0.030267317129185345
1960-05-01,-3.356191138822942,-3.329692310658502,-2.827380308730727,-0.5288108300922152,0.00042355850300000004,0.5419664268585132,0.02441437546276916,0.0329,0.0417,0.0152,0.008800000000000002,0.008199999999999999,-0.0173,0.003401360544217802,0.019170610643125228
1960-06-01,-3.373817400645996,-3.3544819867466136,-2.8599195778430353,-0.5138978228029607,0.0004989478820000001,0.5291748618525803,0.024269926304970404,0.0246,0.0407,0.0173,0.0161,0.008099999999999996,-0.0031999999999999997,0.0,-0.02451455993175122
1960-07-01,-3.3487338121264147,-3.373817400645996,-2.8338150382787424,-0.5149187738476726,0.000977819962,0.549673276798599,0.025778486814854926,0.023,0.0382,0.0368,0.015199999999999998,0.008099999999999996,-0.011099999999999999,0.003389830508474523,0.02928350413752069
1960-08-01,-3.374519894528065,-3.3487338121264147,-2.858578149687661,-0.5159417448404038,0.0006369673730000001,0.541542197159699,0.025195535096172984,0.023,0.039,-0.0067,0.016,0.007999999999999993,0.0184,0.0,-0.0621059125753753
1960-09-01,-3.312226043244318,-3.374519894528065,-2.795265430910811,-0.5169606123335067,0.001771622224,0.5843417106215741,0.028312466953847915,0.0248,0.0387,0.0075,0.0139,0.007599999999999996,-0.0138,0.0,-0.00327716608306509
1960-10-01,-3.3097940899364393,-3.312226043244318,-2.7928334776029327,-0.5169606123335067,0.0010487145690000002,0.5841202012543938,0.027823797811665645,0.023,0.0391,-0.0028,0.016100000000000003,0.00810000000000001,0.0036,0.0,0.04375164477146348
1960-11-01,-3.3492741093029976,-3.3097940899364393,-2.832313496969491,-0.5169606123335067,0.0006686740349999999,0.5676300190884431,0.0260342129636394,0.023700000000000002,0.0399,-0.0066,0.016199999999999996,0.0076999999999999985,-0.0004000000000000002,0.006756756756756799,0.04608511676698894
1960-12-01,-3.394508393511359,-3.3492741093029976,-2.8775477811778525,-0.5169606123335067,0.000450305539,0.5504229651398789,0.02276136078944106,0.0225,0.038,0.0279,0.0155,0.0075,-0.0175,0.0,0.06043790029929078
1961-01-01,-3.4574594669911085,-3.3962175455876875,-2.957308750348511,-0.5001507166425974,0.0007411236840000001,0.5229867324899722,0.021815336084963794,0.022400000000000003,0.0404,-0.0107,0.017999999999999995,0.0077999999999999944,0.025500000000000002,0.0,0.030911332143314256
1961-02-01,-3.4856915808996387,-3.4591766910634814,-3.002692124489051,-0.4829994564105877,0.00054745936,0.5120227162880618,0.019419904253929303,0.0242,0.0392,0.02,0.015,0.008000000000000007,0.0010000000000000009,0.0,0.026924674964406613
1961-03-01,-3.512621947969969,-3.487406604251356,-3.0471388301355518,-0.4654831178344173,0.000414941168,0.5466798693525264,0.022737590536724583,0.0239,0.0397,-0.0037,0.015799999999999998,0.008,0.0008000000000000004,0.0,0.0028281822047998553
1961-04-01,-3.5164571908393287,-3.512621947969969,-3.0574676023154597,-0.45898958852386895,0.0010092086259999998,0.5450044938191568,0.023259249957812013,0.0229,0.0391,0.0115,0.016200000000000003,0.007599999999999996,-0.0231,0.0,0.02148152593434485
1961-05-01,-3.535415823437716,-3.5164571908393287,-3.082962205893633,-0.45245361754408353,0.000404343422,0.5309162934894935,0.022465655357862314,0.0229,0.0397,-0.0046,0.0168,0.007400000000000004,0.0095,0.0,-0.02903318192107702
1961-06-01,-3.5061454411376034,-3.535415823437716,-3.0602707946915624,-0.4458746464460409,0.0005489074040000001,0.5408211006491607,0.022482125766926812,0.0233,0.0404,-0.0075,0.017099999999999997,0.007000000000000006,-0.0005000000000000004,0.0,0.03143811530128635
1961-07-01,-3.5349838782943075,-3.502713193713513,-3.0903425784956386,-0.4446412997986686,0.000628373737,0.5244056310872308,0.02517962764818568,0.022400000000000003,0.0404,0.0035,0.017999999999999995,0.0068000000000000005,0.0005,0.0,0.023030142342789186
1961-08-01,-3.5510009790251464,-3.5315684903589206,-3.1075842768119446,-0.44341670221320195,0.00040621505100000004,0.5137928160680056,0.025425910160150417,0.0239,0.041,-0.0038,0.0171,0.006600000000000002,0.002,0.006711409395973034,-0.020549117291070028
1961-09-01,-3.5277101536730893,-3.5475921142174345,-3.085513036296195,-0.4421971173768945,0.0008224996059999999,0.5275167210963905,0.024963386856248895,0.022799999999999997,0.0403,0.0129,0.017500000000000005,0.006699999999999998,0.0014999999999999996,-0.0033333333333334103,0.025887188724856423
1961-10-01,-3.54548719272386,-3.5175577822090713,-3.098256696846981,-0.44723049587687913,0.00026750879100000005,0.5254858506648483,0.025835908945154994,0.023,0.04,0.0071,0.017,0.007100000000000002,0.005599999999999999,0.0033444816053511683,0.042734253853081806
1961-11-01,-3.5740296124349937,-3.5354368568703585,-3.121894045463632,-0.4521355669713619,0.0003603902050000001,0.512610864745011,0.025570612919183385,0.0248,0.0404,-0.002,0.0156,0.007200000000000012,0.0048000000000000004,0.0,0.0027868109071793115
1961-12-01,-3.567298994589347,-3.564079281581826,-3.110375589205707,-0.45692340538363985,0.000336901535,0.5059222583910058,0.022324287879189435,0.026000000000000002,0.0415,-0.0125,0.0155,0.0068000000000000005,0.0099,0.0,-0.04046873822082698
1962-01-01,-3.525390919297883,-3.5640024539570048,-3.053129975001692,-0.4722609442961906,0.0008115306510000001,0.5284285714285714,0.024721355291770126,0.027200000000000002,0.0419,-0.0014,0.014699999999999998,0.006600000000000002,0.0094,0.0,0.01838484842798246
1962-02-01,-3.5382488069848517,-3.522110128177789,-3.0509754607614297,-0.4872733462234218,0.00026509674700000003,0.522420732999082,0.028783380858435216,0.0273,0.0414,0.0103,0.014099999999999998,0.006500000000000006,-0.0051,0.0,-0.005847402103187109
1962-03-01,-3.5290961105133265,-3.534973842294276,-3.027133174005181,-0.5019629365081454,0.000279492147,0.5457245915552726,0.02407530411590809,0.027200000000000002,0.0398,0.0253,0.0126,0.006500000000000006,-0.010199999999999999,0.0033333333333334103,-0.06592896384021672
1962-04-01,-3.4618586955987025,-3.5258318362153416,-2.953318413676757,-0.5085402819219451,0.001019690809,0.5798626245622472,0.025152092394211456,0.0273,0.0394,0.0082,0.012099999999999996,0.006899999999999996,0.006,0.0,-0.0856124430179815
1962-05-01,-3.368695937635637,-3.458609912253435,-2.8536558238426215,-0.5150401137930155,0.010914839126000001,0.6289943915481936,0.027722355150467965,0.0269,0.0393,0.0046,0.012400000000000001,0.007199999999999998,-0.0046,0.0033222591362125353,-0.08610705003395956
1962-06-01,-3.2800713858951203,-3.3654528203335246,-2.7586227747378422,-0.5214486111572781,0.0061611301890000005,0.6873574686431015,0.026455441828352792,0.0273,0.0401,-0.0076,0.012799999999999995,0.00739999999999999,0.005,0.0,0.06046902977844373
1962-07-01,-3.338462069564167,-3.276838752411749,-2.814498949634692,-0.5239631199294748,0.0018434771641473386,0.6452260298028198,0.03048590394562987,0.0292,0.0412,-0.0109,0.012,0.007099999999999995,0.0094,0.0,0.019140205518691965
1962-08-01,-3.350413266275303,-3.3352446754843843,-2.8239532391621722,-0.5264600271131301,0.0008019519321379935,0.6333103516202109,0.0293287512323396,0.0282,0.0401,0.0187,0.011899999999999997,0.007100000000000002,-0.004400000000000001,0.0033112582781458233,-0.052145552687047035
1962-09-01,-3.2977936397319607,-3.34720138292672,-2.7688636624999816,-0.5289299772319788,0.0011769980586619772,0.666344260596221,0.0306016141063986,0.0278,0.0398,0.0061,0.012000000000000004,0.007100000000000002,0.0027999999999999995,0.0,0.005781757123529585
1962-10-01,-3.294244185948232,-3.2898111615770924,-2.7601623578758145,-0.5340818280724174,0.003452108150190437,0.6541533140037642,0.028094503930836852,0.0274,0.0395,0.0084,0.0121,0.007099999999999995,-0.0015999999999999999,0.0033003300330032292,0.10080043367114928
1962-11-01,-3.3830542625207474,-3.286329655323612,-2.8439256725120785,-0.539128590008669,0.0012747828264660001,0.5941783459109811,0.024810506865534907,0.028300000000000002,0.0396,0.0021,0.011300000000000001,0.007099999999999995,0.0040999999999999995,0.0,0.013117223472961943
1962-12-01,-3.388598789825834,-3.3751971852921283,-2.844529107480689,-0.5440696823451452,0.0005438822656559563,0.5916270510657875,0.019968070421955832,0.0287,0.0395,0.0035,0.0108,0.0068000000000000005,-0.0012000000000000001,0.0,0.046642746711151685
1963-01-01,-3.433431920617308,-3.385472227221513,-2.8888632286250955,-0.5445686919922125,0.0006997698378649394,0.5649849893827341,0.017136273519436432,0.0291,0.0398,-0.0001,0.010700000000000001,0.007000000000000006,0.006,0.0,-0.026783717910817618
1963-02-01,-3.4010434037833397,-3.4303197685727067,-2.8559716837465805,-0.5450717200367589,0.0003921329400086703,0.5819531179292243,0.013236789604667643,0.0292,0.04,0.0008,0.0108,0.006999999999999992,0.0015,0.0,0.03363043840380447
1963-03-01,-3.4327861834730404,-3.397936256014024,-2.887222148993268,-0.5455640344797724,0.0003599355103179676,0.587528570591338,0.014380170987533612,0.028900000000000002,0.0401,0.0009,0.011199999999999995,0.0068999999999999895,0.0017,0.0,0.04540717720846732
1963-04-01,-3.47244258307449,-3.4250625989187755,-2.9229905638247535,-0.5494520192497365,0.0003221603880612223,0.5587292740699457,0.015199427376822054,0.028999999999999998,0.0405,-0.0012,0.011500000000000003,0.006600000000000002,-0.0039000000000000007,0.00328947368421062,0.01708584376784911
1963-05-01,-3.4790077664393455,-3.4647827755079983,-2.9257346339459525,-0.5532731324933929,0.00030365573267591907,0.5516121932430945,0.014648533019556568,0.029300000000000003,0.0406,0.0023,0.011299999999999994,0.0063,0.0024999999999999996,0.0,-0.021077609150579883
1963-06-01,-3.4509971370329398,-3.4714016403354035,-2.8939821307975744,-0.5570150062353653,0.0002610983532553293,0.5672815753734721,0.018263202919184415,0.029900000000000003,0.0407,0.0019,0.010799999999999997,0.006099999999999994,0.0024000000000000002,0.0,-0.004519021583832425
1963-07-01,-3.446018937622137,-3.4494846450621734,-2.8801536363219915,-0.5658653013001453,0.0005297970815772215,0.5766216585421969,0.009318731998097048,0.0318,0.0407,0.0031,0.008899999999999998,0.0058,-0.0002999999999999999,0.003278688524590123,0.04958880016825692
1963-08-01,-3.4921019700069444,-3.444504198103489,-2.9174949080582575,-0.5746070619486867,0.0003269086200306698,0.5498272363297317,0.009520076120336536,0.0332,0.0408,0.0021,0.007600000000000003,0.005400000000000002,0.0014000000000000002,0.0032679738562091387,-0.013152840472237096
1963-09-01,-3.4794982320759136,-3.4905940463309673,-2.896246722339186,-0.5832515097367278,0.000329910267015851,0.547223624776539,0.010313262047910655,0.0338,0.041,0.0004,0.007200000000000005,0.005299999999999999,-0.0027,0.0,0.03133652718370908
1963-10-01,-3.5007064740189913,-3.4689970024151915,-2.9229183999130286,-0.5777880741059629,0.0005035319049855499,0.5309640771685447,0.010279966125778554,0.0345,0.0415,-0.0026,0.006999999999999999,0.0051,0.0075,0.0,-0.007193458346453564
1963-11-01,-3.479714897713121,-3.4903099438495175,-2.9073108119530877,-0.572404085760033,0.003110165661842049,0.5342962212865746,0.006012545241775674,0.0352,0.0414,0.0051,0.006199999999999997,0.0051,-0.0036000000000000003,0.0032573289902280145,0.02283529445635749
1963-12-01,-3.493579301687392,-3.4694297301066293,-2.926472842022812,-0.5671064596645802,0.00027356667626276583,0.5255914542237368,0.008954730261391954,0.0352,0.0417,-0.0006,0.006499999999999999,0.0049999999999999975,-0.0028,0.0,0.02402707005622312
1964-01-01,-3.5128645197546557,-3.4862944969185268,-2.939863920745471,-0.5730005990091851,0.0001833411105072051,0.510606870909415,0.014293570495222549,0.0352,0.0421,-0.0014,0.006899999999999996,0.004400000000000008,0.0101,0.0032467532467532756,0.014275240372924559
1964-02-01,-3.5154533862569712,-3.505636722562495,-2.9366706448418896,-0.5787827414150816,7.169954746727038e-05,0.5011622965980953,0.017407918627132556,0.0353,0.0424,-0.0011,0.007100000000000002,0.004700000000000003,0.006500000000000001,0.0,0.01399000807050687
1964-03-01,-3.5233263882808945,-3.508273163606737,-2.938883409321839,-0.5844429789590557,0.00011471138055620209,0.5236754417243542,0.017783239149849746,0.0354,0.0424,0.0037,0.006999999999999999,0.004500000000000004,-0.009899999999999999,0.0,0.0032771052258234712
1964-04-01,-3.5222564484310745,-3.516197353903126,-2.9330517573282657,-0.5892046911028087,0.00025475515225983306,0.5253031069230485,0.020768003420401564,0.0347,0.0423,0.0047,0.007599999999999996,0.00449999999999999,-0.0007000000000000001,0.0,0.014078567100679925
1964-05-01,-3.5265693307869306,-3.515182108948756,-2.9326879626309212,-0.5938813681560092,0.00022577711719403738,0.5190357804426246,0.021179316276947458,0.0348,0.0422,0.005,0.007400000000000004,0.004399999999999994,0.0007000000000000001,0.0,0.014926920479153217
1964-06-01,-3.5358311076703943,-3.5195404845412437,-2.9373640533393788,-0.5984670543310152,0.00039785086856362987,0.5122068550811786,0.020502979903268756,0.0348,0.0419,0.0069,0.007100000000000002,0.004399999999999994,-0.0021000000000000003,0.0,0.01573791947598189
1964-07-01,-3.5455381969608655,-3.5274628579998777,-2.9447187730538373,-0.6008194239070281,0.0001989066578310932,0.5063607181072405,0.021312691433144165,0.0346,0.0421,0.0008,0.0075,0.004299999999999998,0.004399999999999999,0.003236245954692629,-0.014485138854315942
1964-08-01,-3.5208763843706956,-3.5372393941461704,-2.9177511184430704,-0.6031252659276248,0.00042592625682035353,0.5079429443755367,0.020696675098255478,0.035,0.0423,0.002,0.007299999999999994,0.0040999999999999995,0.0017000000000000001,0.003225806451612856,0.02715001856858565
1964-09-01,-3.5409593240373143,-3.51264588523418,-2.9355689547169472,-0.6053903693203669,0.00017049742327560072,0.4865371214457886,0.020403145603255735,0.0353,0.0421,0.005,0.0068000000000000005,0.0040000000000000036,-0.0029000000000000002,-0.003215434083601365,0.005811180848219962
1964-10-01,-3.5408414898299077,-3.532796013398153,-2.937665716933055,-0.6031757728968529,0.00018704386666130088,0.48781325880789844,0.0201157932004039,0.035699999999999996,0.0421,0.0043,0.006400000000000003,0.0039000000000000007,0.0007000000000000001,0.003225806451612856,-0.001299078555433891
1964-11-01,-3.527545780177462,-3.5327442795972885,-2.926555892095632,-0.60098988808183,0.00021286585460055077,0.486503775287573,0.019167478443163972,0.0364,0.0422,0.0017,0.0058,0.003799999999999998,-0.0021,0.0,0.0021191765452533164
1964-12-01,-3.523415014386405,-3.5195136084801977,-2.9245785132977007,-0.598836501088704,0.0003512132858212789,0.4872273002871426,0.02309536942769029,0.0384,0.0423,0.003,0.0039000000000000007,0.003699999999999995,0.0058000000000000005,0.003215434083601254,0.03140338665709588
1965-01-01,-3.549387673559404,-3.516769147165302,-2.947719021426927,-0.6016686521324769,0.00016581280118521305,0.47172319074939634,0.01790380047486088,0.0381,0.0422,0.004,0.0040999999999999995,0.003700000000000002,0.0040999999999999995,0.0,0.0007434922350558256
1965-02-01,-3.541303830358963,-3.5427896298208257,-2.936842037018555,-0.6044617933404081,0.0003931965476332794,0.4713994775755965,0.014823267340740987,0.0393,0.0424,0.0014,0.0030999999999999986,0.003700000000000002,-0.0005,0.0,-0.015881727031161325
1965-03-01,-3.520112673677798,-3.5347451140224644,-2.9129079229185777,-0.6072047507592205,0.00014462028189985647,0.469489904954727,0.019134280875449588,0.0393,0.0422,0.0054,0.0029,0.003600000000000006,-0.004200000000000001,0.0,0.03189735140632423
1965-04-01,-3.5459656627175002,-3.5123001339410047,-2.935242589911123,-0.6107230728063767,0.00016275968488075286,0.45255933471392484,0.014722572331669861,0.0393,0.0422,0.0036,0.0029,0.003700000000000002,-0.0015,0.0032051282051281937,-0.006222088516369673
1965-05-01,-3.5304403126866504,-3.538213685913182,-2.9162632170675407,-0.6141770956191096,0.00033376402913468236,0.4546642847806196,0.016245056568909486,0.038900000000000004,0.0423,0.0018,0.0033999999999999933,0.003699999999999995,-0.0026,0.0031948881789136685,-0.05150835435601561
1965-06-01,-3.472894129499897,-3.522747967063495,-2.8553296301059587,-0.6175644993939383,0.0018293746304502963,0.480858956487679,0.01755122257685039,0.038,0.0423,0.0047,0.004299999999999998,0.0038999999999999937,-0.0044,0.0,0.011286875379781068
1965-07-01,-3.4798712319272203,-3.466527466598093,-2.859077026245223,-0.6207942056819974,0.0005218655993088785,0.47338217615170003,0.01562749390520257,0.0384,0.0424,0.0022,0.0040000000000000036,0.00399999999999999,-0.00030000000000000014,0.006369426751592355,0.02389249289453385
1965-08-01,-3.495820749079681,-3.473548630219822,-2.871846018597429,-0.6239747304822518,0.00010753436077897705,0.46736087784122715,0.015601188262299318,0.0384,0.0428,-0.0013,0.004400000000000001,0.0038999999999999937,0.0007,0.0,0.029726230319236865
1965-09-01,-3.521039004297507,-3.4895341122298773,-2.8939352360545527,-0.6271037682429539,0.00029910124224625633,0.4485374712544864,0.016895389946368976,0.0392,0.0433,-0.0034,0.0040999999999999995,0.0039000000000000076,0.0018999999999999998,0.0,0.025309533600540713
1965-10-01,-3.540526610919355,-3.513548332568349,-2.906955162154852,-0.633571448764503,0.00018837912036113934,0.4344205990716263,0.01746419296943057,0.0403,0.0433,0.0027,0.0029999999999999957,0.003700000000000002,0.0018999999999999998,0.0,-0.007322207923795072
1965-11-01,-3.5242886630168337,-3.5330916324318373,-2.8843859969757006,-0.6399026660411329,0.00014141885326216663,0.44089531113012426,0.020762499843492727,0.0409,0.0441,-0.0062,0.0032000000000000015,0.003500000000000003,0.0004999999999999996,0.0031645569620253333,0.007001248771423031
1965-12-01,-3.52581972096878,-3.516908555719211,-2.8797179040988885,-0.6461018168698913,0.0003013655280646578,0.43063780616140146,0.020837518729631407,0.0438,0.045,-0.0078,0.0011999999999999997,0.0034000000000000002,-0.0071,0.0,0.001895989878772094
1966-01-01,-3.5233504169896577,-3.5184936808767073,-2.8749868390566853,-0.648363577932972,0.00015180444363155273,0.4243983284359081,0.02027862691342897,0.045899999999999996,0.0457,-0.0104,-0.0001999999999999988,0.0031999999999999945,0.0126,0.003154574132492094,-0.016325868069634132
1966-02-01,-3.498043491554496,-3.5160776576605777,-2.8474559254133465,-0.6505875661411495,0.00033706547003400895,0.4384960447110485,0.020025974238215696,0.04650000000000001,0.0477,-0.025,0.0011999999999999927,0.0034000000000000002,0.013700000000000002,0.0,-0.02710339125820476
1966-03-01,-3.4687663782095144,-3.490823243581009,-2.8159916529399567,-0.6527747252695579,0.0009310078959741423,0.49017593563805056,0.016788179507743927,0.045899999999999996,0.046,0.0296,0.00010000000000000286,0.0040000000000000036,-0.035500000000000004,0.0062893081761006275,0.01852184559016174
1966-04-01,-3.4830892062012277,-3.462787882206652,-2.8288302557329428,-0.654258950468285,0.00035126467384596763,0.4854982435095536,0.015636251357783175,0.0462,0.0467,-0.0063,0.0005000000000000004,0.004500000000000004,0.0076,0.0031250000000000444,-0.054480058636481477
1966-05-01,-3.421488947696152,-3.477149794801705,-2.765761967349528,-0.6557269803466239,0.0019354753996564922,0.5127422036716549,0.015945601026339906,0.0464,0.0473,-0.0059,0.000900000000000005,0.0049999999999999975,0.0033,0.006230529595015355,-0.018277192439669784
1966-06-01,-3.3993110335432664,-3.4155810711459362,-2.7421389554415994,-0.6571720781016672,0.0005012069312327924,0.5209746006206183,0.01712295594623748,0.045,0.0477,-0.0016,0.002700000000000001,0.0051,0.0046,0.0,-0.015697045814731324
1966-07-01,-3.378724525810097,-3.3922687509178537,-2.7255462680670473,-0.6531782577430494,0.001013784454286449,0.5349430007788714,0.018641263639168074,0.048,0.0482,-0.0037,0.0001999999999999988,0.005199999999999996,-0.0060999999999999995,0.003095975232198178,-0.0784380800319104
1966-08-01,-3.2907912507977537,-3.3717314903191262,-2.641568651552368,-0.6492225992453855,0.003165234678005566,0.5749546555726082,0.02147027133695566,0.0496,0.0499,-0.0206,0.00030000000000000165,0.005200000000000003,-0.005299999999999999,0.0030864197530864335,-0.010255596565510876
1966-09-01,-3.2768182450203582,-3.2838467784449428,-2.6315101239798757,-0.6453081210404823,0.0016003107116250844,0.5854924956730645,0.016984458547554662,0.0537,0.048,0.0332,-0.005699999999999997,0.0059999999999999915,-0.0254,0.006153846153846176,0.04271137824636772
1966-10-01,-3.325577638666823,-3.279128870939053,-2.675542575602591,-0.650035063064232,0.002546776640774611,0.56166131810128,0.015184079732658656,0.0535,0.0467,0.0228,-0.0068000000000000005,0.006899999999999996,0.003300000000000001,0.0,0.0071684681354136585
1966-11-01,-3.331002498263285,-3.3278901396973617,-2.67624263643452,-0.6547598618287651,0.0007744163149016078,0.572644929824783,0.01754963729834962,0.053200000000000004,0.048,-0.0148,-0.005200000000000003,0.007800000000000001,0.0128,0.006116207951070152,-0.0036660743959915725
1966-12-01,-3.3318311204141917,-3.3333238436668626,-2.6723452224273783,-0.6594858979868132,0.0006269420700952824,0.5769451055759905,0.017207629499393914,0.0496,0.0455,0.0413,-0.0040999999999999995,0.007899999999999997,-0.021200000000000004,0.0,0.07194314358224126
1967-01-01,-3.403624988195099,-3.328352856037867,-2.753640864958566,-0.6499841232365324,0.0007334878431993827,0.5333631411123793,0.0156975215190902,0.0472,0.0448,0.0154,-0.0023999999999999994,0.007699999999999992,0.029599999999999998,0.0,0.0038923750136630355
1967-02-01,-3.402119678245864,-3.4001587802186126,-2.7616635997298538,-0.64045607851601,0.0004124037219870662,0.5400478930626541,0.01770093105536721,0.045599999999999995,0.0465,-0.0221,0.000900000000000005,0.007899999999999997,0.0020000000000000018,0.0,0.03642097048511651
1967-03-01,-3.43731869007615,-3.398665443377776,-2.806413818393425,-0.6309048716827246,0.0005011362075850718,0.5495507979399062,0.014921235146063794,0.0426,0.0455,0.0198,0.0029,0.007199999999999998,-0.008100000000000001,0.0,0.03926192657218459
1967-04-01,-3.478690422598031,-3.43731869007615,-2.855152066732069,-0.623538355865962,0.0008370969069925273,0.5305166936068224,0.015045876646046698,0.0384,0.0477,-0.0291,0.009300000000000003,0.007199999999999991,0.022,0.003039513677811634,-0.051235591739769944
1967-05-01,-3.424824105396739,-3.478690422598031,-2.808706933868394,-0.6161171715283451,0.0008903396231535441,0.5582011823214789,0.011464093859269761,0.036000000000000004,0.0482,-0.0039,0.012199999999999996,0.007199999999999998,-0.0215,0.003030303030303161,0.016438395714064653
1967-06-01,-3.4421848797273227,-3.424824105396739,-2.8335443785419976,-0.6086405011853249,0.0010707327571480442,0.5532048450468463,0.010152823510070848,0.0354,0.0507,-0.0312,0.015300000000000001,0.007100000000000002,0.008899999999999998,0.0030211480362538623,0.042312100986563586
1967-07-01,-3.4842337479214236,-3.439887520678639,-2.8797685406089824,-0.6044652073124412,0.00021844692810296147,0.5262983278775546,0.0066870034980100485,0.0421,0.0505,0.0068,0.008400000000000005,0.0068000000000000005,-0.0026999999999999993,0.0030120481927708997,-0.009942594864747937
1967-08-01,-3.47016088578879,-3.481945087128615,-2.8698658073688628,-0.6002950784199272,0.00029661791501019733,0.5280209477526656,0.005841314699760627,0.042699999999999995,0.0514,-0.0084,0.008700000000000006,0.007099999999999995,0.007699999999999999,0.0030030030030030463,0.030060952354340018
1967-09-01,-3.5001331934486815,-3.46787402634252,-2.904009989170796,-0.5961232042778857,0.0003585438170942761,0.5135648457902575,0.005599816278769475,0.044199999999999996,0.0517,-0.0004,0.007500000000000007,0.0075,0.0098,0.0029940119760478723,-0.03172414919735444
1967-10-01,-3.4706467699340267,-3.5001331934486815,-2.8726385509603696,-0.5980082189736571,0.0004449024953697818,0.5409552822424807,0.0037152212921777016,0.045599999999999995,0.0549,-0.04,0.009300000000000003,0.006999999999999992,0.0119,0.0029850746268658135,0.0028208482736714773
1967-11-01,-3.4717111659898134,-3.4706467699340267,-2.8718214789164507,-0.5998896870733628,0.000954782524756538,0.543382697160343,0.002772998210728787,0.0473,0.0567,-0.0196,0.009399999999999999,0.006499999999999992,-0.007599999999999999,0.0029761904761904656,0.023424284115486048
1967-12-01,-3.4976484629022715,-3.4717111659898134,-2.8958808410047086,-0.6017676218975627,0.0002708991606293759,0.525792445117168,0.014361110027660029,0.049699999999999994,0.0556,0.0192,0.0059000000000000025,0.007399999999999997,-0.006499999999999999,0.0029673590504448732,-0.04676905062559593
1968-01-01,-3.4493914529318275,-3.494229656153486,-2.8441862715206763,-0.605205181411151,0.0004833189350448043,0.5563023834851017,0.01285423537356966,0.05,0.0536,0.0328,0.003599999999999999,0.0067000000000000046,0.0032999999999999974,0.002958579881656931,-0.03116084186953763
1968-02-01,-3.414263573410355,-3.445984294610213,-2.8056577245848064,-0.6086058488255484,0.0008204453063018298,0.5662105889351576,0.010450810193127666,0.049800000000000004,0.0542,-0.0033,0.004399999999999994,0.007000000000000006,0.007,0.005899705014749346,0.00585649720885054
1968-03-01,-3.4202242567168497,-3.410867984409217,-2.8082503662007268,-0.6119738905161229,0.0013954810358281918,0.5668098064638919,0.012677245923167827,0.051699999999999996,0.056,-0.0212,0.004300000000000005,0.00739999999999999,0.0015000000000000013,0.0029325513196480912,0.07645198884768004
1968-04-01,-3.4944613931556914,-3.4157157910709,-2.879062448513019,-0.6153989446426724,0.0016075746379292835,0.5223520641950407,0.008140239388126025,0.0538,0.0547,0.0227,0.000899999999999998,0.007599999999999996,-0.017900000000000003,0.0029239766081869956,0.011751486383707863
1968-05-01,-3.501077065620656,-3.48996980311287,-2.8822968274859893,-0.6187802381346665,0.00038653102139201936,0.5300333704115684,0.010646500945249594,0.056600000000000004,0.0547,0.0043,-0.0019000000000000059,0.0076000000000000095,-0.0010999999999999998,0.00291545189504383,0.0055763776605039575
1968-06-01,-3.5056879538114414,-3.4966089042585606,-2.883566287274844,-0.6221216665365976,0.0004995047042005234,0.5307418133214524,0.012090181412477469,0.0552,0.0534,0.023,-0.001799999999999996,0.00789999999999999,-0.010799999999999999,0.0029069767441860517,-0.022386456139340368
1968-07-01,-3.4825892187684016,-3.501239668140429,-2.859544294100905,-0.6230449246674961,0.0007566192973929713,0.5396375990939978,0.01388552775363401,0.053099999999999994,0.0517,0.0289,-0.0013999999999999915,0.007399999999999997,0.0052,0.005797101449275477,0.012090525705809648
1968-08-01,-3.4895511338633227,-3.4781573178265184,-2.8655952657272143,-0.6239558681361088,0.0003164033573881045,0.5318021004229864,0.018035137689828683,0.0509,0.052,-0.0003,0.0010999999999999968,0.008,0.020900000000000002,0.0057636887608067955,0.03430569848154265
1968-09-01,-3.5229573417895956,-3.4851420883575353,-2.898096069095782,-0.6248612726938139,0.0002682316574578456,0.5091954391476721,0.0182871234462752,0.0519,0.0531,-0.0102,0.0011999999999999997,0.008200000000000006,0.004900000000000001,0.002865329512893977,0.004159993122847292
1968-10-01,-3.525749358548968,-3.5185676506629577,-2.8994063549848352,-0.6263430035641331,0.0002684030204878884,0.5003202469576539,0.019410181952969365,0.0535,0.0543,-0.0132,0.0008000000000000021,0.007500000000000007,-0.0028000000000000004,0.0028571428571428914,0.04800268411222871
1968-11-01,-3.5682252098226934,-3.5213755810846736,-2.9404170879748963,-0.6278081218477973,0.0002629657863405989,0.48371705851301416,0.02118878551231064,0.0545,0.0566,-0.0269,0.0020999999999999977,0.008199999999999992,0.004300000000000002,0.005698005698005604,-0.04597356297496231
1968-12-01,-3.5213662768170666,-3.5638737363357977,-2.892106363708373,-0.6292599131086942,0.00033397510071427305,0.5049006622516556,0.03196144670421363,0.0596,0.0598,-0.0363,0.0001999999999999988,0.007800000000000001,0.012999999999999998,0.0028328611898016387,-0.012861627135048107
1969-01-01,-3.5098964739101186,-3.5181142414306894,-2.880422388211316,-0.629474085698803,0.0006067702772336472,0.5036731673801597,0.036524492439944,0.061399999999999996,0.0617,-0.0206,0.00030000000000000165,0.007300000000000001,0.0345,0.0028248587570622874,-0.04783208256350121
1969-02-01,-3.4581220393087477,-3.5066549799859477,-2.828435212666028,-0.6296868266427196,0.0005955962528750203,0.5263971896024127,0.0413173288012826,0.061200000000000004,0.0618,0.0042,0.0005999999999999964,0.006399999999999989,-0.0202,0.0028169014084507005,0.029664137369215818
1969-03-01,-3.4887552043052397,-3.4548910187273014,-2.8588570540529936,-0.6298981502522458,0.0005416310257819913,0.5570402360285629,0.03950800385709243,0.0602,0.062,0.001,0.001800000000000003,0.006600000000000009,-0.021,0.00561797752808979,0.017229606064384093
1969-04-01,-3.5067829523790435,-3.485534589605197,-2.8789600249286904,-0.6278229274503531,0.0005504122158703899,0.5484224041760509,0.0442909516712131,0.0611,0.0593,0.0427,-0.001800000000000003,0.006499999999999992,-0.0092,0.008379888268156499,-0.0009419243632228539
1969-05-01,-3.5013520627539783,-3.5035726767487954,-2.8755970437427454,-0.6257550190112329,0.00042689743733280905,0.555804428516575,0.04400564584288879,0.0604,0.0635,-0.049,0.0030999999999999986,0.007299999999999987,0.0263,0.005540166204986097,-0.06097719863949553
1969-06-01,-3.4409709034041898,-3.4981520600233074,-2.8172731111161164,-0.6236977922880738,0.0007522369142320766,0.596777333684536,0.04515276034884265,0.0644,0.0623,0.0214,-0.0020999999999999977,0.007199999999999998,-0.0179,0.0027548209366392573,-0.06570714694898859
1969-07-01,-3.376777313997561,-3.4388421803283817,-2.7523578589427333,-0.6244194550548277,0.0023056499844712293,0.6390179896256147,0.05116088621738784,0.07,0.0621,0.0079,-0.007900000000000004,0.007599999999999996,-0.0074,0.005494505494505475,0.03972575207496864
1969-08-01,-3.4139482065153395,-3.374656294094124,-2.7888091897437737,-0.6251390167715656,0.0009182338133264014,0.6227889855626733,0.04691475266285588,0.0698,0.063,-0.0069,-0.0068000000000000005,0.008900000000000005,0.0049,0.005464480874316724,-0.03041310265153069
1969-09-01,-3.3864865311455863,-3.4118285012091047,-2.760632986319633,-0.6258535448259535,0.0008915878476120781,0.6408884625318231,0.04839122444917516,0.0709,0.0677,-0.0531,-0.0032000000000000084,0.00910000000000001,0.0287,0.005434782608695787,0.039851344665624684
1969-10-01,-3.4287231121352564,-3.3854299466704623,-2.8101714193853056,-0.6185516927499508,0.0007537233048115984,0.6087687940279677,0.04863028112808978,0.07,0.0653,0.0365,-0.00470000000000001,0.008900000000000005,-0.023799999999999998,0.002702702702702675,-0.034771889281567554
1969-11-01,-3.3917537856423308,-3.4276644749523935,-2.780543527091795,-0.6112102585505361,0.0005091361969821394,0.6415117567401207,0.04790400933574238,0.0724,0.0676,-0.0243,-0.004800000000000013,0.009000000000000008,-0.022800000000000004,0.005390835579514697,-0.023446420015128144
1969-12-01,-3.371868510790275,-3.390699432539039,-2.7680368557048096,-0.6038316550854654,0.0011635548351533978,0.6510820130941076,0.034273783303565106,0.0782,0.0687,-0.0068,-0.009500000000000008,0.009300000000000017,-0.006600000000000001,0.00536193029490617,-0.0843739760103432
1970-01-01,-3.291261252718252,-3.3708152681767034,-2.697170992203996,-0.5940902605142564,0.001067097271218063,0.7003467462301428,0.03447320797551426,0.0787,0.0693,-0.0021,-0.009400000000000006,0.009499999999999995,0.0162,0.005333333333333412,0.05163606012483608
1970-02-01,-3.341558062711399,-3.290205960361234,-2.7572873925477497,-0.5842706701636495,0.0010587117306881857,0.6701475070409856,0.0358552170375318,0.0713,0.0651,0.0587,-0.006199999999999997,0.008499999999999994,-0.018600000000000005,0.0026525198938991412,-0.0028817459372872437
1970-03-01,-3.341958497480081,-3.34050703739162,-2.7675806432176717,-0.5743778542624098,0.0009635389970893111,0.6903267690975978,0.035841581177216954,0.0663,0.0661,-0.0068,-0.00019999999999999185,0.007900000000000004,0.0023,0.005291005291005346,-0.0980144300100484
1970-04-01,-3.2460668792000247,-3.340908575654826,-2.679273572491253,-0.5667933067087718,0.0016146769913286704,0.7367505807871533,0.03571212482675271,0.06509999999999999,0.0699,-0.0413,0.004800000000000013,0.0087,0.016300000000000002,0.0052631578947368585,-0.061527309530231944
1970-05-01,-3.182110643788299,-3.2450149105990755,-2.622945114129256,-0.5591655296590432,0.008151854425065889,0.7742276283478955,0.038661028309579064,0.0684,0.0743,-0.0468,0.0059000000000000025,0.008700000000000013,0.030500000000000003,0.00785340314136107,-0.05605811054935391
1970-06-01,-3.1297352530771376,-3.181062925311607,-2.578238589580219,-0.5514966634969183,0.0026519110173923743,0.7933814170555791,0.04229074791135813,0.0668,0.0709,0.0486,0.004100000000000006,0.0076999999999999985,-0.048499999999999995,0.0025974025974027093,0.06762052821182163
1970-07-01,-3.199421828257879,-3.128688631165661,-2.6586799910434866,-0.5407418372143924,0.002126476383453863,0.7387075682449735,0.043073821662607,0.0645,0.0687,0.0319,0.004199999999999995,0.009600000000000011,0.0237,0.005181347150258864,0.04329270881459475
1970-08-01,-3.2418719044947117,-3.1983731625416834,-2.711983958612784,-0.5298879458819281,0.0018871043050804042,0.7092782965811294,0.038729252606242486,0.0641,0.0694,-0.0019,0.005299999999999999,0.013099999999999987,0.0119,0.005154639175257714,0.028727990277980456
1970-09-01,-3.2732927622451475,-3.240827472117716,-2.75434970395919,-0.5189430582859575,0.001057964932286218,0.7129147604774675,0.03794241925083178,0.061200000000000004,0.068,0.0228,0.0068000000000000005,0.013000000000000012,-0.008900000000000002,0.0,-0.013662488122849335
1970-10-01,-3.2670666191461084,-3.2785321693274563,-2.7572915481203983,-0.5097750710257101,0.0010433956864619354,0.7176982835060414,0.036962491060234325,0.0591,0.0693,-0.0109,0.0102,0.012999999999999998,0.0013000000000000008,0.00512820512820511,0.048370103069494
1970-11-01,-3.318686656419405,-3.2723304543650245,-2.818263834966843,-0.5004228214525621,0.000885453566751327,0.6829200720321373,0.03522492799431059,0.0528,0.0637,0.0791,0.010900000000000007,0.013300000000000006,-0.020700000000000003,0.005102040816326481,0.05283542276024852
1970-12-01,-3.3791948841956705,-3.3239815309947716,-2.888312024933154,-0.4908828592625163,0.0005351999430460775,0.6464263576979926,0.03146170744744369,0.0487,0.0648,-0.0084,0.016099999999999996,0.014799999999999994,0.045599999999999995,0.005076142131979822,0.03814345526438198
1971-01-01,-3.4220644050141216,-3.3823846795637706,-2.922160830072712,-0.4999035749414096,0.0005410308778134086,0.6244099021301094,0.03059313016798034,0.0444,0.0612,0.0506,0.016799999999999995,0.013800000000000007,0.002599999999999998,0.005050505050504972,0.009934541249634775
1971-02-01,-3.4342973300885,-3.4252644077447925,-2.9253966347320937,-0.5089006953564061,0.0004514535841270968,0.6170704231762684,0.025801375062031392,0.037000000000000005,0.0629,-0.0163,0.025899999999999992,0.0131,-0.020300000000000002,0.0,0.035328648541411926
1971-03-01,-3.4736426647042506,-3.437507605718748,-2.9557679890008464,-0.5178746757034045,0.0004927194343487428,0.6338113825093712,0.026398845134115913,0.0338,0.0593,0.0526,0.025500000000000002,0.012500000000000011,-0.0268,0.002512562814070307,0.033502090170404064
1971-04-01,-3.5103586013138344,-3.474713977905206,-2.985047853060366,-0.5253107482534678,0.0003075549167839726,0.6086541014069552,0.026556978719424966,0.038599999999999995,0.0619,-0.0283,0.0233,0.011999999999999997,0.004699999999999999,0.0025062656641603454,-0.040753445668265685
1971-05-01,-3.468987595550332,-3.5114342857975887,-2.9362747660013477,-0.5327128295489842,0.0005392762551897826,0.6314096562055938,0.029722577401961048,0.0414,0.0624,-0.0006,0.020999999999999998,0.010899999999999993,-0.0155,0.0024999999999999467,-0.0012571413706369467
1971-06-01,-3.470763565476692,-3.470061212565665,-2.930692373614239,-0.5400711918624526,0.0009245396225532603,0.6432210427093387,0.027278498261608483,0.0475,0.0641,-0.0159,0.016600000000000004,0.011099999999999999,0.0266,0.004987531172069737,-0.04567584539159275
1971-07-01,-3.4296362525666897,-3.4718383363844696,-2.8816210797913584,-0.5480151727753308,0.000518434449077196,0.667730624512191,0.025796320524999812,0.054000000000000006,0.0643,0.003,0.01029999999999999,0.011200000000000002,-0.0055,0.007444168734491496,0.03648750219258046
1971-08-01,-3.4661746539899996,-3.4307154126068005,-2.910259829618138,-0.5559148243718615,0.002451222911213888,0.638257596846571,0.02678196267504702,0.049400000000000006,0.061,0.0471,0.011599999999999992,0.011700000000000002,0.008299999999999995,0.0024630541871921707,-0.008743905345228826
1971-09-01,-3.4602597710741394,-3.4672517436235575,-2.896491728037949,-0.56376804303619,0.0005242638857675261,0.6460848296306315,0.027934416899833794,0.046900000000000004,0.0598,0.0204,0.012899999999999995,0.011499999999999996,-0.030600000000000002,0.002457002457002311,-0.04464955038700189
1971-10-01,-3.4197284204441063,-3.4624206802092345,-2.837360741929661,-0.5823676785144452,0.0006619354772454507,0.6831942789034565,0.02924382901674635,0.0446,0.0588,0.0167,0.014199999999999997,0.010900000000000007,0.0115,0.0,-0.00079936294435179
1971-11-01,-3.419340550362527,-3.421890758948982,-2.818637674097605,-0.6007028762649222,0.0018662556356896453,0.6894892583058677,0.029451910127801992,0.042199999999999994,0.0596,-0.0047,0.017400000000000006,0.011200000000000015,0.0076,0.002450980392156854,0.08053767639564272
1971-12-01,-3.5041772155818185,-3.4215108320331042,-2.88538860234042,-0.6187886132413989,0.0011829844439591227,0.6439002471354752,0.034023358653099176,0.0401,0.0597,0.0044,0.019600000000000006,0.011300000000000018,0.0179,0.0,0.016012306575485764
1972-01-01,-3.52213624798119,-3.5041772155818185,-2.8969349069676014,-0.6252013410135886,0.0004942247409873367,0.6353569726326525,0.0330751165676602,0.0338,0.0606,-0.0063,0.026800000000000004,0.010399999999999993,0.003,0.004889975550122383,0.027276462134382132
1972-02-01,-3.547124484633759,-3.52213624798119,-2.915553009134058,-0.6315714754997015,0.00028438442588817503,0.6175858985271461,0.03302977861866101,0.032,0.0602,0.0088,0.028199999999999996,0.009599999999999997,0.001899999999999999,0.0,0.004592013601438636
1972-03-01,-3.5530186870375955,-3.547124484633759,-2.9151156777728815,-0.637903009264714,0.0005451043649518624,0.6459019878813649,0.03172318250944954,0.0373,0.0613,-0.0082,0.024,0.009999999999999995,0.0106,0.0048661800486617945,0.002565258111652934
1972-04-01,-3.55739343222852,-3.5530186870375955,-2.9103532922512625,-0.6470401399772576,0.00038339146865483306,0.6367838016286407,0.03249183215256915,0.0371,0.0615,0.0027,0.024399999999999998,0.009400000000000006,0.0007999999999999999,0.002421307506053294,0.01878457362694692
1972-05-01,-3.574520922736549,-3.55739343222852,-2.918424693702217,-0.6560962290343324,0.0007690516701370875,0.6324423349154801,0.030657066491460886,0.0369,0.0597,0.027,0.0228,0.009300000000000003,-0.010700000000000001,0.0024154589371980784,-0.023257706774079907
1972-06-01,-3.552458828853708,-3.574520922736549,-2.8873894630483035,-0.665069365805405,0.00036535220731591486,0.6540154785098437,0.034199389463755225,0.0391,0.0607,-0.0065,0.021599999999999994,0.009699999999999986,-0.0002999999999999999,0.002409638554216942,0.00014454144252587422
1972-07-01,-3.553705403569019,-3.5513747261517077,-2.8802724484770126,-0.6734329550920068,0.000595486952559562,0.6570495490624392,0.03332509253556919,0.0398,0.0593,0.0216,0.019499999999999997,0.0102,-0.018600000000000002,0.0024038461538462563,0.035771872528813406
1972-08-01,-3.586492840323948,-3.552619224600442,-2.9047884401785957,-0.6817044001453525,0.0005949986564746679,0.630467039523518,0.031848784629650274,0.04019999999999999,0.0595,0.0029,0.019300000000000005,0.009999999999999995,0.0043,0.004796163069544335,-0.006676614191693098
1972-09-01,-3.580538310317972,-3.585411086608148,-2.890643165144404,-0.689895145173568,0.0004657121396216913,0.6373850011014718,0.032869774506568125,0.0466,0.0606,-0.0083,0.013999999999999999,0.0087,0.0114,0.0023866348448686736,0.006827238885887928
1972-10-01,-3.582266093910949,-3.572992178797022,-2.8848311219844525,-0.6974349719264967,0.0008582678165121559,0.6358841259209645,0.032353443766469904,0.047400000000000005,0.0591,0.0234,0.011699999999999995,0.008500000000000008,-0.013300000000000001,0.0023809523809523725,0.045379809478131965
1972-11-01,-3.61938089638823,-3.574773281969846,-2.914575405451843,-0.7048054909363868,0.0004884563620273701,0.5967334832696595,0.030952249789983025,0.0478,0.0577,0.0226,0.009899999999999999,0.0087,0.0023,0.004750593824227822,0.009877330951784126
1972-12-01,-3.62370581069398,-3.6119469839982243,-2.911690145829652,-0.7120156648643281,0.0005171709615302013,0.5956745946157919,0.03420348372923823,0.0507,0.0599,-0.0229,0.0092,0.008499999999999994,0.0225,0.0023640661938535423,-0.02128425004426366
1973-01-01,-3.604331103863925,-3.621590589035993,-2.874892254936404,-0.7294388489275212,0.000515604150400766,0.6081960321114692,0.035647312062081916,0.0541,0.0685,-0.0321,0.014400000000000003,0.007499999999999993,0.026699999999999995,0.002358490566037874,-0.038494674621914415
1973-02-01,-3.56401236880167,-3.6022235081470617,-2.8175186532957217,-0.7464937155059486,0.001264594350919862,0.6361837352235962,0.03629986698012111,0.055999999999999994,0.0688,0.0014,0.012800000000000006,0.007499999999999993,0.0009,0.0023529411764706687,-0.005683050093914796
1973-03-01,-3.5604723591230245,-3.561906051124873,-2.797281334830153,-0.7631910242928719,0.0015575644099601977,0.6760181280953933,0.036706149291252245,0.060899999999999996,0.0686,0.0082,0.0076999999999999985,0.00739999999999999,-0.003700000000000001,0.007042253521126751,-0.04607519009654293
1973-04-01,-3.5135719368982814,-3.5552274625924563,-2.734766934790196,-0.7788050021080857,0.0015175397549063974,0.6977198484963589,0.03783323682177886,0.0626,0.0687,0.0046,0.006099999999999994,0.008300000000000002,0.0015000000000000005,0.00932400932400923,-0.01913525477461629
1973-05-01,-3.489293152535818,-3.5083575275872154,-2.695268491654174,-0.7940246608816441,0.0030775217073754717,0.7132159616600658,0.039602216300279706,0.0636,0.0703,-0.0105,0.006699999999999998,0.0076999999999999985,0.006600000000000001,0.006928406466512715,-0.010278491347988094
1973-06-01,-3.4775064197836434,-3.484102686710325,-2.6686487431692867,-0.8088576766143565,0.0021646024811397733,0.7209743077906494,0.03901339846580838,0.0719,0.071,-0.0021,-0.0009000000000000119,0.0076000000000000095,-0.0035,0.006880733944954143,0.03200229294529699
1973-07-01,-3.5096211687138785,-3.4723427558392492,-2.684941435858925,-0.8246797328549536,0.0018680136358772126,0.6939766839378239,0.03735006262508739,0.0801,0.076,-0.0433,-0.004100000000000006,0.007900000000000004,-0.004300000000000005,0.006833712984054774,-0.03902784198252249
1973-08-01,-3.4671127735127083,-3.504487105048387,-2.6270114207750637,-0.8401013527376444,0.0010958834359663912,0.7243372353729846,0.03738876745207968,0.0867,0.0728,0.0391,-0.013899999999999996,0.008499999999999994,-0.003500000000000003,0.002262443438913797,0.03457510971367602
1973-09-01,-3.501314818574928,-3.4620018757697486,-2.6461840199665376,-0.8551307986083905,0.0009345578452280561,0.6788089958821666,0.03436122565173558,0.08289999999999999,0.0703,0.0318,-0.012599999999999986,0.010000000000000009,0.003799999999999998,0.01805869074492117,-0.006167014759587576
1973-10-01,-3.4888711729476087,-3.4901631627914105,-2.6247235756675216,-0.8641475972800872,0.001344744905952718,0.6720817913817976,0.03466033011123702,0.0722,0.0689,0.0215,-0.0032999999999999974,0.00810000000000001,-0.0281,0.0022172949002217113,-0.11899946733359883
1973-11-01,-3.3569641216752295,-3.477845497344024,-2.4840737328996565,-0.872890388775573,0.004369748332827953,0.7818789905746427,0.038736339192755286,0.0783,0.0712,-0.0183,-0.007099999999999995,0.007499999999999993,0.026099999999999998,0.008849557522123908,0.011431823528660658
1973-12-01,-3.3624893575741934,-3.346055728476567,-2.481120898093105,-0.8813684594810882,0.005358337958347914,0.7555884634369932,0.013007395124224599,0.0745,0.0726,-0.0082,-0.001899999999999999,0.008000000000000007,-0.0006999999999999992,0.006578947368421018,-0.014433384713537611
1974-01-01,-3.346492702356711,-3.356589635447005,-2.4628868184234456,-0.8836058839332654,0.0034094716682210257,0.7514464379638829,0.01162674909434991,0.07769999999999999,0.074,-0.0083,-0.003699999999999995,0.006500000000000006,0.003,0.0065359477124184995,-0.003793226156862991
1974-02-01,-3.3369966851967936,-3.340627582904313,-2.4511856589977796,-0.885811026199014,0.0018780076517634537,0.7470977188476869,0.010918647698395442,0.0712,0.0748,-0.0024,0.003600000000000006,0.006799999999999987,0.0033,0.008658008658008587,-0.02764391048504418
1974-03-01,-3.3076105222893624,-3.3311657648860002,-2.419623566578059,-0.8879869557113034,0.0016936350265754638,0.8151840128501915,0.010399936064688012,0.0796,0.0783,-0.0292,-0.0013000000000000095,0.006099999999999994,-0.0015000000000000013,0.012875536480686733,-0.04584804483726499
1974-04-01,-3.2619796071930747,-3.3018134046050367,-2.3647514990286567,-0.897228108164418,0.0017291765401016427,0.8248580818643562,0.009657491286154564,0.0833,0.0816,-0.0253,-0.0016999999999999932,0.006199999999999983,-0.008799999999999999,0.012711864406779627,-0.034736331426890435
1974-05-01,-3.2220890477384323,-3.256215902476325,-2.3158103382755026,-0.9062787094629294,0.0020987463711757753,0.8604161212710524,0.009246923420192104,0.0823,0.081,0.0123,-0.0012999999999999956,0.006800000000000014,-0.0017999999999999995,0.004184100418409997,-0.018880905095332925
1974-06-01,-3.2015843277581393,-3.216358373029447,-2.2864371065860634,-0.9151472211720759,0.0023003693732100744,0.8601587717002531,0.008028169497584144,0.079,0.0812,0.0045,0.0021999999999999936,0.00799999999999998,-0.033,0.012499999999999956,-0.08677451779914404
1974-07-01,-3.1120663531500226,-3.1930494253083017,-2.191441683589714,-0.9206246695603089,0.004917515669898722,0.9112393224456387,0.006838885178667832,0.0755,0.0823,-0.0029,0.0068000000000000005,0.0076000000000000095,-0.0182,0.008230452674897082,-0.09173278908703625
1974-08-01,-3.0089867403559407,-3.103603679231289,-2.0830049169240707,-0.92598182343187,0.004791026351248765,1.0171239942232309,0.0065552243524529515,0.08960000000000001,0.0855,-0.0232,-0.004100000000000006,0.0076999999999999985,-0.0036000000000000025,0.008163265306122325,-0.1330763259193628
1974-09-01,-2.8735174263411825,-3.000595082719692,-1.9422969175695033,-0.9312205087716794,0.007811712529124645,1.135440143451725,0.005137479189935306,0.0806,0.0837,0.0247,0.0030999999999999917,0.009400000000000006,-0.007300000000000001,0.012145748987854255,0.15030258725317244
1974-10-01,-3.02363347878563,-2.8725902796728437,-2.1014220842441835,-0.9222113945414465,0.01008494796465146,1.037083784108667,0.0036384074517773713,0.0746,0.0795,0.0489,0.004900000000000002,0.012100000000000014,0.039599999999999996,0.01200000000000001,-0.052150089252271215
1974-11-01,-2.9680581613722414,-3.022704410568593,-2.05492476903067,-0.9131333923415714,0.003513799008832058,1.1156370219506677,0.007814601227773867,0.0747,0.0771,0.0295,0.0023999999999999994,0.01709999999999999,-0.017799999999999996,0.009881422924901129,-0.025160969521474008
1974-12-01,-2.9467754288274604,-2.967132733295741,-2.042782224763711,-0.9039932040637491,0.0038144275315462116,1.1200181747371154,0.008771573957945762,0.07150000000000001,0.076,0.0171,0.00449999999999999,0.0174,-0.0246,0.007827788649706457,0.11076347141701988
1975-01-01,-3.0561521553542166,-2.940315781788141,-2.1752545238878516,-0.8808976314663648,0.004017208219313703,0.9808296266822037,0.008510448575221766,0.0626,0.0796,0.0225,0.017,0.019799999999999998,0.0371,0.007766990291262044,0.06099121327544588
1975-02-01,-3.1078922830386193,-3.04973122545351,-2.2503317864684518,-0.8575604965701675,0.0021790298727881853,0.9339016304715514,0.011652331822258308,0.055,0.0788,0.0131,0.023799999999999995,0.0203,0.0005999999999999998,0.003853564547206201,0.019638580495603235
1975-03-01,-3.122976915938578,-3.1015150433742305,-2.2890021366359745,-0.8339747793026033,0.002402615324323902,0.9724663151728178,0.020466950176391628,0.054900000000000004,0.0824,-0.0267,0.027499999999999997,0.018100000000000005,0.0020000000000000018,0.007677543186180413,0.043851093919211555
1975-04-01,-3.16553322852769,-3.11935134368719,-2.354702263178568,-0.8108309653491219,0.002313777625416189,0.9094893710278326,0.022496224456674763,0.056100000000000004,0.0852,-0.0182,0.029099999999999994,0.01630000000000001,0.013000000000000001,0.003809523809523929,0.045535361368428
1975-05-01,-3.205074086717657,-3.161918048438542,-2.4177663324963334,-0.7873077542213236,0.00180717217386403,0.8975236996719894,0.022953771745019984,0.052300000000000006,0.0836,0.0212,0.03129999999999999,0.017899999999999985,-0.0106,0.003795066413662118,0.041092050672066685
1975-06-01,-3.24484301764387,-3.2014746245053276,-2.481445894406922,-0.7633971232369479,0.0013533554535377027,0.8498390197840704,0.022961696053409884,0.053399999999999996,0.0813,0.0292,0.0279,0.01849999999999999,0.0011999999999999997,0.005671077504725952,-0.07253644919130833
1975-07-01,-3.174791551736181,-3.24484301764387,-2.4198053293052166,-0.7549862224309647,0.001244403730967414,0.8983656239852797,0.02562789613882191,0.0613,0.0829,-0.0087,0.0216,0.017100000000000018,0.005699999999999999,0.007518796992481258,-0.02057547761966114
1975-08-01,-3.153495979566281,-3.174791551736181,-2.4069907239995514,-0.7465052555667298,0.002343136350069799,0.8942466540570306,0.02636637783996563,0.0644,0.0844,-0.0068,0.020000000000000004,0.016399999999999998,-0.010700000000000001,0.011194029850746245,-0.038067493953617
1975-09-01,-3.118236104376976,-3.153495979566281,-2.380285646801193,-0.7379504575757834,0.0023046247877807364,0.9409482541442031,0.02791952339332862,0.0642,0.0862,-0.0098,0.022000000000000006,0.016600000000000004,-0.0028000000000000004,0.0018450184501843658,0.05725426136346153
1975-10-01,-3.1807528873171105,-3.120935161346141,-2.4315485747812158,-0.7492043125358947,0.0021545815811105226,0.893497918759868,0.02589845801185486,0.0596,0.0819,0.0475,0.0223,0.01759999999999999,0.007800000000000001,0.005524861878453136,0.025553588372345105
1975-11-01,-3.207866939363752,-3.1834592489148537,-2.447475298365879,-0.7603916409978728,0.0008126854246311692,0.8679284743281398,0.024622479640706674,0.0548,0.0838,-0.0109,0.028999999999999998,0.01780000000000001,0.0020999999999999994,0.005494505494505475,-0.015328871614914134
1975-12-01,-3.1990058039967773,-3.210580645235348,-2.427489556321325,-0.771516247675452,0.0013307999246307365,0.8763388510223954,0.023711965564004414,0.054400000000000004,0.0805,0.039,0.026099999999999998,0.017700000000000007,0.005200000000000003,0.007285974499089187,0.1087673662420853
1976-01-01,-3.3099161823307126,-3.19810132185975,-2.510413008013708,-0.7995031743170042,0.0019782825918537783,0.7659338856533509,0.021852182156484636,0.0487,0.0802,0.009,0.03149999999999999,0.018100000000000005,0.009800000000000001,0.003616636528029016,-0.00916686268008377
1976-02-01,-3.297542361255899,-3.309009805063777,-2.4708642966606122,-0.8266780645952869,0.0012214388390446114,0.768036520290764,0.022233092760244787,0.048799999999999996,0.0802,0.0062,0.0314,0.0169,-9.99999999999994e-05,0.0018018018018017834,0.028126608611922493
1976-03-01,-3.3268670235845463,-3.2966395147882657,-2.4737787590626383,-0.853088264521908,0.0012657160524404583,0.7840312171694431,0.015072131300759834,0.05,0.0792,0.0166,0.029200000000000004,0.016,9.99999999999994e-05,0.003597122302158251,-0.01384767865178092
1976-04-01,-3.309508110287406,-3.320564433472425,-2.4402663109841005,-0.8692417993033053,0.0010071322817876225,0.7860761398404976,0.014239484740238437,0.048600000000000004,0.0797,0.0018,0.03109999999999999,0.015399999999999983,-0.0033,0.0017921146953405742,-0.011842285856239573
1976-05-01,-3.2887737274532496,-3.3032423179757417,-2.403835922095665,-0.8849378053575845,0.0009364702679183891,0.8035027634506732,0.014148321230807424,0.052000000000000005,0.0821,-0.0158,0.030100000000000002,0.012799999999999992,0.005500000000000001,0.003577817531305927,0.03872943524147308
1976-06-01,-3.3226606316634983,-3.282549610527668,-2.422456037540967,-0.900204594122531,0.0009715815060038469,0.7814276311853049,0.01892503132066666,0.0541,0.0807,0.0208,0.02659999999999999,0.012700000000000003,-0.0058,0.007130124777183555,-0.011917049084332137
1976-07-01,-3.306625715369267,-3.3147135699709662,-2.4036153911630063,-0.9030103242062606,0.00048715216300221624,0.7958238544036399,0.018842770725889108,0.052300000000000006,0.0805,0.0078,0.028199999999999996,0.0126,0.0071,0.005309734513274211,-0.002593481657825433
1976-08-01,-3.293604397229517,-3.2987413118451183,-2.3878400783423492,-0.9057643188871676,0.0007445223967786307,0.8047322693942942,0.020629527477362374,0.051399999999999994,0.079,0.0211,0.027600000000000006,0.011900000000000008,0.0019999999999999983,0.00528169014084523,0.019737226636585933
1976-09-01,-3.308170307872399,-3.2857816715483077,-2.399702301679453,-0.9084680061929462,0.0008906882770474933,0.7913632737151456,0.023782657468813286,0.0508,0.0781,0.0145,0.027300000000000005,0.010199999999999987,0.002199999999999999,0.005253940455341555,-0.024509654524912647
1976-10-01,-3.268515839854478,-3.2910016531865662,-2.3647293333748007,-0.9037865064796771,0.001269992971907769,0.8120796327194719,0.025569126245345446,0.0492,0.0779,0.0084,0.028699999999999996,0.0097,-0.0013999999999999993,0.0034843205574912606,-0.005033563486368558
1976-11-01,-3.243834572281643,-3.2516394899510273,-2.3445912686282004,-0.8992433036534428,0.001117925321534204,0.8272629378602647,0.027895428929454926,0.0475,0.0749,0.0339,0.027399999999999994,0.009800000000000003,-0.0020000000000000018,0.005208333333333259,0.048386933575370245
1976-12-01,-3.278401804182227,-3.2272358440521716,-2.3835743369587785,-0.8948274672234486,0.0005762272595541424,0.7799731249688947,0.02856655430147446,0.0435,0.0721,0.0327,0.0286,0.01139999999999998,0.0020000000000000018,0.0017271157167531026,-0.054522685679918984
1977-01-01,-3.2150924391080604,-3.266944236721522,-2.3260203615105777,-0.889072077597483,0.0006956299767525309,0.821065205318692,0.02959979685881004,0.0462,0.0764,-0.0388,0.030199999999999998,0.011200000000000002,0.0085,0.0034482758620690834,-0.019255452658805995
1977-02-01,-3.181868751692506,-3.2037670753382566,-2.298456181288326,-0.88341257040418,0.0003346755528115084,0.8368039982059333,0.027970217065494678,0.0467,0.0775,-0.0049,0.0308,0.010800000000000004,0.0029,0.005154639175257714,-0.01637360576406305
1977-03-01,-3.1565433015037856,-3.1706678301074165,-2.2786907727946097,-0.8778525287091758,0.000665732779450639,0.8684299283017637,0.0303383571798463,0.046,0.0772,0.0091,0.031200000000000006,0.010199999999999987,0.0002999999999999999,0.01025641025641022,-0.0031520035914469812
1977-04-01,-3.1433120791178997,-3.1431088890328764,-2.267716583806579,-0.8755954953113203,0.0009848511277227286,0.8611500701262272,0.03114002960902627,0.0454,0.0771,0.0071,0.0317,0.010300000000000017,0.0029,0.006768189509306133,-0.018871786377897097
1977-05-01,-3.1062082692714656,-3.1300580839260523,-2.232803241669735,-0.8734050276017307,0.000634801814995551,0.8882113368793538,0.03531546946582141,0.0496,0.0765,0.0125,0.0269,0.009599999999999997,-0.0019000000000000006,0.008403361344537785,0.0426778013255506
1977-06-01,-3.137486645358945,-3.0931253535073253,-2.2662316663946673,-0.8712549789642778,0.0005633646131396753,0.8711120811961149,0.03194109961174851,0.050199999999999995,0.0754,0.0164,0.0252,0.009599999999999997,0.0011000000000000003,0.004999999999999893,-0.019764846691413325
1977-07-01,-3.1104842474318293,-3.1268394005350917,-2.2406390797304288,-0.8698451677014005,0.0005947080091993175,0.896783399058501,0.033181837007620466,0.0519,0.0768,-0.007,0.02489999999999999,0.009299999999999989,0.006500000000000001,0.0066334991708127955,-0.01677674395234215
1977-08-01,-3.078684897955735,-3.09995141867951,-2.2102290972932277,-0.8684558006625074,0.0005824463834006243,0.9265342604092909,0.033750386808353114,0.054900000000000004,0.0754,0.0198,0.02049999999999999,0.00839999999999999,-0.006200000000000002,0.0049423393739702615,-0.005116121916943974
1977-09-01,-3.0657764440842494,-3.0682596321165767,-2.198675956400866,-0.8671004876833832,0.0004631960722934932,0.9422625160840977,0.032367586606296496,0.0581,0.0764,-0.0029,0.018299999999999997,0.008800000000000016,0.0006999999999999997,0.003278688524590123,-0.047778833762142384
1977-10-01,-3.008885323482467,-3.0532617472641475,-2.1487129259105457,-0.8601723975719209,0.0007261726330666648,0.9753772835583797,0.03277513683183336,0.0616,0.0781,-0.0093,0.0165,0.008500000000000021,0.0055,0.0032679738562091387,0.03110520773683123
1977-11-01,-3.023135875917836,-2.9965274781010427,-2.169765753882737,-0.8533701220350989,0.0013875470420950749,0.9620344702904664,0.029216729540186635,0.061,0.0777,0.0093,0.016700000000000007,0.0087,-0.003199999999999999,0.0032573289902280145,0.000666510840553091
1977-12-01,-3.0137698978705387,-3.0109267432148306,-2.1670840326064753,-0.8466858652640632,0.0006266270865509622,0.9603330245316843,0.030475399173224532,0.060700000000000004,0.0803,-0.0168,0.019599999999999992,0.008000000000000007,0.006299999999999998,0.004870129870129913,-0.06744771440790796
1978-01-01,-2.9410467560732605,-3.004534304964856,-2.102678631424651,-0.8383681246486097,0.0009080500865166704,1.036731088944306,0.028814248233093063,0.0644,0.0816,-0.008,0.017200000000000007,0.007599999999999996,-0.0008999999999999998,0.003231017770597866,-0.020983096820241146
1978-02-01,-2.906819939516395,-2.931893577068511,-2.0766879832626537,-0.8301319562537415,0.0006698947761875978,1.0755672936991323,0.031168987912374966,0.0645,0.0822,0.0004,0.017699999999999994,0.007299999999999987,0.0047,0.006441223832528209,0.021282895612907055
1978-03-01,-2.9223772230118468,-2.8977518651937877,-2.100397170608933,-0.8219800524029139,0.0006228568215117904,1.1114925530791169,0.027569598434235024,0.0629,0.0831,-0.0021,0.020199999999999996,0.007499999999999993,0.0063,0.006399999999999961,0.0798413132768231
1978-04-01,-2.9967303962158147,-2.914766673518067,-2.1729456491911407,-0.823784747024674,0.001741180958073391,1.005350403668848,0.022945988850670566,0.0629,0.0838,-0.0005,0.020900000000000002,0.007599999999999996,-0.0018,0.007949125596184325,0.008538707399922386
1978-05-01,-2.9934046677891613,-2.989179381964679,-2.1678345240809587,-0.8255701437082026,0.0010850552422716744,1.0014156386433661,0.016559459121609048,0.0641,0.0852,-0.0058,0.021099999999999994,0.008000000000000007,-0.005000000000000001,0.007886435331230235,-0.022102425166217923
1978-06-01,-2.9681663924754877,-2.9859082076414927,-2.140851565531565,-0.8273148269439228,0.0010274141007501822,1.0279015812931191,0.01652346475056976,0.0673,0.0865,-0.0062,0.019199999999999995,0.008400000000000005,0.0085,0.009389671361502261,0.04982573037302858
1978-07-01,-3.0132325473417696,-2.960725711356572,-2.1833199090103306,-0.8299126383314392,0.0008499296468378294,0.9762603360896238,0.014671414058264049,0.0701,0.0858,0.0143,0.015700000000000006,0.007199999999999998,-0.004200000000000001,0.010852713178294726,0.027503142148240373
1978-08-01,-3.0314422237465006,-3.0058488279950737,-2.1989658543150306,-0.8324763694314703,0.0010022376926429601,0.9600602176045253,0.012002707759076702,0.0708,0.0843,0.0218,0.013499999999999998,0.007900000000000018,0.0039000000000000007,0.0076687116564417845,-0.011357233413916453
1978-09-01,-3.0168230326519163,-3.024110632314904,-2.1818374251499693,-0.8349856075019473,0.0009479772051239454,0.9722575131089601,0.01270390608818043,0.0785,0.086,-0.0106,0.007499999999999993,0.007300000000000015,0.0058000000000000005,0.004566210045662045,-0.10061524788368717
1978-10-01,-2.9174659476179094,-3.0135078169258662,-2.0641389362180527,-0.8533270113998568,0.0021000234124052704,1.0622752224115084,0.014350552361927242,0.0799,0.0889,-0.02,0.009000000000000008,0.006999999999999992,-0.0005000000000000004,0.007575757575757569,0.019443312794266213
1978-11-01,-2.9306665682767408,-2.914163665132306,-2.0594360238134377,-0.8712305444633031,0.003180888974107425,1.0535274019748946,0.014089272170543942,0.0864,0.0877,0.0189,0.0012999999999999956,0.008000000000000007,-0.0055,0.009022556390977376,0.00872054753224792
1978-12-01,-2.942152551232101,-2.9273731825889406,-2.05345805165894,-0.8886944995731609,0.0016656300128238522,1.045701295636079,0.014850552202063072,0.0908,0.0898,-0.013,-0.0010000000000000009,0.0077999999999999875,-0.0002999999999999999,0.0044709388971686526,0.03414011935918035
1979-01-01,-2.9726190854933923,-2.933642513454887,-2.0665518901555,-0.9060671953378923,0.0010011132141421596,1.00307428326303,0.014387532480625067,0.0935,0.0886,0.0191,-0.004900000000000002,0.008800000000000002,-0.0006999999999999992,0.004451038575667532,-0.036340876969343114
1979-02-01,-2.926969590585804,-2.964178918544631,-2.0041051712508406,-0.9228644193349631,0.0008140808582872118,1.040775450656512,0.012227710150527827,0.0932,0.0908,-0.0135,-0.0023999999999999994,0.008199999999999999,0.0006999999999999992,0.008862629246676468,0.047708810140891636
1979-03-01,-2.972286479516072,-2.9186019873274893,-2.0331810698757455,-0.9391054096403266,0.0008007331610925061,1.0330789394326012,0.011670307720664932,0.09480000000000001,0.0902,0.0129,-0.004600000000000007,0.008900000000000005,-0.0023,0.01171303074670571,-0.0037938940726299558
1979-04-01,-2.9650235099468514,-2.963351515458493,-2.017951589597177,-0.9470719203496742,0.0006468351880640967,1.0418762428354194,0.011570313837190866,0.0946,0.0922,-0.0112,-0.0023999999999999994,0.009499999999999995,0.006,0.01013024602026058,-0.025127591131418686
1979-05-01,-2.929480067193399,-2.9561695621640522,-1.9746488093039716,-0.9548312578894276,0.0009242270433131233,1.0831418043851009,0.014183159197573339,0.09609999999999999,0.0903,0.0261,-0.005799999999999986,0.0097,-0.003300000000000001,0.011461318051575908,0.03146483201903104
1979-06-01,-2.9586291668758973,-2.9207019516490558,-1.9962270830423363,-0.9624020838335607,0.0005714809772855685,1.0578636072115728,0.012068377114714124,0.0906,0.0877,0.0311,-0.0029,0.010900000000000007,-0.004199999999999999,0.012747875354107707,0.004308458548172793
1979-07-01,-2.9567802085186856,-2.948072723161532,-1.9895527619718916,-0.967227446546794,0.000707684786199483,1.052314453817254,0.00967824756996026,0.0924,0.0895,-0.0085,-0.0029,0.010899999999999993,0.0054,0.01118881118881121,0.0523562897912
1979-08-01,-2.9980529298005063,-2.9463358739457934,-2.026127969633094,-0.9719249601674125,0.0005064798460674665,1.00345864831067,0.011569079261450132,0.09519999999999999,0.0907,-0.0035,-0.00449999999999999,0.011199999999999988,0.0041,0.011065006915629283,-0.006850745999650002
1979-09-01,-2.987714737895044,-2.987714737895044,-2.011205146027834,-0.97650959186721,0.0012330662797023723,1.0137949873659768,0.009403923682181719,0.1026,0.0927,-0.0122,-0.009899999999999992,0.010999999999999996,-0.0056999999999999985,0.009575923392612928,-0.07647023268389457
1979-10-01,-2.9082075404997534,-2.9792803530854304,-1.9349033762137826,-0.9733041642859706,0.0025892993527645825,1.0919455682236117,0.01020954484330784,0.11699999999999999,0.1034,-0.0841,-0.013599999999999987,0.012700000000000003,-0.004900000000000002,0.01084010840108407,0.04158011879534394
1979-11-01,-2.9415863261557122,-2.89984548460595,-1.9714492247304474,-0.9701371014252651,0.0015583805673476338,1.083115461786344,0.010778693766195937,0.11789999999999999,0.1009,0.0311,-0.016999999999999987,0.012300000000000005,-0.008899999999999998,0.008042895442359255,0.008718691808109112
1979-12-01,-2.9499199720321476,-2.933291844865603,-1.982902477900884,-0.9670174941312635,0.0004696421740190779,1.0619500679590814,0.010514464695928087,0.1204,0.1012,0.0057,-0.019199999999999995,0.013200000000000003,-0.0165,0.009308510638297962,0.05153394003323887
1980-01-01,-2.9971347983280765,-2.9411093423499928,-2.029330796262822,-0.9678040020652541,0.0019064054902535228,1.0169549580407604,0.01129747072713863,0.12,0.1114,-0.0741,-0.008599999999999997,0.013300000000000006,0.009599999999999997,0.010540184453227797,-0.006253031170949587
1980-02-01,-2.984011681059717,-2.988401118359322,-2.0154288494223858,-0.9685828316373308,0.001897618121490916,1.0319299302546516,0.010827185212285057,0.1286,0.1186,-0.0467,-0.009999999999999995,0.011900000000000008,-0.019800000000000005,0.014341590612777066,-0.11463391378505361
1980-03-01,-2.8679968596285508,-2.975353618316602,-1.8986557572399536,-0.9693411023885972,0.004621894175955025,1.0937321030862233,0.011877445094657688,0.152,0.1239,-0.0315,-0.0281,0.014899999999999969,0.0253,0.01413881748071999,0.02899871031044839
1980-04-01,-2.900298939144298,-2.859982508779732,-1.9466339032344933,-0.9536650359098049,0.002745549270390353,1.051819939784104,0.015346846793911439,0.132,0.1076,0.1523,-0.024400000000000005,0.021500000000000005,-0.01469999999999999,0.015209125475285079,0.04600406070996857
1980-05-01,-2.937868826435396,-2.8923500046151225,-1.999866954511056,-0.9380018719243401,0.0015097166273553737,1.0100487747546572,0.015051860179060525,0.0858,0.1037,0.0419,0.0179,0.021800000000000014,0.014100000000000001,0.011235955056179803,0.023207392582708743
1980-06-01,-2.9565923652167205,-2.9299808959912106,-2.0342593188866025,-0.9223330463301178,0.0013710848425304825,0.9901834270439672,0.015304387482604825,0.0707,0.1006,0.0359,0.029899999999999996,0.021300000000000013,-0.001800000000000003,0.00987654320987641,0.06068898449429548
1980-07-01,-3.0123351926363995,-2.9493242294283153,-2.1039862240601237,-0.9083489685762756,0.001362830978984467,0.918829919172048,0.020154037974535063,0.0806,0.1074,-0.0476,0.02679999999999999,0.015799999999999995,0.004700000000000003,0.011002444987775029,0.006984691644015083
1980-08-01,-3.010936338641282,-3.0051178424062455,-2.1165660712732044,-0.8943702673680776,0.001708158415822877,0.921519638855231,0.019949843508362625,0.0913,0.114,-0.0432,0.022699999999999998,0.015100000000000002,-0.0012999999999999956,0.0,0.020079920623214263
1980-09-01,-3.02862837759719,-3.003772352962988,-2.148229474135431,-0.8803989034617588,0.002657405722254182,0.9216876514875271,0.023796039467163892,0.1027,0.1185,-0.0262,0.015799999999999995,0.01679999999999998,0.0025000000000000022,0.007255139056831839,0.008197118964434359
1980-10-01,-3.0395922716155646,-3.0236982114893314,-2.1600335490101394,-0.8795587226054251,0.002190643465297316,0.9295936137762442,0.02276918608632646,0.1162,0.1231,-0.0263,0.006900000000000003,0.01920000000000001,0.0104,0.008403361344537785,0.0947247181511014
1980-11-01,-3.1321550774495064,-3.03468629284671,-2.2534290082252997,-0.8787260692242065,0.002419071754673073,0.8651619787786659,0.02194927476882289,0.1373,0.123,0.01,-0.014300000000000007,0.016699999999999993,-0.0083,0.00952380952380949,-0.04412796650461687
1980-12-01,-3.0928118433805425,-3.1272730498521977,-2.21491100105803,-0.8779008423225125,0.0029515288363084363,0.8915030238902892,0.02681637540970693,0.1549,0.1199,0.0352,-0.035,0.01930000000000001,-0.010400000000000003,0.008254716981132004,-0.05468487921137504
1981-01-01,-3.0395176149570737,-3.0863393288749252,-2.173502020246929,-0.8660155947101444,0.0015974347758942668,0.9072386964645771,0.028695433398612344,0.1502,0.1211,-0.0115,-0.0291,0.022199999999999998,-0.0014999999999999996,0.009356725146198785,0.010400853221878057
1981-02-01,-3.04627608843398,-3.0330867246267834,-2.1921335743568107,-0.854142514077169,0.0015309090259574443,0.8818157565310184,0.030009372936888216,0.1479,0.1283,-0.0435,-0.019600000000000006,0.020199999999999996,0.016599999999999997,0.008111239860950192,0.025542933318490602
1981-03-01,-3.075284905255945,-3.0398862903352084,-2.23300415915554,-0.8422807461004049,0.002075944392525937,0.9249205574426967,0.027939297983269145,0.1336,0.1248,0.0384,-0.008800000000000002,0.020100000000000007,-0.0072999999999999975,0.010344827586207028,-0.031160133153561118
1981-04-01,-3.0457273648474876,-3.0694627151713805,-2.199488262454474,-0.8462391023930138,0.0008320025887164561,0.9305938361312954,0.027352011949466033,0.1369,0.1332,-0.0518,-0.003699999999999981,0.01680000000000001,-0.025099999999999997,0.0068259385665527805,-0.004916664141534854
1981-05-01,-3.0382825752277904,-3.0399404505133223,-2.188137847618766,-0.8501447276090246,0.0009216880220973166,0.9362238467355685,0.028844617856094996,0.163,0.1265,0.0622,-0.036500000000000005,0.01630000000000001,-0.002700000000000001,0.006779661016949046,-0.02169894810346759
1981-06-01,-3.022064824728181,-3.032527391737184,-2.1680824474722544,-0.853982377255927,0.0009955427968781083,0.9504749815739907,0.027893436451176683,0.14730000000000001,0.1304,-0.0179,-0.016900000000000026,0.02049999999999999,0.0202,0.007856341189674598,-0.011610004465565288
1981-07-01,-3.0130941605250987,-3.015306804009744,-2.16011027274247,-0.8529838877826288,0.001102989117198115,0.9749669235777139,0.025590219394748807,0.1495,0.137,-0.0353,-0.012499999999999983,0.0179,-0.001899999999999999,0.008908685968819663,-0.06986071579512662
1981-08-01,-2.9422690897832755,-3.0063799602438337,-2.0902794395266553,-0.8519896502566204,0.0018249380774940434,1.0533540562923298,0.02699174146134217,0.1551,0.1445,-0.0386,-0.010599999999999998,0.014499999999999985,0.0040999999999999995,0.011037527593819041,-0.06410769073956249
1981-09-01,-2.8802663366258248,-2.93560120323386,-2.029250593333845,-0.8510157432919796,0.0027611735209557885,1.092378644203393,0.021483370084548807,0.147,0.1482,-0.0145,0.0012000000000000066,0.014300000000000007,-0.0054,0.007641921397379958,0.038775043717639554
1981-10-01,-2.9226361465466075,-2.8746578604432482,-2.0752661702693556,-0.8473699762772522,0.00207825162750359,1.0890856841240983,0.014897108316009692,0.1354,0.1384,0.0829,0.0030000000000000027,0.017100000000000004,-0.0308,0.009750812567713929,0.032250606818484566
1981-11-01,-2.952997301869048,-2.9170604667025897,-2.109244140950481,-0.8437531609185669,0.0015040033080940642,1.04445544331706,0.015672826091686468,0.10859999999999999,0.122,0.141,0.013400000000000009,0.021700000000000025,-0.01429999999999998,0.0021459227467810482,-0.03609420891781622
1981-12-01,-2.9169143057763507,-2.9474510296364325,-2.076752382254596,-0.8401619235217548,0.000905797546140938,1.0611428571428572,0.011909646410673156,0.1085,0.1334,-0.0713,0.02489999999999999,0.0232,0.0133,0.0032119914346895317,-0.023454465720177477
1982-01-01,-2.894700048322423,-2.9123996254218243,-2.071058175844499,-0.8236418724779238,0.0025219329309988754,1.0658936976236941,0.010700486678779549,0.12279999999999999,0.1415,0.0046,0.018699999999999994,0.019200000000000023,-0.0175,0.0032017075773744796,-0.060915550477694445
1982-02-01,-2.8277469224031524,-2.8902056587345832,-2.0207573618930166,-0.8069895605101358,0.0019182314667197345,1.12628731546962,0.01050609829114662,0.1348,0.1402,0.0182,0.005399999999999988,0.019100000000000006,0.012999999999999998,0.0031914893617019935,-0.016580551036258474
1982-03-01,-2.8130535101121947,-2.8232726420082312,-2.0228390363675457,-0.790214473744649,0.0017952261174560232,1.1857505742795678,0.005548432739553107,0.1268,0.1387,0.0231,0.011899999999999994,0.022400000000000003,0.0075,0.0031813361611876534,0.02947335632179899
1982-04-01,-2.847833613992984,-2.8085991597628146,-2.076580643108434,-0.7712529708845499,0.0012468205217251594,1.1499834975717855,0.0029236857616820274,0.127,0.1348,0.0373,0.007800000000000001,0.0232,-0.003500000000000003,-0.0010570824524311906,-0.040493242245528374
1982-05-01,-2.803449766381455,-2.843399016925118,-2.0513590569722204,-0.7520907094092346,0.000854815583077439,1.1904238963320888,-0.0009581843727994164,0.1209,0.1358,0.0034,0.01490000000000001,0.023799999999999988,0.0211,0.004232804232804366,-0.02545902645610388
1982-06-01,-2.7785364910662107,-2.799034748172338,-2.0458015575250426,-0.7327349335411684,0.001490292574498379,1.2015814171172392,0.0012130304221071924,0.1247,0.1412,-0.0223,0.016499999999999987,0.021100000000000008,-0.0245,0.009483667017913477,-0.030851047023269684
1982-07-01,-2.7533219799276,-2.776580988742448,-2.0369936775208046,-0.7163283024067952,0.0009585831109484026,1.2065298046005442,-0.011551891499121357,0.11349999999999999,0.1352,0.0501,0.021699999999999997,0.021900000000000003,0.0039000000000000007,0.012526096033403045,0.11234460516070477
1982-08-01,-2.861099278895688,-2.7513688314296827,-2.1613944205457543,-0.6997048583499341,0.006415933083300354,1.0824244710476973,-0.002857630432782406,0.0868,0.1254,0.0781,0.03860000000000001,0.026100000000000012,0.005599999999999994,0.005154639175257714,0.005354260368729254
1982-09-01,-2.866736979762168,-2.8591513976046556,-2.183861349524052,-0.6828756302381156,0.0021312943337496964,1.0885355648535564,0.0005507086728996386,0.07919999999999999,0.1183,0.0618,0.03910000000000001,0.026900000000000007,0.0005000000000000004,0.002051282051282133,0.10195149053289915
1982-10-01,-2.9704513744850654,-2.8657637308947925,-2.311426697600017,-0.6590246768850485,0.006125907932488135,0.9837454120114548,0.0065578321168589145,0.0771,0.1112,0.0634,0.03409999999999999,0.026100000000000026,0.012499999999999997,0.0020470829068577334,0.038457918381681624
1982-11-01,-3.0049663458956455,-2.9694805289277606,-2.370318163177466,-0.6346481827181796,0.005491649538205298,0.9387268108690633,0.0009581551500266815,0.08070000000000001,0.1125,-0.0002,0.031799999999999995,0.026200000000000015,0.0203,0.003064351378958108,0.010017207262637932
1982-12-01,-3.0190393277026084,-3.003994986360201,-2.4093370452181553,-0.6097022824844534,0.0024902382986414116,0.9322147266229671,0.0029900534928850647,0.0794,0.1095,0.0312,0.030100000000000002,0.023099999999999996,-0.020399999999999998,-0.0020366598778004397,0.027808174502420718
1983-01-01,-3.049698024098924,-3.017100887459553,-2.447750112274006,-0.6019479118249178,0.00328085735874905,0.9069443153295529,0.0021947601089524755,0.0786,0.1113,-0.0309,0.03269999999999999,0.021500000000000005,0.0215,-0.004081632653061273,0.01922661988864633
1983-02-01,-3.066578910600449,-3.0477618841617344,-2.4724250964060475,-0.5941538141944016,0.001911641742990084,0.8768492387337996,0.0003558812980516551,0.08109999999999999,0.106,0.0492,0.024900000000000005,0.019399999999999987,-0.006400000000000003,0.002049180327868827,0.028575191965321933
1983-03-01,-3.097206811523513,-3.0646479592353737,-2.5108683727977588,-0.5863384387257542,0.0015718209510334202,0.7800677858109962,0.005993542397315096,0.08349999999999999,0.1083,-0.0094,0.024800000000000003,0.018799999999999997,0.0166,0.0010224948875257045,0.06591436154504353
1983-04-01,-3.168008360094409,-3.0957606796735133,-2.5785612248255747,-0.5894471352688342,0.0014237504806373855,0.7188876202903278,0.006626844296627494,0.0821,0.1051,0.035,0.022999999999999993,0.017799999999999996,0.019799999999999998,0.0,-0.012579536496220758
1983-05-01,-3.1541410362751843,-3.1665643165221753,-2.561611747327262,-0.5925292889479223,0.0010846140337725338,0.7345955765929432,0.010428912553499925,0.0819,0.1112,-0.0386,0.029299999999999993,0.01629999999999998,0.006200000000000004,0.007150153217568844,0.02962534447105191
1983-06-01,-3.1873167525262547,-3.1526990749582833,-2.5917156789887117,-0.5956010735375428,0.0013991485619085978,0.7213820419653671,0.01582655100863444,0.08789999999999999,0.1119,0.0039,0.024000000000000007,0.01629999999999998,-0.0085,0.006085192697768749,-0.039109065623938705
1983-07-01,-3.150867690043789,-3.1844390526986395,-2.539518228511499,-0.6113494615322896,0.002292824586681619,0.7350611230633245,0.025380208639854022,0.0908,0.1198,-0.0486,0.028999999999999998,0.012400000000000022,0.0030999999999999986,0.003024193548387011,0.008168216432438095
1983-08-01,-3.1592535658477985,-3.1479982476158357,-2.53249571075325,-0.6267578550945487,0.00136904533629939,0.7248223917905539,0.019474630710517766,0.0934,0.121,0.002,0.0276,0.011300000000000004,0.0031000000000000003,0.004020100502512669,0.006435184607569514
1983-09-01,-3.1664992371633485,-3.1563923335667665,-2.5246453509909537,-0.641853886172395,0.0010572930552615913,0.7148475829798966,0.023178392906854188,0.09,0.1157,0.0505,0.0257,0.011800000000000019,-0.011300000000000004,0.0030030030030030463,-0.020765933524452492
1983-10-01,-3.14693204816182,-3.1622226803960887,-2.4912267938914368,-0.655705254270383,0.0011153554700984044,0.7194743715311785,0.024744376049793217,0.0864,0.1188,-0.0132,0.0324,0.0121,0.0107,0.004990019960079861,0.016590510946086955
1983-11-01,-3.1599494768819576,-3.1426737024792426,-2.490690169062996,-0.6692593078189617,0.0008363031121382397,0.6908198931051237,0.026636827120478036,0.0876,0.1176,0.0183,0.03,0.011999999999999997,-0.0040999999999999995,0.002979145978152964,-0.01303907307808761
1983-12-01,-3.146835800916025,-3.155709187843072,-2.4643232473456913,-0.6825125535703336,0.000528114394434786,0.7003591177779189,0.027056896971736046,0.09,0.1197,-0.0059,0.029700000000000004,0.011800000000000005,0.0026,0.001980198019801982,-0.011476882498811732
1984-01-01,-3.1333546546398083,-3.1426134160361765,-2.426260246599013,-0.7070944080407955,0.0007946061413828746,0.7221976437431386,0.03073600533460257,0.08900000000000001,0.118,0.0244,0.028999999999999984,0.014500000000000013,0.002599999999999998,0.0009881422924900019,-0.04170155574836959
1984-02-01,-3.0895155412408117,-3.1291500233577763,-2.35862803269802,-0.7308875085427922,0.0020194764655988057,0.7634480309709604,0.026701748266204195,0.0909,0.1217,-0.0178,0.030800000000000008,0.015099999999999988,0.0005999999999999998,0.005923000987166915,0.009873659867986977
1984-03-01,-3.0987362543175703,-3.085328514886595,-2.3448006115213924,-0.7539356427961781,0.0013545875422403503,0.7624754268643391,0.024104936336098354,0.09519999999999999,0.1253,-0.0156,0.030100000000000002,0.01419999999999999,-0.0079,0.004906771344455274,-0.001309258649433511
1984-04-01,-3.0981702010032874,-3.0927195719651186,-2.32992835697726,-0.7682418440260272,0.0010355281559590913,0.758658979286782,0.022681954522753685,0.0969,0.1284,-0.0105,0.031499999999999986,0.015000000000000013,0.0032000000000000006,0.001953124999999778,-0.06236426420250374
1984-05-01,-3.030997115085318,-3.0921881265734474,-2.248812973731906,-0.7821841413534121,0.0009330502581398526,0.8039100330361588,0.02151412838840902,0.0983,0.1381,-0.0516,0.0398,0.014600000000000002,0.0032999999999999974,0.004873294346978474,0.01520588665672937
1984-06-01,-3.04237042671976,-3.0250519811660554,-2.246602458243109,-0.795767968476651,0.0016757626844657043,0.7843518191451784,0.001304065107004475,0.0987,0.1374,0.015,0.0387,0.014999999999999986,0.004900000000000002,0.0029097963142581396,-0.022027178729581688
1984-07-01,-3.0225959322529006,-3.0391839903367988,-2.222634292861588,-0.7999616393913125,0.0008656575812999651,0.796391937450685,-0.0018621419010334589,0.1012,0.1293,0.0693,0.0281,0.017100000000000004,-0.010700000000000001,0.0029013539651836506,0.09828825875115407
1984-08-01,-3.1204684218500596,-3.0194182576933555,-2.316358416926219,-0.8041100049238405,0.003126832775650037,0.7254283800780803,-0.0031008334912030005,0.1047,0.127,0.0266,0.0223,0.017600000000000032,0.004100000000000003,0.0038572806171648377,-0.008627232708575152
1984-09-01,-3.113816378006868,-3.117302167941872,-2.3055998676621354,-0.8082165103447325,0.0009432266533043899,0.7360509152986219,-0.009492546866404175,0.10369999999999999,0.1235,0.0342,0.019800000000000012,0.0169,-0.002800000000000004,0.003842459173871271,-0.006624866344592967
1984-10-01,-3.1070039513812397,-3.1070641578895812,-2.3039286407038104,-0.8030753106774293,0.0012918483265148576,0.7356424655038182,-0.01352848039530042,0.0974,0.1173,0.0561,0.0199,0.0131,0.0011000000000000038,0.004784688995215225,-0.01716322665516645
1984-11-01,-3.085069375320442,-3.1002970181245217,-2.287098587918299,-0.7979707874021433,0.001020289487323581,0.7470519958955035,-0.021877206503989853,0.0861,0.1169,0.0118,0.030800000000000008,0.011900000000000008,0.0094,0.0028571428571428914,0.018855297583855884
1984-12-01,-3.1005348646765625,-3.078407125495026,-2.307620471095302,-0.7929143935812606,0.001190105415635095,0.7330983764867074,-0.02719678659419894,0.0806,0.117,0.0091,0.0364,0.012700000000000003,0.0037,0.0,0.06757786189102938
1985-01-01,-3.166266314736845,-3.0947970414444654,-2.3841083260439224,-0.7821579886929224,0.0016358206503329523,0.6902554458061658,-0.02990500517905499,0.0776,0.1127,0.0364,0.03509999999999999,0.011799999999999991,-0.0039000000000000007,0.0,0.00828335510134243
1985-02-01,-3.1692069381392467,-3.160559913471974,-2.397805316029988,-0.7714016221092588,0.0007452963352440764,0.6917391609099618,-0.0245189174545039,0.0827,0.1209,-0.0493,0.0382,0.010999999999999996,0.011999999999999997,0.0018993352326686086,-0.006817061408875146
1985-03-01,-3.1606048279691974,-3.1635342206955164,-2.399945418965959,-0.7606594090032384,0.0008022855302188757,0.7236457790618734,-0.02481576932860107,0.0852,0.1181,0.0307,0.0329,0.011299999999999977,-0.012800000000000002,0.004739336492890933,-0.010885080542349886
1985-04-01,-3.1525243003530523,-3.157129151897644,-2.4113310680399884,-0.7411932323130639,0.00045988018255247045,0.7286615900672465,-0.022411793008319962,0.0795,0.1162,0.0242,0.036699999999999997,0.012799999999999992,0.005400000000000002,0.0037735849056603765,0.05427216330167591
1985-05-01,-3.2017028410171338,-3.149061959231896,-2.480222307424026,-0.7214805335931076,0.0008338603087621375,0.6968929839365673,-0.0254809305510096,0.0748,0.1062,0.0896,0.0314,0.014299999999999993,-0.007599999999999996,0.0046992481203007586,0.010452393257271968
1985-06-01,-3.2103121290913257,-3.1982511543607077,-2.508802082165621,-0.7015100469257045,0.000741520264745298,0.6864301439204469,-0.026607513896564162,0.0695,0.1055,0.0142,0.03599999999999999,0.014600000000000002,-0.005900000000000001,0.0037418147801682178,-0.009507385835220459
1985-07-01,-3.2011558481400724,-3.2060151726953383,-2.512092468400805,-0.6890633797392676,0.00071862985257242,0.6803220898734647,-0.024638662966040597,0.0708,0.1091,-0.018,0.0383,0.014599999999999988,0.005899999999999999,0.002795899347623365,-0.011978970941900237
1985-08-01,-3.18480892787078,-3.1968759956508426,-2.5082355634703317,-0.6765733644004484,0.000629695328055788,0.6871762580490401,-0.024227473173315993,0.07139999999999999,0.1068,0.0259,0.035400000000000015,0.014499999999999999,9.99999999999994e-05,0.0018587360594795044,-0.03979535138724442
1985-09-01,-3.14520731657565,-3.180548589995317,-2.4811789840308958,-0.664028332544754,0.0008658430718871419,0.6899588297720208,-0.03129435417614623,0.071,0.1082,-0.0021,0.03720000000000001,0.014100000000000001,0.0092,0.0018552875695732052,0.03761351454779844
1985-10-01,-3.1842896482612306,-3.142659544496851,-2.536473925441161,-0.6478157228200696,0.0009117639772502391,0.6670256346821315,-0.027069342186450126,0.0716,0.1051,0.0338,0.0335,0.013399999999999995,-0.000899999999999998,0.002777777777777768,0.06333917632890944
1985-11-01,-3.2447810237564476,-3.181748350832558,-2.613354004618177,-0.6314270191382705,0.0009430684135085147,0.6227031580091432,-0.027715873026725353,0.0724,0.1011,0.0401,0.02869999999999999,0.014399999999999996,-0.0030999999999999986,0.003693444136657398,0.04055346368517297
1985-12-01,-3.286321508515901,-3.2422461681532595,-2.671478042226269,-0.6148434662896318,0.0012300755362928404,0.59269268816231,-0.019465081542443776,0.071,0.0956,0.0541,0.02460000000000001,0.014200000000000004,-0.007200000000000005,0.002759889604415866,-0.0008894168936809605
1986-01-01,-3.283634724743264,-3.2812709927298327,-2.675897273421796,-0.607737451321468,0.0019201583950002386,0.5835173998561417,-0.019171777375255692,0.0707,0.0958,-0.0025,0.025099999999999997,0.013899999999999996,0.006999999999999999,0.0027522935779815683,0.06845225653258047
1986-02-01,-3.3476591209966493,-3.278609588540591,-2.747006538840865,-0.6006525821557842,0.0010892901972809844,0.5363767217066692,-0.017914256914897474,0.0706,0.0841,0.1145,0.013499999999999998,0.014399999999999996,-0.0393,0.0027447392497712553,0.04834701004113042
1986-03-01,-3.394106632453341,-3.3426591105799437,-2.800518044935114,-0.593588587518227,0.0013737344092916417,0.5196276276936782,-0.016419622098147322,0.06559999999999999,0.0766,0.077,0.01100000000000001,0.015,-0.0514,-0.0027372262773722733,-0.018624411994788932
1986-04-01,-3.376537494289115,-3.390786713080367,-2.781918797121896,-0.5946186971672187,0.0024589457125716715,0.5297144586822722,-0.024584783278203574,0.060599999999999994,0.0782,-0.008,0.01760000000000001,0.013999999999999999,0.009600000000000001,-0.0045745654162854255,0.048961689862458684
1986-05-01,-3.422238301098882,-3.373229798965676,-2.826589283557275,-0.5956490175416072,0.00136993106863812,0.5035407708170149,-0.02187195526772256,0.061500000000000006,0.0848,-0.0505,0.023299999999999994,0.011999999999999997,0.034100000000000005,-0.0018382352941176405,0.010434822215656135
1986-06-01,-3.432951223996427,-3.4189402759953245,-2.836287751061474,-0.5966634729349529,0.0015965185338466675,0.49928145737351537,-0.012293237337018034,0.0621,0.079,0.0613,0.0169,0.012099999999999986,-0.0395,0.002762430939226679,-0.06444938861974141
1986-07-01,-3.3671409631038207,-3.427616098406152,-2.7726429334330507,-0.59449802967077,0.0024158243147247263,0.5323014008820994,-0.011286033278164746,0.0583,0.0809,-0.0108,0.022600000000000002,0.012799999999999992,0.013900000000000001,0.005509641873278293,0.06718873655271469
1986-08-01,-3.4306055488258207,-3.3618329285956157,-2.8382626417144303,-0.5923429071113904,0.0012605845884667297,0.49780334397420906,-0.00967695230502287,0.0553,0.0763,0.0499,0.021000000000000005,0.014600000000000002,-0.0224,0.0,-0.0914027416632206
1986-09-01,-3.3360160186010392,-3.4253267559137153,-2.745802168041309,-0.5902138505597301,0.0042073830013975655,0.5346292671335952,-0.005138660415059802,0.0521,0.0827,-0.05,0.030599999999999995,0.013099999999999987,0.0386,0.0018264840182649067,0.05040807291160849
1986-10-01,-3.3872767722207224,-3.3339925507901484,-2.8074240819316594,-0.579852690289063,0.0009905938294619613,0.5032458022909666,-0.008024503910147446,0.0518,0.0803,0.0289,0.028499999999999998,0.013800000000000007,-0.009999999999999998,0.004557885141294404,0.020679214947132155
1986-11-01,-3.406508386524277,-3.385258600730147,-2.8370885099435146,-0.5694198765807625,0.001730856541817946,0.4936710844569357,-0.002124438277073894,0.0535,0.0779,0.0267,0.024399999999999998,0.013899999999999996,-0.0034000000000000002,0.0009074410163338875,-0.03278660526091336
1986-12-01,-3.375796990475242,-3.4044930721175537,-2.81687157191484,-0.5589254185604022,0.0012623422855547576,0.49843086579287427,-0.011375999294814478,0.0553,0.0789,-0.0018,0.023599999999999996,0.014800000000000008,0.0135,0.0009066183136900996,0.1226026667983536
1987-01-01,-3.497164519773257,-3.373384444069858,-2.926477712239978,-0.5706868075332792,0.002478227434524122,0.4378973513002539,-0.005840658736950416,0.054299999999999994,0.0778,0.0161,0.0235,0.013600000000000015,0.005500000000000001,0.0009057971014492239,0.036638087391838714
1987-02-01,-3.531015960829883,-3.494757779742692,-2.9487667682704837,-0.5822491925593991,0.001412246607780315,0.42491198251790707,-0.004505936073582118,0.0559,0.0763,0.0202,0.02040000000000001,0.012699999999999989,-0.0144,0.0063348416289592535,0.021306189030930466
1987-03-01,-3.5546626605030203,-3.5286149992923446,-2.961031133052797,-0.5936315274502233,0.0019710952636649215,0.42804021365129363,-0.0022174301930176486,0.0559,0.0795,-0.0223,0.023600000000000003,0.012499999999999997,0.013600000000000001,0.003597122302158251,-0.013476502662550047
1987-04-01,-3.53597799368711,-3.547494171024408,-2.9646420403500797,-0.5713359533370301,0.004193906257554634,0.43147185919977604,0.004493004525992055,0.0564,0.0859,-0.0473,0.029500000000000005,0.011899999999999994,-0.0029,0.0044802867383513245,0.005293793362465396
1987-05-01,-3.5348765175092263,-3.5288605259182457,-2.9860106370109154,-0.5488658804983109,0.0024892339107077223,0.4304908861610162,0.006940958225571924,0.056600000000000004,0.088,-0.0105,0.03139999999999999,0.011800000000000005,0.005300000000000001,0.00535236396074934,0.04413497188286947
1987-06-01,-3.5746113605649974,-3.527809350286134,-3.048411569549419,-0.5261997910155785,0.0010704212049148251,0.40789239744803657,0.005202461550559499,0.0567,0.0877,0.0098,0.031,0.011999999999999997,0.0057,0.003549245785270605,0.0440511768463018
1987-07-01,-3.6162456113243158,-3.5691486090681748,-3.0627634907109496,-0.5534821206133662,0.0008181599831349634,0.3835432161644123,0.0018821968560910137,0.056900000000000006,0.0907,-0.0178,0.0338,0.011899999999999994,0.005899999999999999,0.0035366931918656697,0.03367366333095825
1987-08-01,-3.645175406876186,-3.6108137004130505,-3.0654184460480005,-0.5797569608281856,0.0017761286189096474,0.37045382001164123,0.00199743612201235,0.0604,0.0936,-0.0165,0.0332,0.011300000000000018,0.009000000000000001,0.002643171806167466,-0.026674166408735607
1987-09-01,-3.6153087332446687,-3.6397716875511548,-3.0102232396123108,-0.605085493632358,0.00253483064946266,0.3799667216170829,0.006350331918080451,0.064,0.0992,-0.0369,0.035199999999999995,0.011300000000000004,-0.005299999999999999,0.005272407732864748,-0.24906688489727027
1987-10-01,-3.3641236158984342,-3.609551664954601,-2.7309056187756764,-0.6332179971227578,0.07094513791656114,0.49485084247540795,0.010477740051333178,0.0613,0.0926,0.0623,0.0313,0.010999999999999996,-0.0116,0.005244755244755206,-0.08891453213253388
1987-11-01,-3.2691869018783395,-3.358399501814546,-2.6089203016843836,-0.6602666001939559,0.006785454700112594,0.5380273240435222,0.009898439916078411,0.056900000000000006,0.0931,0.0037,0.036199999999999996,0.012200000000000016,0.0088,0.002608695652173809,0.06742495303563138
1987-12-01,-3.33382473087961,-3.2634953668785514,-2.6475112898982296,-0.6863134409813805,0.006852187881620437,0.5088120154938803,0.013274756032356309,0.057699999999999994,0.092,0.0165,0.034300000000000004,0.011799999999999991,0.004699999999999999,0.0008673026886383273,0.03892920821864695
1988-01-01,-3.3681775738812747,-3.3285413233598358,-2.6666000925320086,-0.7015774813492661,0.00915750796217449,0.5037738354219649,0.008422744542725671,0.0581,0.0852,0.0666,0.0271,0.011899999999999994,-0.014900000000000004,0.0,0.041764413135274854
1988-02-01,-3.4038897490053435,-3.3629230572870608,-2.6874275610592147,-0.7164621879461288,0.001967346262736605,0.47619737210492274,0.00879226355801594,0.056600000000000004,0.0854,0.0052,0.0288,0.012199999999999989,0.0086,0.0025996533795493715,-0.035723133119883496
1988-03-01,-3.3647497287730466,-3.3986615807806557,-2.633779459326458,-0.7309702694465887,0.0016591988172579032,0.5075299538243313,0.006080030152513769,0.057,0.0901,-0.0307,0.0331,0.011799999999999991,0.0119,0.0025929127052721768,0.0058716391480494266
1988-04-01,-3.3637561384961794,-3.35437542305708,-2.589404431460734,-0.7743517070354455,0.003459561070059497,0.49647448987123155,0.005063671944548191,0.0591,0.0929,-0.016,0.0338,0.012300000000000005,0.0011000000000000003,0.004310344827586299,0.002893035291663219
1988-05-01,-3.3566593827439744,-3.3534883548523253,-2.541562578108699,-0.8150968046352753,0.0025557731666023976,0.496770254834771,0.00134730544502779,0.0626,0.0952,-0.0102,0.032600000000000004,0.011399999999999993,0.0045000000000000005,0.0051502145922746045,0.04168634372083175
1988-06-01,-3.388842573347275,-3.346495955875798,-2.535372806313768,-0.853469767033507,0.002361307703222956,0.47111887230297284,-0.005397921392573271,0.0646,0.0917,0.0368,0.0271,0.011400000000000007,0.0011000000000000038,0.0034158838599487318,-0.009555005562065564
1988-07-01,-3.3751446037785455,-3.380570632635974,-2.5137730956309228,-0.8613715081476228,0.0019106187218270708,0.4739915348588125,-0.0028231284320664593,0.0673,0.0947,-0.017,0.027400000000000008,0.011499999999999982,0.005900000000000001,0.004255319148936065,-0.03891011421249828
1988-08-01,-3.3275756964983656,-3.3669405270870176,-2.4584920131334047,-0.8690836833649609,0.0013903193354966436,0.4966406615312677,-0.006239752165195943,0.0706,0.095,0.0058,0.024400000000000005,0.01100000000000001,-0.0003999999999999993,0.004237288135593209,0.03567004593518533
1988-09-01,-3.3583987461256246,-3.3194383793521682,-2.4817854913249597,-0.8766132548006649,0.001192739773525908,0.4775404536870951,-0.010001513671246891,0.0724,0.0917,0.0345,0.019299999999999998,0.01079999999999999,-0.0019000000000000059,0.00421940928270037,0.020454320625945065
1988-10-01,-3.3738652579310466,-3.348232137962243,-2.4925711769725534,-0.8812940809584933,0.0016315423520285408,0.46959718893258556,-0.010462472462860913,0.0735,0.0889,0.0308,0.015400000000000011,0.008999999999999994,-0.0034999999999999996,0.006722689075630228,-0.020142846245917417
1988-11-01,-3.3447293371972275,-3.3638009703088096,-2.458869334543814,-0.8858600026534136,0.0013479966588778067,0.4771791100538659,-0.007764955553929058,0.0776,0.0923,-0.0196,0.01469999999999999,0.010300000000000017,0.002700000000000001,0.0033388981636059967,0.012102754683448475
1988-12-01,-3.3493461268753166,-3.3347653310368774,-2.459030881404422,-0.8903152454708945,0.0006281108840027056,0.4652835739680988,-0.0214057474525218,0.08070000000000001,0.0918,0.011,0.011099999999999999,0.01079999999999999,-0.0070999999999999995,0.0008319467554076532,0.06432374173399695
1989-01-01,-3.409162593034201,-3.340462625354452,-2.5108909827660004,-0.8982716102682007,0.0009645729442140237,0.4307694934936302,-0.022360510587587847,0.0827,0.0903,0.0203,0.0076000000000000095,0.010300000000000004,-9.99999999999994e-05,0.0016625103906899863,-0.03143107367742038
1989-02-01,-3.3709860758434664,-3.400357313735267,-2.4649587696464086,-0.9060273061970578,0.0011760790014062996,0.4467784572195237,-0.02482337203097175,0.08529999999999999,0.0935,-0.0179,0.008200000000000013,0.0097,0.004999999999999999,0.004979253112033177,0.01609897717641513
1989-03-01,-3.3828500928093015,-3.3622576532356745,-2.4692600377454212,-0.9135900550638802,0.0012864519343967816,0.46869141357330335,-0.02310213385133817,0.0882,0.0929,0.0122,0.004699999999999996,0.0087,-0.0058000000000000005,0.004128819157720898,0.043736903658917865
1989-04-01,-3.419909014075921,-3.371033262986056,-2.5146695808587998,-0.9052394332171212,0.0009555836957082378,0.4444352571523069,-0.022801966585478516,0.08650000000000001,0.0918,0.0159,0.005299999999999999,0.008200000000000013,0.0053999999999999986,0.005756578947368363,0.03233396455628302
1989-05-01,-3.4427645370604445,-3.4082301924870873,-2.5457496905640693,-0.8970148464963752,0.0010730555571050598,0.4334415257141705,-0.02771405664391248,0.0843,0.0878,0.0401,0.003500000000000003,0.008900000000000005,-0.0021999999999999936,0.006541291905151292,-0.012701714465684154
1989-06-01,-3.4232643481106444,-3.4312205372999514,-2.5343511571837896,-0.8889131909268548,0.0014295303026152341,0.4405629369769596,-0.023948070518178346,0.0815,0.0821,0.055,0.0006000000000000033,0.009300000000000003,-0.0155,0.005686433793663737,0.07925070517573692
1989-07-01,-3.4962475397965425,-3.4115660653123574,-2.6394619422042296,-0.8567855975923129,0.0010188256817299556,0.40403508903805824,-0.028536215040142303,0.0788,0.0801,0.0238,0.0013000000000000095,0.009400000000000006,-0.006000000000000002,0.0024232633279481774,0.012285744933761658
1989-08-01,-3.500082017346421,-3.4846845259292554,-2.675714820459273,-0.824367196887148,0.0013804507318026468,0.39272706017309217,-0.024822149171636464,0.079,0.0841,-0.0259,0.005099999999999993,0.0092,0.009600000000000001,0.00241740531829171,-0.010491003567569334
1989-09-01,-3.4820853555374076,-3.488651179867277,-2.6904486111213504,-0.7916367444160572,0.0005501916949175061,0.39920975037321466,-0.025747098594966305,0.0775,0.0847,0.0019,0.007199999999999998,0.009000000000000008,0.0021000000000000003,0.001607717041800516,-0.0306998681865408
1989-10-01,-3.446668638302202,-3.47216638661289,-2.6765558614356113,-0.7701127768665907,0.005635910821181582,0.4064149288490329,-0.024350638373147025,0.0764,0.081,0.0379,0.004600000000000007,0.008900000000000005,-0.010300000000000004,0.0032102728731941976,0.013395820968630609
1989-11-01,-3.453253081727524,-3.436847089802924,-2.7047031108088846,-0.7485499709186394,0.000844808779686856,0.3972257017961992,-0.027032772460238826,0.07690000000000001,0.0808,0.0078,0.003899999999999987,0.0092,-0.0007999999999999995,0.0047999999999999154,0.016322672064362928
1989-12-01,-3.4647177455761864,-3.443527058596547,-2.7377745518509062,-0.7269431937252802,0.000923422844366577,0.39045474357111726,-0.012333536522407434,0.07629999999999999,0.0816,-0.0006,0.005300000000000013,0.009600000000000011,0.0012,0.0023885350318473275,-0.07574261299440462
1990-01-01,-3.38551929882965,-3.456818976414516,-2.684119796103492,-0.7013995027261579,0.0028920476642427264,0.4149713959251739,-0.013896789618885916,0.0764,0.0865,-0.0343,0.010099999999999998,0.00949999999999998,0.015199999999999998,0.001588562351072298,0.007608448649085877
1990-02-01,-3.386185138006753,-3.3776824315925538,-2.710584368446284,-0.6756007695604689,0.0010085782506886025,0.40917308973261013,-0.011729202811747903,0.0774,0.0876,-0.0025,0.0102,0.0092,0.0013000000000000002,0.01030927835051565,0.019861075040990214
1990-03-01,-3.4023747527288735,-3.378409209994597,-2.752840315900938,-0.6495344368279357,0.00103224470002074,0.4713339563609768,-0.010291440203686946,0.079,0.0889,-0.0044,0.009900000000000006,0.008400000000000019,0.0033,0.0047095761381474865,-0.031685523328111996
1990-04-01,-3.365010052589703,-3.3922652208893727,-2.7319118410290897,-0.6330982115606134,0.0009667773838100984,0.4802842560110811,-0.010149279675610664,0.07769999999999999,0.0924,-0.0202,0.014700000000000005,0.008400000000000005,0.0011000000000000003,0.005468749999999911,0.08618407486428122
1990-05-01,-3.4430026127715485,-3.3550017013488476,-2.82627972791666,-0.6167228848548887,0.0013614467145162906,0.44356997351094674,-0.002261811125899706,0.0774,0.0883,0.0415,0.010900000000000007,0.009399999999999992,-0.0030000000000000027,0.0015540015540016494,-0.013057149436176895
1990-06-01,-3.4241674130531323,-3.433093436863324,-2.8237614778482434,-0.6004059352048889,0.0013508254602949282,0.442949432254078,-0.0005072745355221376,0.07730000000000001,0.0864,0.023,0.009099999999999997,0.009600000000000011,-0.0013999999999999985,0.002327385570209284,-0.011240932888752775
1990-07-01,-3.4140552062754965,-3.4192920666131785,-2.8110269254047604,-0.6030282808707361,0.001298436929738612,0.4392124466473909,0.00488505832166392,0.0762,0.086,0.0107,0.00979999999999999,0.009599999999999997,-0.0004999999999999987,0.005417956656346812,-0.10176960223249214
1990-08-01,-3.310140688583538,-3.4092035135649517,-2.7045222056129608,-0.6056184829705771,0.0058277891593425295,0.48807356293700943,0.001439210342724594,0.0745,0.092,-0.0419,0.0175,0.009999999999999995,0.0127,0.0038491147036181506,-0.056180176530467814
1990-09-01,-3.2527717430425764,-3.305312421188447,-2.6445946056040155,-0.6081771374385609,0.0019847914869206345,0.5202896659707724,0.0013728768628343889,0.0736,0.0914,0.0117,0.017799999999999996,0.010800000000000004,-0.0026,0.009202453987730008,-0.01038046903864742
1990-10-01,-3.2389778390814348,-3.2456986249722917,-2.6440257923609303,-0.5949520467205045,0.004492763947883038,0.5224519209115885,-0.00047068417248902097,0.0717,0.0898,0.0215,0.018100000000000005,0.0121,-0.008299999999999998,0.008358662613981771,0.05687869113983773
1990-11-01,-3.2901612394955198,-3.2319543988389006,-2.7084226868278978,-0.581738552667622,0.002439892152473761,0.4985056550700291,0.0009098865845167667,0.0706,0.0858,0.0402,0.015200000000000005,0.013199999999999976,-0.011699999999999999,0.006028636021100375,0.021620449361068744
1990-12-01,-3.30771134106432,-3.2831867841234743,-2.73917585313008,-0.5685354879342404,0.0007945958006184112,0.4844968598832044,-0.0018459075114823477,0.0674,0.0844,0.0187,0.017,0.013799999999999993,-0.0020000000000000018,0.0022471910112360494,0.03883131566681542
1991-01-01,-3.347728686443716,-3.307049637152666,-2.7861225506418488,-0.5616061358018674,0.003193548619349617,0.46630779969229535,0.0007215596343614205,0.0622,0.0837,0.013,0.0215,0.014100000000000001,0.002,0.0,0.06433167998228702
1991-02-01,-3.412181837361523,-3.3470674200946076,-2.8575441474422907,-0.5546376899192325,0.0024313467391365987,0.4427204407774671,0.0012468960191909433,0.0594,0.0841,0.003,0.024699999999999993,0.012399999999999994,0.0091,0.005979073243647104,0.019671821699466022
1991-03-01,-3.4334809630504637,-3.411521007996652,-2.8858513151730736,-0.5476296478773901,0.0013750554843058975,0.4571255997199591,0.0032513958389022847,0.0591,0.0844,0.0038,0.025300000000000003,0.011600000000000013,0.007000000000000001,0.0014858841010403356,-0.003020572459109309
1991-04-01,-3.432809442655371,-3.4324630392518243,-2.9108545151894805,-0.5219549274658903,0.002072774464530118,0.46123959873540016,0.005730156636071535,0.0565,0.0837,0.014,0.027199999999999995,0.01079999999999999,-0.00020000000000000052,0.0014836795252224366,0.03734507018629253
1991-05-01,-3.469644376609891,-3.4317925539720116,-2.9739864945004384,-0.4956578821094526,0.0015851689874718281,0.43996696944673824,0.006982104807960843,0.0546,0.0845,0.0,0.029900000000000003,0.009999999999999995,0.0039,0.001481481481481417,-0.05060903499826143
1991-06-01,-3.4195510107668445,-3.468628520938757,-2.9508448393040596,-0.4687061714627849,0.0011798904421459974,0.4582437430119549,0.01424748935218331,0.0557,0.086,-0.0063,0.030299999999999994,0.009500000000000008,0.0045000000000000005,0.002958579881656931,0.04058807324301351
1991-07-01,-3.459926930662819,-3.4160446381838314,-3.0224123682466115,-0.43751456241620756,0.0011053299091358607,0.44035678156055563,0.014835552764731372,0.0558,0.085,0.0157,0.029200000000000004,0.008900000000000005,0.0010000000000000009,0.002949852507374784,0.019014763289365154
1991-08-01,-3.475891061210491,-3.456432809781973,-3.070344205891905,-0.40554685531858636,0.0020376369415807836,0.437639637271652,0.01733129829731174,0.0533,0.0818,0.034,0.028499999999999998,0.009000000000000008,-0.006500000000000002,0.0014705882352941124,-0.021594217299644808
1991-09-01,-3.453079776087511,-3.4724091067119,-3.0803230277254317,-0.3727567483620793,0.00047469663560379554,0.44153183703099674,0.023289043967750278,0.052199999999999996,0.079,0.0303,0.026800000000000004,0.009000000000000008,-0.0032000000000000015,0.002936857562408246,0.00917704088022547
1991-10-01,-3.4668270548891433,-3.455036883456062,-3.1273314577086504,-0.33949559718049294,0.0011256624322622082,0.43400345378123883,0.025508895824187538,0.0499,0.0791,0.0054,0.029200000000000004,0.009399999999999992,-0.0011000000000000003,0.004392386530014614,-0.044937350751878755
1991-11-01,-3.4238658994534115,-3.4687880000391234,-3.1189133608526505,-0.304952538600761,0.002049019739308559,0.46015449030635514,0.030689946961441002,0.045599999999999995,0.0789,0.0082,0.0333,0.009699999999999986,0.0023999999999999994,0.001457725947521915,0.10424423235524949
1991-12-01,-3.5316202026998593,-3.4258306974657624,-3.2625900636226404,-0.26903013907721895,0.002049549527566583,0.42034441734015393,0.031812384429210916,0.0407,0.073,0.0581,0.032299999999999995,0.009499999999999995,-0.014499999999999999,0.0029112081513829047,-0.021912645321436424
1992-01-01,-3.5082200055873023,-3.5283204546860953,-3.23790818210386,-0.2703118234834423,0.0008724426833656897,0.4132296784533297,0.031941466539383435,0.038,0.0776,-0.0324,0.0396,0.009300000000000017,0.015099999999999999,0.0007256894049345597,0.009986861561428521
1992-02-01,-3.5144504701174406,-3.504931110109673,-3.2428670035273424,-0.27158346659009824,0.0009132282432734949,0.40763052516093295,0.0335560213341365,0.0384,0.0777,0.0051,0.03930000000000001,0.00940000000000002,0.004499999999999999,0.0014503263234226793,-0.023056270247448937
1992-03-01,-3.4890986759482137,-3.511172356024115,-3.216253488993091,-0.2728451869551227,0.0004697572964605512,0.40210603421764723,0.041900538021336926,0.0404,0.0797,-0.0094,0.039299999999999995,0.009000000000000008,0.0021000000000000003,0.003620564808110016,0.025017374102569413
1992-04-01,-3.5167176461446017,-3.4892068717827796,-3.226212792393699,-0.29050485375090274,0.0016610435962213363,0.3873034717692683,0.03866181005725716,0.0375,0.0803,0.0016,0.0428,0.008800000000000016,0.0,0.005050505050505194,0.0020421893382480466
1992-05-01,-3.5177893609273965,-3.516825853686773,-3.2099275767693167,-0.30786178415807974,0.0006900288158802762,0.3829985162855326,0.037175488724919784,0.0363,0.0781,0.0243,0.041800000000000004,0.008500000000000008,0.0011000000000000003,0.00143575017946862,-0.018338986023178683
1992-06-01,-3.5003862946955655,-3.5178975801797066,-3.1754600490714138,-0.32492624562415173,0.0007529192208540511,0.3920423538331407,0.04307655959668545,0.0366,0.0765,0.02,0.0399,0.008300000000000002,-0.004400000000000001,0.0014336917562722817,0.0370135753361051
1992-07-01,-3.5369774928415323,-3.498359130003797,-3.194908495801429,-0.3420689970401032,0.0008974630008779733,0.3833486996935862,0.04149479185636371,0.0321,0.0726,0.0398,0.0405,0.007699999999999985,-0.009000000000000001,0.0035790980672869566,-0.02342708117775475
1992-08-01,-3.5106642485636614,-3.5349544292342783,-3.1518089831733156,-0.35885526539034585,0.0003695473760987948,0.39940503692424356,0.0430499562341235,0.0313,0.0725,0.0067,0.041199999999999994,0.007000000000000006,0.002299999999999999,0.0021398002853068032,0.008679558347049419
1992-09-01,-3.5177096836353114,-3.5086452694809043,-3.1424113344879876,-0.37529834914732385,0.000872241204295148,0.3976569721096054,0.04113778229762699,0.0291,0.071,0.0185,0.04189999999999999,0.007000000000000006,-0.008599999999999998,0.002846975088967918,0.0024871767834702264
1992-10-01,-3.5200827013085743,-3.517978645444356,-3.1252998663704536,-0.3947828349381206,0.000944144797523442,0.4032511777507015,0.041096098662396344,0.0286,0.0741,-0.0198,0.0455,0.008499999999999994,0.004200000000000002,0.002838892831795725,0.03093817088374809
1992-11-01,-3.55016465601344,-3.520351735477536,-3.1362595487123115,-0.4139051073011286,0.0005080947218723736,0.3936264584752829,0.037986651721801004,0.0313,0.0748,0.001,0.043500000000000004,0.00860000000000001,0.0059,0.0035385704175512345,0.010495191019208462
1992-12-01,-3.5604908214908733,-3.5504337625812648,-3.1278122466945395,-0.43267857479633376,0.0004715522686509447,0.3941096141989526,0.03882868781012467,0.0322,0.0726,0.0246,0.0404,0.008300000000000002,-0.0017999999999999995,0.0014104372355430161,0.0049582552058841465
1993-01-01,-3.5649853383513905,-3.5579640742726717,-3.1218226584857667,-0.44316267986562385,0.00034885075192561557,0.393048104460834,0.04175384230956908,0.03,0.0725,0.028,0.042499999999999996,0.007599999999999996,-0.002999999999999999,-0.0007042253521126751,0.011237756712762836
1993-02-01,-3.5728940011517207,-3.5624649594968285,-3.119407958209358,-0.45348604294236283,0.001146896483029807,0.3859601968908335,0.04072817019409708,0.029300000000000003,0.0698,0.0354,0.040499999999999994,0.0068000000000000005,-0.0098,0.0049330514446792595,0.018483484664906038
1993-03-01,-3.588904593166543,-3.57037995864009,-3.125251722835533,-0.46365287033100966,0.0010047249550798963,0.33361352638732605,0.03710641449013983,0.029500000000000002,0.0702,0.0021,0.0407,0.005699999999999997,0.0004000000000000002,0.003506311360448766,-0.027221720899559515
1993-04-01,-3.5619846026448236,-3.587729975449599,-3.108111819486517,-0.4538727831583067,0.0010047850118473196,0.33434980595256286,0.03981268546846858,0.0287,0.0701,0.0072,0.04139999999999999,0.0068000000000000005,-0.002,0.0034940600978337066,0.02372256799549479
1993-05-01,-3.5832746270244513,-3.560811363036069,-3.1392552503061664,-0.44401937671828495,0.0008173081764945665,0.32488242147966084,0.040254628780705806,0.0296,0.0701,0.0047,0.040499999999999994,0.007800000000000015,-0.0027,0.0027855153203342198,0.000963127066633161
1993-06-01,-3.582857713924109,-3.582102762293972,-3.148766374285765,-0.4340913396383441,0.0005738513542606237,0.32593124756094427,0.041154021410630855,0.030699999999999998,0.0668,0.0449,0.0361,0.007400000000000004,-0.015600000000000003,0.001388888888888884,-0.007000704833327003
1993-07-01,-3.577622891739741,-3.5829641903529903,-3.124972476241721,-0.4526504154980202,0.0006089624527147737,0.3237770308188938,0.04100778690629982,0.0304,0.0656,0.0191,0.03520000000000001,0.007599999999999996,-0.009099999999999999,0.0013869625520113171,0.034250584688409094
1993-08-01,-3.611581837080495,-3.5777293795070593,-3.1407066727136126,-0.47087516436688226,0.00028156880698955715,0.31386498333839247,0.04019293688152927,0.0302,0.0623,0.0434,0.032100000000000004,0.007500000000000007,-0.014700000000000001,0.0,-0.010207515328603693
1993-09-01,-3.601650202706259,-3.6116883361886654,-3.112872716162031,-0.48877748654422826,0.0004706747650606977,0.32235182146238445,0.041840710902250104,0.029500000000000002,0.0627,0.0005,0.03320000000000001,0.006799999999999987,0.0038,0.0027700831024930483,0.017491311795262553
1993-10-01,-3.619314363719838,-3.6001070746397095,-3.108196346177093,-0.5111180175427448,0.0003142270838085984,0.3113628329216831,0.04036713640665907,0.0302,0.0623,0.0096,0.032100000000000004,0.006400000000000003,-0.004499999999999999,0.002071823204419676,-0.011189552236248592
1993-11-01,-3.6047788734552646,-3.6177736132290845,-3.0718750956345158,-0.5329037778207488,0.0005763516667575556,0.31107941081016693,0.04383756028266765,0.031,0.0651,-0.0259,0.034100000000000005,0.007300000000000001,0.007099999999999999,0.004135079255685792,0.010269348085273196
1993-12-01,-3.613281084341952,-3.6032404932250746,-3.0591209218721986,-0.5541601624697532,0.00026968209775830155,0.3052672229090084,0.04572686990669225,0.030600000000000002,0.0654,0.002,0.0348,0.0076000000000000095,0.0047,0.000686341798215695,0.030385518984241508
1994-01-01,-3.641825388033496,-3.609841563541825,-3.078695386152387,-0.5631300018811087,0.00042348832756514826,0.28805856716297956,0.04367113523841064,0.0298,0.0637,0.0257,0.033900000000000007,0.007300000000000001,-0.005500000000000001,0.0,-0.029634476195455322
1994-02-01,-3.607891997707839,-3.638397656997149,-3.0359324732548187,-0.5719595244530202,0.0010260764611396097,0.2990588208680001,0.04504113161256764,0.0325,0.0682,-0.045,0.035699999999999996,0.0068000000000000005,0.016399999999999998,0.00274348422496562,-0.04712485166210941
1994-03-01,-3.5576501012139685,-3.604475975886934,-2.9769977678188986,-0.5806523333950699,0.0008921025376005575,0.30748380506932604,0.041905087773417365,0.035,0.0725,-0.0395,0.03749999999999999,0.006500000000000006,0.0011999999999999997,0.0034199726402188713,0.010039195869242167
1994-04-01,-3.565762635575772,-3.554297996464535,-2.952566661215472,-0.6131959743602997,0.0013736679541102197,0.30366478621342424,0.039845659339764916,0.0368,0.0745,-0.015,0.0377,0.006400000000000003,0.005299999999999999,0.0034083162917519783,0.013082231867928437
1994-05-01,-3.5747645724550954,-3.562421729902565,-2.930257737963018,-0.6445068344920775,0.0007505029371260813,0.2974694757018966,0.03964106707301306,0.0414,0.0759,-0.0082,0.034499999999999996,0.0063,0.002000000000000001,0.0013586956521740579,-0.0281689401156732
1994-06-01,-3.5442566713944177,-3.5714347912770292,-2.869588491200144,-0.6746681801942738,0.0007971327064158291,0.30841707670307816,0.033995563953154846,0.0414,0.0774,-0.01,0.036,0.006800000000000014,0.0019000000000000006,0.0006784260515604323,0.029394200997368312
1994-07-01,-3.572956262512781,-3.5419738615104874,-2.8727858921457963,-0.7001703703669846,0.0003272825063099082,0.2969853807729684,0.03121121743234302,0.0433,0.0746,0.0363,0.0313,0.006900000000000017,-0.0053999999999999986,0.003389830508474523,0.0368161338005642
1994-08-01,-3.607630647248563,-3.570678651982933,-2.8827040690184793,-0.7249265782300838,0.0005603876017552564,0.2856838193200228,0.028706518168642947,0.044800000000000006,0.0761,-0.0086,0.031299999999999994,0.006699999999999998,0.0055,0.002702702702702675,-0.027924390886361634
1994-09-01,-3.5780918384121305,-3.6053582124423906,-2.829115508015208,-0.7489763303969226,0.0008018929880999821,0.2909046585988527,0.029003294844479974,0.0462,0.08,-0.0331,0.033800000000000004,0.006400000000000003,0.006599999999999998,0.0040431266846361336,0.0185771189820298
1994-10-01,-3.592360706475502,-3.571740978215543,-2.810627113546189,-0.7817335929293128,0.0011584280263979326,0.28607127371314517,0.026000495318000447,0.0495,0.0809,-0.0025,0.0314,0.0063,-0.0025,0.0026845637583892135,-0.0406144507173908
1994-11-01,-3.5457438345173555,-3.58604992530174,-2.732684956475911,-0.8130588780414447,0.0008363991427871203,0.2989926142670591,0.022917147016113682,0.0529,0.0808,0.0066,0.027899999999999994,0.006400000000000003,-0.0048000000000000004,0.0006693440428380271,0.010453928234264324
1994-12-01,-3.5516967566569093,-3.5394726296755694,-2.708638263453764,-0.8430584932031455,0.0007049229543034868,0.2915683000067602,0.016594292602983007,0.055999999999999994,0.0799,0.0161,0.023900000000000005,0.006399999999999989,-0.00040000000000000105,0.0013377926421402897,0.02147654213010976
1995-01-01,-3.575684396932208,-3.5516967566569093,-2.711606536504987,-0.864077860427221,0.00028937658320599537,0.2908537343814016,0.015093369874640898,0.0571,0.078,0.0273,0.020900000000000002,0.006199999999999997,-0.0017000000000000001,0.0,0.0344861085446629
1995-02-01,-3.6111231081963044,-3.575684396932208,-2.7264586141606952,-0.8846644940356092,0.0004724140804132983,0.27873003559222,0.014532095082890254,0.057699999999999994,0.0758,0.0287,0.018100000000000012,0.0059000000000000025,0.0001999999999999988,0.004008016032064354,0.02432253882879684
1995-03-01,-3.6380855754204164,-3.6111231081963044,-2.7332497225210277,-0.9048358528993887,0.00048430583915839867,0.3138765418776539,0.014388598260501807,0.057300000000000004,0.0755,0.0091,0.018199999999999994,0.0058,0.0003999999999999993,0.003992015968063756,0.024580902725060097
1995-04-01,-3.660839547638768,-3.63326300355093,-2.7417568176735814,-0.9190827299651865,0.0002569203760850568,0.3019947008247009,0.013012406907631708,0.0565,0.0745,0.0169,0.017999999999999995,0.005699999999999997,0.0006000000000000033,0.003313452617627499,0.03365157016435685
1995-05-01,-3.6917080978764023,-3.656040121391932,-2.758712194792119,-0.9329959030842834,0.0010114420621799751,0.2922642542456368,0.010743778004010255,0.0567,0.0677,0.079,0.010999999999999996,0.005499999999999991,-0.015899999999999997,0.0033025099075296716,0.019178892863827686
1995-06-01,-3.7079869582179725,-3.6869315961411573,-2.761398696474297,-0.9465882617436754,0.0006967643243991693,0.28642961789533944,0.008274919056735993,0.0547,0.067,0.0139,0.012300000000000005,0.006000000000000005,-0.005999999999999998,0.0019749835418036987,0.02836926998391283
1995-07-01,-3.7339438699346545,-3.702662237998467,-2.7854454538485762,-0.9484984160860783,0.0007732277287529845,0.27716036719066023,0.007061119784045735,0.0542,0.0691,-0.0168,0.014899999999999997,0.006299999999999986,0.006699999999999999,0.001971090670170872,-0.0011931072094473164
1995-08-01,-3.7283270504579975,-3.7286473522562056,-2.7779422451439686,-0.9503848053140289,0.00020672971563526985,0.28304613470217127,0.009121468266568664,0.054000000000000006,0.0674,0.0236,0.013399999999999995,0.006199999999999997,-0.0022000000000000006,0.0,0.03694904579885904
1995-09-01,-3.7623729254775635,-3.72305843814271,-2.8101250519881504,-0.9522478734894131,0.00038145363144266744,0.2724949975926904,0.006379353038100895,0.0528,0.0663,0.0175,0.013499999999999998,0.006099999999999994,-0.0022000000000000023,0.0026229508196722318,-0.008136926796193954
1995-10-01,-3.7521645335654874,-3.757156352904331,-2.8167601624484857,-0.9354043711170017,0.00048781727394307014,0.27442024525926073,0.012221252348348139,0.0528,0.0641,0.0294,0.011300000000000004,0.0063,-0.0109,0.0019620667102679956,0.03903972608378664
1995-11-01,-3.7872039018496326,-3.746975032462449,-2.868752738991098,-0.9184511628585348,0.0005461627096214274,0.25716885151700014,0.01687095353358145,0.0536,0.0623,0.0249,0.0087,0.006599999999999995,-0.0006999999999999992,0.0032637075718016106,0.012601134927481187
1995-12-01,-3.7993346720581638,-3.782041192691284,-2.897949959269636,-0.9013847127885279,0.0008205364791757412,0.2550263829395351,0.015526517327307214,0.051399999999999994,0.0603,0.0272,0.008900000000000005,0.0067000000000000115,-0.004399999999999998,-0.0006506180871828082,0.02997633676428034
1996-01-01,-3.823820900609569,-3.791724211935781,-2.929261718546766,-0.8945591820628032,0.0013839551115789395,0.24187717210079357,0.016127862930085047,0.05,0.0609,-0.0011,0.0109,0.006600000000000009,0.0025,-0.0006510416666666297,0.006145041055209771
1996-02-01,-3.8231777387621717,-3.8162679224019858,-2.935387221141256,-0.8877905176209158,0.001267630922844381,0.23789473710345846,0.0168013686148027,0.0483,0.0659,-0.0483,0.017599999999999998,0.006399999999999989,0.011000000000000003,0.005863192182410382,0.005646940609840806
1996-03-01,-3.823566765191128,-3.8156813806511876,-2.9424889065815236,-0.8810778586096042,0.0017417161302782712,0.23929961540850445,0.016891913075697762,0.0496,0.0684,-0.021,0.018800000000000004,0.0068000000000000005,0.008000000000000002,0.0032383419689119286,0.01043018605843416
1996-04-01,-3.83292262803873,-3.819580581808554,-2.9473476490472725,-0.8855749789914573,0.0009818375538861413,0.24007580620728264,0.02112195376277474,0.0495,0.0706,-0.0165,0.021099999999999994,0.006900000000000003,0.0005000000000000004,0.005164622336991442,0.02075210825127929
1996-05-01,-3.85154843097069,-3.8289522712472945,-2.961531866492205,-0.890016564478485,0.0011252911637478064,0.23692351549588916,0.026419154514043395,0.050199999999999995,0.0717,-0.0054,0.021500000000000005,0.0068000000000000005,0.005900000000000001,0.003853564547206423,0.0001274819136760771
1996-06-01,-3.8498479284411316,-3.847593775592637,-2.955444247971818,-0.8944036804693134,0.00039480383279131827,0.23644372524397833,0.0272161736914645,0.0509,0.0703,0.0203,0.0194,0.006900000000000003,-0.0030999999999999986,0.0019193857965449368,-0.049951814233438474
1996-07-01,-3.7939303870260686,-3.840757907813031,-2.8982627994939243,-0.8956675875321443,0.0023551484497514076,0.24181989379253627,0.031136864249514385,0.051500000000000004,0.0707,0.0018,0.019199999999999995,0.006999999999999992,-0.0007999999999999999,0.0006385696040867028,0.017599421298687024
1996-08-01,-3.803561427182046,-3.7849222510981257,-2.9066541540284216,-0.8969072731536243,0.0011215206691417817,0.23806111786702766,0.03088610556398762,0.050499999999999996,0.0726,-0.0139,0.0221,0.007199999999999998,0.006899999999999999,0.0019144862795150708,0.05013098037292265
1996-09-01,-3.8473899171714914,-3.7946337138483166,-2.9492664892527856,-0.8981234279187058,0.0006862430296662209,0.22729731810082116,0.029580736762263103,0.0509,0.0704,0.029,0.019500000000000003,0.0068999999999999895,-0.003100000000000002,0.0019108280254778176,0.02225401759549623
1996-10-01,-3.867857534572849,-3.8420622540637037,-2.9500981911761333,-0.9177593433967157,0.0006066450315791056,0.22174765584938821,0.025655808817895937,0.0499,0.0671,0.0404,0.017200000000000007,0.006800000000000014,-0.004299999999999998,0.0031786395422759295,0.06956861117135145
1996-11-01,-3.9333670700560144,-3.8625581051063507,-2.996551609937393,-0.9368154601186216,0.000703735417906,0.20500791909557914,0.022067341270656883,0.050300000000000004,0.0643,0.0351,0.013999999999999992,0.006900000000000003,-0.008799999999999999,0.003168567807350975,-0.02458605844266036
1996-12-01,-3.906355589926097,-3.9280955765625025,-2.9510351930046377,-0.9553203969214592,0.0017090845668988378,0.20734272969549994,0.02412568672196772,0.049100000000000005,0.0673,-0.0256,0.018199999999999994,0.0068999999999999895,0.007000000000000003,0.0018951358180667732,0.0564424338996229
1997-01-01,-3.9622929705877876,-3.9027823230649155,-2.9976336084560495,-0.9646593621317381,0.0013600822131999593,0.1962401028604843,0.02440693274501255,0.050300000000000004,0.0689,-0.0079,0.0186,0.006699999999999998,0.0051,0.0,0.003829692917026078
1997-02-01,-3.9646424742814386,-3.958732426514241,-2.990796026759568,-0.9738464475218707,0.0014747914387731075,0.19439541077479064,0.022910926649139875,0.0501,0.0694,0.0005,0.019300000000000005,0.0063,0.0023,0.0031525851197982124,-0.04687265695329417
1997-03-01,-3.917545942245285,-3.961094562716686,-2.934660235558484,-0.9828857066868011,0.0020014614517121668,0.2147802022701851,0.02114854338022051,0.051399999999999994,0.0723,-0.0252,0.02090000000000001,0.0063,0.0030999999999999986,0.00314267756128217,0.05423658386992695
1997-04-01,-3.9720542662426452,-3.9152907011726765,-2.9888591663375337,-0.9831950999051116,0.00300508100333154,0.20174104781366,0.01694529009185987,0.0516,0.0705,0.0255,0.018899999999999993,0.006099999999999994,-0.007099999999999999,0.0025062656641603454,0.05470169949031277
1997-05-01,-4.0267295433908,-3.969804099839874,-3.0432265361248203,-0.9835030072659801,0.002007455769669586,0.19287858787625403,0.013264450196903251,0.050499999999999996,0.0701,0.0097,0.0196,0.006199999999999983,0.0031000000000000003,0.0012499999999999734,0.03946497176018135
1997-06-01,-4.06701948348783,-4.024484428871418,-3.0832100440258534,-0.983809439461977,0.0019744632002779163,0.18428761503037272,0.010846706969080846,0.0493,0.0688,0.0195,0.019500000000000003,0.006099999999999994,-0.0007999999999999986,-0.0006242197253433224,0.0730294544600756
1997-07-01,-4.138466767083063,-4.063244983187081,-3.1576922740855884,-0.9807744929974751,0.002010215080185718,0.17196494296306417,0.011592658712364588,0.050499999999999996,0.0637,0.0626,0.01320000000000001,0.006100000000000008,-0.009800000000000003,0.0012492192379762734,-0.06063551471512087
1997-08-01,-4.075544552568019,-4.13470646007902,-3.0977913592740496,-0.9777531932939687,0.0024647216646816335,0.18550540381833042,0.012877263024129225,0.051399999999999994,0.0672,-0.0317,0.0158,0.006000000000000005,0.0076999999999999985,0.0012476606363067688,0.048093936575439526
1997-09-01,-4.123587351568449,-4.071798332518004,-3.148841916752475,-0.9747454348159739,0.0026264943298630423,0.17796785704812584,0.0146342660863902,0.0495,0.0649,0.0316,0.015399999999999997,0.005499999999999991,-0.009000000000000005,0.0018691588785046953,-0.03733959171794646
1997-10-01,-4.08494235571354,-4.120028397268323,-3.1213304215392865,-0.9636119341742533,0.009363821433783876,0.19000067732822787,0.01626282562687147,0.049699999999999994,0.0623,0.0341,0.012600000000000007,0.005699999999999997,-0.015,0.0024875621890545485,0.041387787213519815
1997-11-01,-4.125017445151888,-4.081396022663945,-3.1725842022987645,-0.9524332428531244,0.0026621100032988357,0.18074629876792264,0.01566720808760771,0.051399999999999994,0.0614,0.0148,0.010000000000000009,0.005500000000000005,-0.004700000000000001,0.002481389578163906,0.012213132662187109
1997-12-01,-4.137092815433343,-4.121483644150663,-3.195884433061569,-0.9412083823717738,0.0022493744246461114,0.1788008842040588,0.015559471291223008,0.0516,0.0602,0.0184,0.008599999999999997,0.005600000000000008,-0.002100000000000001,-0.0006188118811880639,0.007631860576786952
1998-01-01,-4.144099201631061,-4.134000228727824,-3.2074951220501284,-0.9366040795809325,0.0024688425372982646,0.17884027344671738,0.013739636269941794,0.0504,0.0589,0.02,0.0085,0.0058,-0.0063,-0.0012383900928791824,0.06559260231478703
1998-02-01,-4.209094578486406,-4.14101614953903,-3.27708755582872,-0.932007022657686,0.0010533477132539612,0.16546309710866489,0.01205637744065806,0.0509,0.0599,-0.0072,0.009000000000000001,0.0058,0.0065,0.0018598884066955979,0.04616932161581235
1998-03-01,-4.254759432029992,-4.2060210023970495,-3.3273422859796256,-0.9274171460503662,0.0011367857598752061,0.1811403959656668,0.016488861417208955,0.050300000000000004,0.0602,0.0025,0.009899999999999992,0.006000000000000005,0.0013,0.0018564356435644136,0.006921129546690255
1998-04-01,-4.257231289080908,-4.248195763412198,-3.3411946545273934,-0.9160366345535147,0.0016147640342177765,0.17587292223931028,0.016405365846306315,0.0495,0.0604,0.0026,0.0109,0.006400000000000003,0.0027,0.0018529956763433386,-0.021824071428820972
1998-05-01,-4.231704778009526,-4.250710421430135,-3.3270291683078868,-0.9046756097016386,0.000958823293773903,0.17910220571493346,0.019075206126933454,0.05,0.0592,0.0182,0.0092,0.006099999999999994,-0.0015000000000000013,0.0018495684340320562,0.03606135287051486
1998-06-01,-4.263906551627796,-4.2252261567393425,-3.3705732615080324,-0.8933332901197644,0.0020973438884585405,0.17806060597750975,0.024010576671010586,0.049800000000000004,0.0576,0.0228,0.0077999999999999944,0.006000000000000005,-0.011300000000000001,0.0018461538461538307,-0.014152464194701082
1998-07-01,-4.248197845162102,-4.259881226304737,-3.3664455100246715,-0.8817523351374308,0.002228175769463856,0.17943810888819886,0.025353565218021012,0.0496,0.0584,-0.004,0.008800000000000002,0.006000000000000005,-0.0015999999999999999,0.0012285012285011554,-0.15875284305203152
1998-08-01,-4.0866025880684855,-4.244188658142779,-3.216472592043137,-0.8701299960253479,0.009333916970024201,0.21143209159591356,0.02851902918266704,0.049,0.0547,0.0465,0.005699999999999997,0.006199999999999997,-0.0376,0.0012269938650306678,0.05667120246487785
1998-09-01,-4.143135709666517,-4.082609410466329,-3.2846704483513967,-0.8584652613151205,0.009971016880241285,0.20324840423225912,0.024082909082287288,0.0461,0.0517,0.0395,0.005600000000000001,0.006900000000000003,0.001800000000000003,0.001225490196078427,0.07386892273611291
1998-10-01,-4.219295956394312,-4.142062548898989,-3.3652348547190827,-0.8540611016752293,0.005171527488186886,0.18551907684869381,0.020740089155810142,0.039599999999999996,0.054,-0.0218,0.014400000000000003,0.008099999999999996,0.0028000000000000004,0.001223990208078174,0.057213131602089976
1998-11-01,-4.275668018073472,-4.2182239460663205,-3.426021058245246,-0.8496469598282261,0.0019366789374442367,0.17484684447515783,0.022003577262633436,0.0441,0.0535,0.0097,0.009399999999999999,0.009299999999999989,0.0173,0.0024449877750611915,0.05416757172623894
1998-12-01,-4.329440683453013,-4.274597155721091,-3.48421792480604,-0.8452227586469729,0.0032868971994435238,0.17361131536550134,0.02005702943142127,0.043899999999999995,0.0542,-0.0032,0.010300000000000004,0.010100000000000005,0.004200000000000001,0.0,0.038415513822953724
1999-01-01,-4.364417182011161,-4.324226350732003,-3.518503834331344,-0.8459133476798177,0.0033356136050409204,0.17032061914447988,0.015587699256820936,0.0434,0.0536,0.0121,0.0102,0.010500000000000002,0.00020000000000000052,-0.0006097560975609762,-0.03594993445386243
1999-02-01,-4.326414806912693,-4.3592298975780714,-3.4798184854278107,-0.8465963214848817,0.003482149740608545,0.17127680959595618,0.018446667544496052,0.0444,0.0587,-0.052,0.0143,0.009899999999999992,0.0119,0.0024405125076265577,0.033947718753614506
1999-03-01,-4.359314892167221,-4.321254291600065,-3.512043086677689,-0.847271805489533,0.0032135873296863368,0.17289717073498748,0.0206681223851739,0.0444,0.0592,-0.0008,0.0148,0.00910000000000001,0.001,0.0012172854534386879,0.03317766713808486
1999-04-01,-4.396576972977803,-4.359335157028966,-3.526615204357765,-0.8699617686200374,0.0027266259983553458,0.15682587641256804,0.02518126627858601,0.0429,0.0594,0.0021,0.0165,0.008400000000000005,-0.0045,0.003039513677811634,-0.026825616342558953
1999-05-01,-4.371309772396497,-4.396597238250219,-3.4791605839841666,-0.8921491884123309,0.003085648708614107,0.16023113542046816,0.025897434650534176,0.045,0.0615,-0.0185,0.0165,0.00789999999999999,0.000899999999999998,0.0072727272727270975,0.04900926367135906
1999-06-01,-4.42433827787127,-4.371330038079604,-3.5104824144997897,-0.91385586337148,0.0024092464833671266,0.15422744676724118,0.018868580646982012,0.045700000000000005,0.0627,-0.0078,0.017,0.00789999999999999,-0.0082,0.0,-0.034478835571061045
1999-07-01,-4.387863775356852,-4.420434590710133,-3.4543017335073753,-0.9335620418494766,0.0016111778691826253,0.15879647268893993,0.019370441469391552,0.0455,0.0639,-0.0077,0.0184,0.007599999999999996,-0.003599999999999999,0.0,-0.008908976647471282
1999-08-01,-4.3777014893544095,-4.383975267732206,-3.4249626821985824,-0.9527388071558267,0.002729848515781925,0.15624302689310163,0.018880738290988148,0.0472,0.0649,-0.0053,0.0177,0.007499999999999993,0.0027,0.0030084235860408093,-0.03237316826025672
1999-09-01,-4.344860776589405,-4.37382804367174,-3.3734501767951914,-0.9714105997942135,0.0027049431848818937,0.16368449822911238,0.020379679058214646,0.046799999999999994,0.0646,0.0084,0.01780000000000001,0.008099999999999996,0.0008999999999999998,0.002399520095980767,0.05836663540105213
1999-10-01,-4.40450149156448,-4.343839724817464,-3.4026879301735113,-1.0018135613909678,0.004875975130272578,0.15769066072892163,0.020445236868699077,0.048600000000000004,0.0651,-0.0012,0.0165,0.008300000000000016,0.0059,0.004787552363854086,0.017014649590160923
1999-11-01,-4.422363954036967,-4.40348148127594,-3.3911038473983486,-1.031260106638618,0.0013542672176870935,0.15554596711910032,0.018280454363244863,0.0507,0.0662,-0.0061,0.015499999999999993,0.007900000000000004,0.0037000000000000006,0.0017867778439546456,0.05630862369227548
1999-12-01,-4.477577782763454,-4.421344983109348,-3.4177709248506307,-1.0598068579128235,0.0011487749399219178,0.147167259434962,0.017888756470837864,0.052000000000000005,0.0682,-0.0155,0.016199999999999992,0.006400000000000003,0.005299999999999999,0.0005945303210466157,-0.05499551443178155
2000-01-01,-4.423936060699043,-4.476180883651827,-3.3464713787066342,-1.0774646819924087,0.005206299839152105,0.15465416004384142,0.02535878070683641,0.053200000000000004,0.0666,0.0228,0.013400000000000002,0.005499999999999991,-0.024900000000000002,0.0,-0.021902969477947544
2000-02-01,-4.4022280475824065,-4.422541110192855,-3.3074598966897386,-1.0947681508926674,0.0030004661710201943,0.1670564326414902,0.027418814027088474,0.0555,0.0646,0.0264,0.009100000000000004,0.006099999999999994,-0.0172,0.002970885323826611,0.08924569930947376
2000-03-01,-4.4931588523750365,-4.4008350402528125,-3.3814285123830174,-1.111730339992019,0.0066783159173639094,0.14997356178980206,0.01829139008932665,0.056900000000000006,0.0618,0.0367,0.004899999999999995,0.006900000000000003,-0.019800000000000005,0.005924170616113722,-0.0366819516766727
2000-04-01,-4.463032943335065,-4.494312920593144,-3.3438224958328755,-1.1192104475021902,0.00794174693414462,0.15260041819792453,0.011944945832683738,0.056600000000000004,0.063,-0.0076,0.006399999999999996,0.0076000000000000095,-0.0039,0.008244994110718329,-0.027544037224449605
2000-05-01,-4.442029646735658,-4.4641883449656214,-3.3153775256460336,-1.126652121089624,0.005185423394308216,0.15566873114331997,0.009178527500564079,0.0579,0.064,-0.0054,0.006100000000000001,0.00910000000000001,-0.0107,0.0005841121495329116,0.021889152994165478
2000-06-01,-4.466838016020212,-4.443186384863481,-3.3327821553246055,-1.1340558606956064,0.0023597571671857527,0.15677796158526175,0.007124212685825067,0.056900000000000006,0.0622,0.0244,0.005299999999999992,0.008099999999999996,0.008199999999999995,0.0011675423234092097,-0.01766607774581527
2000-07-01,-4.457511302057062,-4.473987555321425,-3.3049428688490092,-1.152568433208053,0.002065432899122411,0.15567415100664705,0.004712233861061194,0.0596,0.0611,0.0173,0.0015000000000000013,0.006999999999999992,0.0005999999999999998,0.005247813411078717,0.05572554698033952
2000-08-01,-4.523640483168055,-4.4647123255798435,-3.352635662398956,-1.1710048207690993,0.0010392528774306594,0.14605306404363275,0.004674638214227245,0.060899999999999996,0.0594,0.024,-0.0014999999999999944,0.007099999999999995,-0.0105,0.002320185614849146,-0.05858064708858489
2000-09-01,-4.475927445490471,-4.5308937377752185,-3.286558838244723,-1.1893686072457479,0.0015999952481591355,0.1537894628785958,0.004468925797677385,0.06,0.0612,-0.0157,0.0011999999999999997,0.007299999999999987,0.0203,0.0,-0.00971288887768081
2000-10-01,-4.47251658628123,-4.477478371254894,-3.304832007470685,-1.1676845788105452,0.0055682093181707495,0.14930078887157974,0.0037442803893113436,0.0611,0.06,0.0187,-0.0011000000000000038,0.007900000000000004,-0.0142,0.005208333333333259,-0.08658780917871858
2000-11-01,-4.390613787442623,-4.474069921153211,-3.245163559198851,-1.1454502282437726,0.003272414389210817,0.1572808929257013,0.0011574522068565425,0.0617,0.0576,0.0319,-0.0040999999999999995,0.008300000000000002,-0.005599999999999997,0.0017271157167531026,0.0007161614056390578
2000-12-01,-4.396214732140832,-4.392169538918109,-3.2735761088698685,-1.122638623270964,0.00529924807329229,0.15185150364920535,-0.00226174721750238,0.057699999999999994,0.0558,0.0243,-0.001899999999999992,0.008099999999999996,0.002700000000000001,0.0005747126436781436,0.02647359494737035
2001-01-01,-4.436388620939003,-4.402338374488862,-3.338498018987097,-1.0978906019519061,0.004941017963506647,0.15044966622190453,-0.003192590836437121,0.051500000000000004,0.0562,0.0005,0.004699999999999996,0.0077999999999999875,0.0354,-0.0005743825387707346,-0.0991501791569762
2001-02-01,-4.345718903030734,-4.442549993447276,-3.2735220948117743,-1.0721968082189606,0.002528410228480192,0.15607009127121954,-0.006855720529202608,0.048799999999999996,0.0549,0.0191,0.006100000000000001,0.007700000000000012,-0.0063999999999999994,0.006321839080459801,-0.07001695387879353
2001-03-01,-4.285559929593664,-4.351918473523796,-3.240066951988588,-1.0454929776050763,0.007139594531639363,0.1331135514482312,-0.0052134443887948585,0.044199999999999996,0.0559,-0.0074,0.011700000000000002,0.008599999999999997,0.0045000000000000005,0.003997715591090856,0.0710517791361083
2001-04-01,-4.365574221352153,-4.291567210796173,-3.3796302157933145,-0.9859440055588387,0.00742626114165442,0.12249690060368182,-0.002543025511011858,0.0387,0.0593,-0.0313,0.0206,0.0087,0.018500000000000003,0.0022753128555175195,0.0036406931752368294
2001-05-01,-4.376695095888719,-4.371617808190111,-3.454864767107476,-0.9218303287812426,0.0025362374011015268,0.120510187998605,-0.00024828572675928936,0.0362,0.0594,0.0037,0.0232,0.007800000000000001,0.0095,0.0039727582292850006,-0.027606331810735518
2001-06-01,-4.357453946678575,-4.382775429865598,-3.5049964723523663,-0.8524574743262083,0.0015083582954252322,0.12520943283134334,0.005040754504167141,0.0349,0.059,0.0085,0.024099999999999996,0.00789999999999999,-0.003000000000000001,0.0045223289994347216,-0.012356183714310662
2001-07-01,-4.345561101889556,-4.356391992157857,-3.574110139882664,-0.7714509620068921,0.0028996134281906237,0.12496658328228791,0.00791383668625664,0.0351,0.0561,0.0376,0.020999999999999998,0.00839999999999999,-0.0015000000000000013,0.0016882386043894915,-0.06863155704601724
2001-08-01,-4.278244668032535,-4.344500273920001,-3.5947499280966344,-0.683494739935901,0.0022215212165124128,0.13216414381465613,0.009918320763664635,0.0336,0.0546,0.0206,0.021000000000000005,0.008300000000000002,-0.005000000000000001,-0.002808988764044895,-0.08657016455101284
2001-09-01,-4.191928348979534,-4.2771849642265245,-3.6046643309424833,-0.5872640180370503,0.007167593677291917,0.14862858821556416,0.008652733962339634,0.0264,0.0542,0.0081,0.0278,0.008599999999999997,-0.0233,0.0,0.017153961638294177
2001-10-01,-4.209780809496694,-4.191843621167578,-3.6661598968437707,-0.5436209126529232,0.003249772533408506,0.14490139957107073,0.010749273649279025,0.0216,0.0506,0.0464,0.028999999999999998,0.008800000000000002,-0.002699999999999994,0.004507042253521165,0.07413870514884961
2001-11-01,-4.282180439296306,-4.209696088862933,-3.7841867085345604,-0.4979937307617459,0.0021893580096945513,0.13348136666603183,0.011161766529925211,0.0187,0.0553,-0.0471,0.0366,0.008400000000000005,0.028300000000000002,-0.0033651149747617737,0.007511409064528275
2001-12-01,-4.28964101787342,-4.282095725839524,-3.8394479575055884,-0.4501930603678308,0.0017979581002522842,0.1312178459137877,0.013464824678992815,0.0169,0.0575,-0.0183,0.040600000000000004,0.012800000000000006,0.009300000000000001,-0.0016882386043892694,-0.015826599699832012
2002-01-01,-4.274156441305657,-4.2898528149725905,-3.823616585525929,-0.45053985577972844,0.0021838795452332744,0.1325605486679537,0.011191289544376228,0.0165,0.0569,0.013800000000000002,0.0404,0.013200000000000003,0.0037,-0.003945885005637084,-0.020972411396670176
2002-02-01,-4.253383396597175,-4.274368283272343,-3.802496718760119,-0.45088667783705594,0.002567843029926282,0.13011908568679617,0.01249902082066563,0.0172,0.0563,0.0115,0.0391,0.013800000000000007,0.0015000000000000013,0.002263723825693287,0.0355842125735562
2002-03-01,-4.289675359703148,-4.253595283450389,-3.8384418331394023,-0.45123352656374527,0.002014820923902981,0.23683340230085725,0.013759444165422182,0.0179,0.0604,-0.0436,0.0425,0.012999999999999998,0.014099999999999998,0.0039525691699606735,-0.06443974086090344
2002-04-01,-4.219764024469622,-4.283148707254037,-3.7478989317026783,-0.47186509276694455,0.0023197779615849955,0.24773231255207134,0.015106853986869794,0.0171,0.0575,0.041,0.040400000000000005,0.012700000000000003,-0.015700000000000002,0.0056242969628796935,-0.009229600028895973
2002-05-01,-4.2041567508495525,-4.213279693146678,-3.7123358799950954,-0.4918208708544567,0.004101610188737796,0.24825561406925717,0.022277340350859345,0.0173,0.0578,0.0015,0.040499999999999994,0.013399999999999995,0.009800000000000001,0.005592841163311046,-0.07532143924902576
2002-06-01,-4.1224897491626304,-4.1977141953365535,-3.6113524338440746,-0.5111373153185559,0.0037079466567304276,0.26657250177680364,0.027522770484178238,0.017,0.0566,0.0187,0.039599999999999996,0.013200000000000003,-0.0114,0.0,-0.07836588168134791
2002-07-01,-4.045200303160939,-4.127490072100822,-3.48874940111177,-0.5564509020491695,0.015342790699523377,0.28203219448297867,0.028441026326771326,0.0168,0.0544,0.0303,0.037599999999999995,0.013700000000000004,-0.020900000000000002,0.0005561735261401246,0.005637166956290388
2002-08-01,-4.0550952994243445,-4.050225755034029,-3.454868059764967,-0.600227239659378,0.00940929090761652,0.284411555995003,0.024747698435545022,0.016200000000000003,0.051,0.046400000000000004,0.0348,0.0121,-0.0011999999999999997,0.0011117287381878782,-0.11677059149059275
2002-09-01,-3.9435972312791616,-4.060146134077593,-3.3010140512739397,-0.642583180005222,0.007366112841769409,0.3245551554638465,0.029299295965488373,0.0163,0.048,0.0417,0.031700000000000006,0.012500000000000004,-0.0087,0.003331482509716821,0.08349252749277328
2002-10-01,-4.020714098772627,-3.9378119433933056,-3.4114785566168107,-0.6092355421558167,0.011589635527735679,0.2934370637545664,0.02567093197374052,0.0158,0.0508,-0.029400000000000003,0.034999999999999996,0.014100000000000001,0.005400000000000002,0.0016602102933038765,0.05614372733704327
2002-11-01,-4.070462672693306,-4.014962088017194,-3.495322758821651,-0.5751399138716553,0.004449075140035735,0.27697549934051,0.022907597310901594,0.0123,0.0521,-0.0122,0.0398,0.013100000000000014,0.0252,0.0016574585635360517,-0.06173514232161924
2002-12-01,-4.002514281304906,-4.064743558434781,-3.462263952866238,-0.5402503284386682,0.0026395380032735232,0.29538589561836665,0.02573598142476804,0.011899999999999999,0.0484,0.0507,0.0365,0.012399999999999994,-0.014600000000000002,0.0,-0.02793810828377526
2003-01-01,-3.97161100216909,-3.9994084958405134,-3.4020157601494043,-0.5695952420196857,0.005167574430191279,0.3059423071509392,0.028288955549523858,0.011699999999999999,0.0495,-0.0106,0.0378,0.011799999999999998,0.0127,-0.0022062879205736463,-0.01626301043755144
2003-02-01,-3.951364988491539,-3.9685148327503788,-3.353435250599266,-0.5979297378922732,0.002564119727906977,0.312251320581896,0.02791871047941636,0.011699999999999999,0.0472,0.0329,0.035500000000000004,0.011099999999999992,-0.006499999999999999,0.004422332780541716,0.009255734527182709
2003-03-01,-3.956601250009226,-3.948278375756397,-3.3312853166438274,-0.6253159333653984,0.006136117934549851,0.2861177007992168,0.024098595348104834,0.0113,0.0486,-0.0135,0.0373,0.010600000000000012,0.0055,0.007705008255366019,0.07852676631543287
2003-04-01,-4.035741531266198,-3.9578141812367207,-3.3637576218523715,-0.6719839094138265,0.00306480975385649,0.2696540306098937,0.019966884604200333,0.0113,0.0481,0.0102,0.0368,0.011099999999999992,0.0127,0.006007646095030017,0.050981976075904795
2003-05-01,-4.086601600971958,-4.03695593548267,-3.3699248809383464,-0.7166767200336115,0.0022283195008501585,0.2583755061075094,0.006448110219548596,0.010700000000000001,0.0436,0.0592,0.0329,0.0116,-0.0121,-0.0021715526601518986,0.0117350697382171
2003-06-01,-4.099086369390221,-4.087817481759367,-3.339527230353939,-0.7595591390362824,0.0019977006815544074,0.2544883372653901,0.0012618836028216584,0.0092,0.0452,-0.0154,0.036,0.01220000000000001,0.0011000000000000003,-0.0016322089227421843,0.017073363140559773
2003-07-01,-4.106525772767376,-4.090442527908604,-3.3174664481980813,-0.7890593245692945,0.0020460155901345415,0.24764333478963677,0.000271581268784556,0.009000000000000001,0.0542,-0.09820000000000001,0.0452,0.01129999999999999,0.010100000000000012,0.0010899182561308063,0.018707696070895865
2003-08-01,-4.115671351226721,-4.0979560074360855,-3.298439430302378,-0.817231920924343,0.0009660563715680943,0.24285607334599177,0.0029170176959839055,0.0095,0.0532,0.0166,0.043699999999999996,0.011299999999999998,0.005299999999999999,0.0010887316276537717,-0.011594737704875478
2003-09-01,-4.095158170620028,-4.107174403188013,-3.250983129171457,-0.8441750414485711,0.0018690885416812872,0.24654178263370644,0.007323401466510883,0.009399999999999999,0.049,0.0546,0.0396,0.010700000000000001,-0.004299999999999998,0.0038064165307232223,0.0533716766734541
2003-10-01,-4.132732281146949,-4.079228012682003,-3.2203457527317947,-0.9123865284151544,0.0014076126595935553,0.23330896667445805,0.007211425879105912,0.0092,0.0518,-0.028300000000000002,0.0426,0.010299999999999997,0.008,0.003250270855904569,0.00851664310988371
2003-11-01,-4.124155144409304,-4.117051919053258,-3.1498409542212262,-0.9743141901880774,0.0009196630634898141,0.2337541521073348,0.010000788698399595,0.009300000000000001,0.0519,-0.0027,0.0426,0.010100000000000005,0.0079,-0.001079913606911398,0.04968428679988736
2003-12-01,-4.158235764316677,-4.108716865010207,-3.1273434815794423,-1.030892282737235,0.000893700000177375,0.21873986475412183,0.006946315712805328,0.009000000000000001,0.0511,0.013900000000000001,0.0421,0.009800000000000003,0.0,-0.002702702702702675,0.018198541829820458
2004-01-01,-4.163187152816102,-4.146058270553134,-3.122422096090297,-1.0407650567258044,0.000978793352101841,0.21802772102016865,0.006886501700801195,0.0088,0.0499,0.0187,0.0411,0.009000000000000001,0.0,-0.0010840108401083404,0.013700442037732893
2004-02-01,-4.163291268911948,-4.151156168082823,-3.1129826720764675,-1.05030859683548,0.0006107509419514895,0.2160532203569188,0.009361322383438663,0.009300000000000001,0.0483,0.023,0.039,0.007699999999999992,-0.0052,0.004883342376559741,-0.015994959108178636
2004-03-01,-4.134909089068664,-4.151403309738653,-3.0753695736171793,-1.0595395154514842,0.0019812495110685838,0.281731465479788,0.012282038386098938,0.009399999999999999,0.0474,0.0141,0.038,0.007800000000000001,-0.0023,0.005399568034557323,-0.016506387212422882
2004-04-01,-4.107342972749625,-4.124276366244169,-3.032181311317005,-1.0751616614326198,0.0012309376648862766,0.28537186680057935,0.013766279535803826,0.009399999999999999,0.0531,-0.0588,0.0437,0.007300000000000001,0.005399999999999995,0.0064446831364124435,0.012937140435411387
2004-05-01,-4.10883314052383,-4.0968221163182665,-3.0186091865345137,-1.0902239539893164,0.000977615306359392,0.2864115738900421,0.01633008333917163,0.0102,0.0539,-0.0051,0.0437,0.007100000000000002,-0.002,0.0032017075773744796,0.018500860316812535
2004-06-01,-4.116251010338664,-4.098421821089351,-3.011493430974487,-1.1047575793641773,0.0007707703836045491,0.2796316029545359,0.014491426944137917,0.0127,0.0532,0.0121,0.040499999999999994,0.0076999999999999985,-0.0028000000000000004,0.005851063829787284,-0.03450871518981738
2004-07-01,-4.071356281732224,-4.106248519947554,-2.9670300456073972,-1.1043262361248267,0.0007770942870854092,0.2877883095275901,0.014720670725473449,0.013300000000000001,0.0523,0.0155,0.039,0.007999999999999993,0.0029,0.0031729243786355887,0.0027003762717776737
2004-08-01,-4.063737571700008,-4.061452851128294,-2.9598343580943123,-1.1039032136056957,0.0014428520355202347,0.2868206158491516,0.014278696635115155,0.0148,0.0493,0.0395,0.034499999999999996,0.008100000000000003,0.0,-0.001581444385872377,0.009659519308867768
2004-09-01,-4.063251594831171,-4.053931258028965,-2.9597633215243553,-1.1034882733068159,0.0007056831847785251,0.2894853014849801,0.009132256144269995,0.0165,0.0488,0.0096,0.0323,0.00809999999999999,0.0005000000000000004,0.000527983104540608,0.013762615711415339
2004-10-01,-4.072327186714972,-4.058410230836758,-2.9691897689932265,-1.103137417721746,0.0012304685240596162,0.29100959663803533,0.007428856158460296,0.0176,0.0478,0.0154,0.0302,0.007400000000000004,0.0010000000000000009,0.0021108179419524475,0.038259192628161874
2004-11-01,-4.105377928103084,-4.0675091486419515,-3.0025881145994173,-1.1027898135036667,0.0008574255527737326,0.27983164589250886,0.012176910013646586,0.0207,0.0502,-0.0234,0.029500000000000002,0.0068000000000000005,0.0034000000000000002,0.00526592943654558,0.031578768242299216
2004-12-01,-4.132525483451191,-4.100582992257999,-3.0300800678063426,-1.1024454156448487,0.0007278501989002524,0.27061924267899223,0.013001504652315223,0.0219,0.0484,0.025,0.0265,0.006800000000000007,0.0006999999999999992,0.0005238344683080598,-0.0257111023210049
2005-01-01,-4.093574501467721,-4.119190249436238,-2.995001688672809,-1.0985728127949121,0.0008214051254810047,0.2781798561288244,0.013545495784971303,0.0233,0.0465,0.03,0.0232,0.006599999999999995,-0.0023,-0.003664921465968529,0.01933268039152999
2005-02-01,-4.0991416931485265,-4.080414758274189,-3.004354695065591,-1.094786998082936,0.0008344437467523514,0.27104102364523147,0.011758413862310869,0.0254,0.0479,-0.0128,0.0225,0.006199999999999997,0.0016000000000000007,0.0021019442984759884,-0.01948813728622833
2005-03-01,-4.066850129556806,-4.086152881811334,-2.9757650694477737,-1.091085060109032,0.0008598945964753185,0.3198568893424831,0.009097230986829472,0.0274,0.0488,-0.0072,0.021400000000000002,0.006599999999999988,-0.005300000000000001,0.0057682223387520715,-0.021205187112466686
2005-04-01,-4.035065775707116,-4.055379295054786,-2.9387643696007206,-1.0963014061063951,0.0018258937395814823,0.32962440066283966,0.0079355618737927,0.0278,0.0461,0.0373,0.018300000000000004,0.007199999999999998,-0.0046,0.007820646506777829,0.02909572848926015
2005-05-01,-4.053237253812677,-4.0237250304275705,-2.9518633101511274,-1.101373943661549,0.0008594159581001698,0.32096550459136297,0.004776612551214391,0.028399999999999998,0.044,0.0297,0.0156,0.008599999999999997,-0.00020000000000000226,0.0067252974650799935,-0.0005818314080637125
2005-06-01,-4.041880992686359,-4.042023680163258,-2.9355723911843956,-1.1063086015019636,0.0005421187058580494,0.32697905687315876,0.005365659888997361,0.0297,0.0429,0.0167,0.0132,0.009000000000000008,-0.0026,-0.0010277492291880241,0.03428575559334278
2005-07-01,-4.0685573219081475,-4.033220870043418,-2.9541359755037195,-1.114421346404428,0.000649908181996003,0.31573427460621317,0.004480075780942385,0.0322,0.0456,-0.0288,0.013400000000000002,0.008900000000000005,0.004399999999999998,0.0005144032921811093,-0.012196710500425954
2005-08-01,-4.048686085560667,-4.0599715535330265,-2.9263543344911156,-1.1223317510695514,0.0006967233765021981,0.32053312471378415,0.00540493937815467,0.0344,0.0432,0.0333,0.008800000000000002,0.0087,-0.010000000000000002,0.004627249357326502,0.005138832582203195
2005-09-01,-4.047098312956557,-4.040173405529698,-2.917050782327637,-1.1300475306289197,0.0006599006932973796,0.31789150983564674,0.006716401334826229,0.0342,0.0464,-0.0338,0.012199999999999996,0.009000000000000001,0.002799999999999997,0.0051177072671442225,-0.01849246568750581
2005-10-01,-4.017698705149782,-4.035598699463556,-2.882441462955091,-1.1352572421946912,0.0018179863199098705,0.32180818710985654,0.005749305722871514,0.0371,0.0484,-0.0196,0.011299999999999998,0.009500000000000001,-0.0008000000000000021,0.012219959266802416,0.03447896112326377
2005-11-01,-4.040911068419669,-4.006329830742681,-2.9005879947013575,-1.1403230737183114,0.0005398989119062048,0.310914345628811,0.005767965850038264,0.0388,0.0481,0.0076,0.009299999999999996,0.0097,0.002300000000000001,0.002012072434607548,-0.003254892696591241
2005-12-01,-4.028717143725602,-4.029669993739844,-2.8834661768721572,-1.1452509668534456,0.0004329976200470677,0.3134779566130161,0.003058885646370382,0.038900000000000004,0.0461,0.0267,0.007199999999999998,0.009500000000000008,-0.004200000000000002,-0.008032128514056214,0.022604563947252614
2006-01-01,-4.045378829201702,-4.0202308679711845,-2.8951484754350263,-1.150230353766676,0.0009754252035578519,0.30922625786250346,-0.00044574039621964723,0.0424,0.0474,-0.0118,0.0049999999999999975,0.009500000000000001,0.0025000000000000005,-0.004048582995951344,-0.0009721686356392082
2006-02-01,-4.037416958796718,-4.036963964732566,-2.8823147243275216,-1.1551022344691964,0.0006485364099820686,0.3056103611163415,0.0020383227514139696,0.0443,0.0457,0.0238,0.0013999999999999985,0.009199999999999993,-0.011000000000000001,0.007621951219512146,0.009133217212137995
2006-03-01,-4.040107047764665,-4.029072313795206,-2.8802369383656856,-1.1598701093989794,0.0005452507758945999,0.3160094407218444,0.002151994527319923,0.0451,0.0507,-0.0539,0.005600000000000001,0.008800000000000002,0.013500000000000005,0.0020171457387794245,0.008398274462228541
2006-04-01,-4.042681279597481,-4.030598905922337,-2.8840057249654585,-1.1586755546320227,0.0005998072931904006,0.30884197784139195,-0.0034725183274703273,0.046,0.0532,-0.0247,0.007199999999999998,0.008399999999999998,0.0023,0.005535983895319729,-0.03301849910515998
2006-05-01,-4.001857778107327,-4.033262691693219,-2.8443557705605302,-1.1575020075467966,0.0013551637127247164,0.3143403075308619,-0.0026567381951168563,0.0472,0.0535,0.001,0.0063,0.008,-0.003,0.008508508508508372,-0.0024062792232982374
2006-06-01,-3.9926136771991367,-3.9925270729137456,-2.836264759180689,-1.1563489180184479,0.0021028156555683245,0.314850289949436,-0.0021954893929029295,0.0479,0.0531,0.0092,0.005200000000000003,0.008900000000000005,-0.0053,0.00496277915632759,0.0015635181041499914
2006-07-01,-3.988357607692051,-3.9832846835000923,-2.8232448657662914,-1.1651127419257596,0.0014516632187408847,0.3138521752812525,-0.0023631202828282706,0.0495,0.0518,0.0199,0.0022999999999999965,0.009099999999999997,0.003799999999999998,0.0019753086419753707,0.01967179564605945
2006-08-01,-4.000165964919046,-3.9791148403310537,-2.8265247138281007,-1.1736412510909453,0.0004692515314751891,0.30846179867588075,-0.008473986676505224,0.0496,0.0496,0.0299,0.0,0.009100000000000004,0.006200000000000001,0.0029571217348447476,0.02205067509983309
2006-09-01,-4.015277220726646,-3.9910078445313424,-2.8333331251563987,-1.1819440955702474,0.0005133952104621878,0.3005932835405559,-0.009493485577668912,0.0481,0.0484,0.017,0.00030000000000000165,0.0092,0.001299999999999999,0.0019656019656020263,0.027917577728954108
2006-10-01,-4.035457202455142,-4.0044353655379155,-2.8519591544775595,-1.183498047977582,0.00045058820816370787,0.2905991608123019,-0.008934739985365793,0.0492,0.0481,0.0077,-0.0011000000000000038,0.009099999999999997,0.004999999999999999,-0.004904364884747436,0.014026834547473447
2006-11-01,-4.041064138581499,-4.0247316334591385,-2.8560476285762615,-1.1850165100052368,0.0005921951151264507,0.28724186769192755,-0.015111028781144929,0.049400000000000006,0.0467,0.0207,-0.002700000000000008,0.0087,0.0039000000000000007,-0.005421389847215297,0.009682060877281516
2006-12-01,-4.042989223647789,-4.030452387730942,-2.8564885381941956,-1.186500685453593,0.000357530765349069,0.28168239971435793,-0.015036779086330618,0.048499999999999995,0.0491,-0.0236,0.0006000000000000033,0.008999999999999994,0.00040000000000000105,-0.0014866204162538033,0.010806591039086409
2007-01-01,-4.048812352139415,-4.034851179614888,-2.863765357320144,-1.1850469948192712,0.00045048378439812626,0.2781442104821145,-0.013986663485516117,0.049800000000000004,0.0502,-0.0102,0.0003999999999999976,0.009399999999999992,0.0051,0.0014888337468983437,-0.023269238739573393
2007-02-01,-4.018651695945814,-4.040740001610204,-2.835037082322912,-1.1836146136229022,0.001476855154376593,0.2861484941676455,-0.015141024061268861,0.050300000000000004,0.0477,0.0335,-0.002600000000000005,0.008900000000000012,-0.004800000000000002,0.0030525272547075044,0.006544306437930971
2007-03-01,-4.020574470715256,-4.01064398679997,-2.838371395437049,-1.1822030752782071,0.0015875258859558124,0.2690500134610926,-0.01248635258056803,0.049400000000000006,0.0493,-0.0145,-0.0001000000000000098,0.009699999999999993,-0.008599999999999998,0.005350367559876723,0.0386605204323407
2007-04-01,-4.0541544584459945,-4.011774622208389,-2.873677713926557,-1.1804767445194373,0.0005821461587654153,0.25445616893961986,-0.008911899743261271,0.0487,0.0489,0.0085,0.0001999999999999988,0.0092,0.0055,0.009105695851085338,0.029786966842023217
2007-05-01,-4.077462096015109,-4.045431372267048,-2.8986846033489853,-1.1787774926661236,0.0006965733930361593,0.2439114941253988,-0.010283117668599852,0.0473,0.051,-0.02,0.003699999999999995,0.0092,0.0022000000000000006,0.006496162686508988,-0.020751683084877574
2007-06-01,-4.050837513699607,-4.068814444519598,-2.8737328285519066,-1.1771046851476998,0.0014724362327397814,0.24789560997351326,-0.011064005574304005,0.0461,0.0521,-0.0091,0.005999999999999998,0.009100000000000004,-0.0057,0.006110718674704696,-0.035686011403218254
2007-07-01,-4.00809392905661,-4.040598429897797,-2.8663486625569448,-1.1417452664996652,0.00242626150253488,0.25158496439999195,-0.015261855052461764,0.0482,0.0501,0.0284,0.001899999999999999,0.0092,-0.0316,0.0019379751766057662,0.010790014424602111
2007-08-01,-4.010740181471689,-3.9979586224064105,-2.904897883684008,-1.1058422977876816,0.005133963812097075,0.24883985118762977,-0.012197537478741444,0.042,0.0487,0.0199,0.006699999999999998,0.008600000000000003,-0.004700000000000001,-0.0002543772078021922,0.03358823837703648
2007-09-01,-4.0358748530557556,-4.000706569418265,-2.9665154030599563,-1.0693594499957997,0.001868476837213755,0.23920743671233688,-0.013015004021967343,0.038900000000000004,0.0489,0.0012,0.009999999999999995,0.0085,0.0123,-0.0018339022270870142,0.014016145833835085
2007-10-01,-4.041315306306826,-4.026601748518116,-3.035338065328623,-1.0059772409782028,0.001682877827927416,0.2386170601315469,-0.01795479985133262,0.039,0.048,0.0155,0.009000000000000001,0.008200000000000006,-0.006699999999999999,0.002755907405358915,-0.045656848117230114
2007-11-01,-3.9870846133947304,-4.0321274027641465,-3.047500502521272,-0.9395841108734584,0.005636835982788476,0.2485796916031034,-0.025158604030400853,0.0327,0.0445,0.0468,0.011799999999999998,0.009599999999999997,-0.038900000000000004,0.002139191328121237,-0.008831140884511108
2007-12-01,-3.9693144296374907,-3.9779803594422924,-3.0995118614648645,-0.8698025681726262,0.002345330443473616,0.2505829731427226,-0.04063729411760849,0.03,0.045,-0.0029,0.015,0.0116,0.0057,0.005939617873415681,-0.06521439729668696
2008-01-01,-3.899372592549001,-3.9624865021512785,-3.0659941927422816,-0.8333783998067195,0.004831785710264179,0.2627544223091714,-0.04317915327534521,0.0275,0.0436,0.0213,0.0161,0.0121,-0.0196,-0.000670863129647814,-0.0332223208775562
2008-02-01,-3.8572112618286343,-3.892590969670716,-3.061113448349552,-0.7960978134790824,0.0032256416654840104,0.2709793210392829,-0.04960821528899344,0.0212,0.0438,0.0018,0.0226,0.012899999999999995,-0.0089,0.004970576472604682,-0.005104349770414333
2008-03-01,-3.8444979075018217,-3.850475319743196,-3.0865945276561213,-0.7579033798457004,0.0063376728223022705,0.25405756718033023,-0.05183155862581227,0.0126,0.0432,0.0106,0.030600000000000002,0.013800000000000007,-0.0165,0.0029041121849535667,0.04568521475467998
2008-04-01,-3.886131599181392,-3.8396806595213353,-3.184118772331896,-0.7020128268494958,0.0029037294854902507,0.24301469641883508,-0.048844729263634666,0.0129,0.0458,-0.0288,0.0329,0.014199999999999997,0.0379,0.008668212930989627,0.011104022894028433
2008-05-01,-3.891955032523356,-3.881337445870706,-3.2485592043659923,-0.6433958281573635,0.001640652990154374,0.24651061216997197,-0.04546238971616401,0.0173,0.0475,-0.0164,0.0302,0.013600000000000001,-0.011299999999999998,0.006064778389719416,-0.08817407722190165
2008-06-01,-3.7973002030683567,-3.887183753499402,-3.2155610124344864,-0.5817391906338703,0.003425240482590618,0.2744913881133144,-0.0473768859236005,0.018600000000000002,0.046,0.022,0.027399999999999997,0.013900000000000003,-0.0281,0.00842088603175628,-0.008831695650553912
2008-07-01,-3.7857447041860977,-3.795653004672554,-3.2414557433861844,-0.5442889607999133,0.004465846847183643,0.27381565509640515,-0.04693184528633302,0.0163,0.0465,-0.0025,0.0302,0.014899999999999997,-0.0084,0.010076996934894167,0.01354512080393705
2008-08-01,-3.7962170120522423,-3.784100214591529,-3.2907051806507486,-0.5055118314014937,0.003447847225659779,0.269889245509397,-0.046333436707354805,0.0172,0.0449,0.0242,0.027700000000000002,0.01510000000000001,-0.0121,0.005251011128121874,-0.09084060263350151
2008-09-01,-3.6993944355899635,-3.794575222364339,-3.234089218311848,-0.46530521727811536,0.023774669175021204,0.28712354824499153,-0.048922844429760484,0.0113,0.0443,0.0112,0.033,0.016599999999999997,-0.0975,-0.00399156225564179,-0.18349730767024303
2008-10-01,-3.5191675315975175,-3.7048040180435047,-3.3038482262636264,-0.2153193053338911,0.05808852468624959,0.33409937361997466,-0.05595416674054018,0.0067,0.0478,-0.0383,0.041100000000000005,0.025999999999999995,-0.006699999999999998,-0.0013830185406644713,-0.07665414031937677
2008-11-01,-3.446808190453601,-3.5246065368706905,-3.569910270803362,0.12310208034976089,0.03625688051113956,0.352867355907324,-0.052779575137137165,0.0019,0.0372,0.1443,0.0353,0.03090000000000001,-0.026900000000000007,-0.01010133328457874,0.011923630141605975
2008-12-01,-3.4600680761373637,-3.4522769403600817,-4.1059813406228045,0.6459132644854404,0.020090081348220136,0.35498422472109836,-0.024498463552055576,0.0003,0.0303,0.0967,0.03,0.033800000000000004,0.059300000000000005,-0.019152895328595876,-0.08622804750865612
2009-01-01,-3.383899795827195,-3.4734496813382663,-4.214467233938423,0.8305674381112289,0.01197109600555081,0.3893931402374245,-0.025056137819373984,0.0013,0.0394,-0.1124,0.038099999999999995,0.030900000000000004,0.0175,-0.010342473814287434,-0.10945514526444516
2009-02-01,-3.2810063560563605,-3.3974628998768748,-4.345198511538467,1.0641921554821065,0.009961209172644295,0.4411030549644411,-0.02492749471003611,0.003,0.0401,-0.005600000000000001,0.037099999999999994,0.0281,-0.0252,0.004352417375421025,0.08380471477807808
2009-03-01,-3.3767086863945637,-3.2947559501799195,-4.756238235173014,1.3795295487784507,0.020364378680067623,0.4461408452185067,-0.03742738758330398,0.0021,0.0355,0.0641,0.0334,0.029199999999999997,-0.0659,0.004972933035904736,0.0899509245625798
2009-04-01,-3.487004390094386,-3.397232175173416,-4.8149149047847235,1.3279105146903372,0.0075510402627314765,0.4155974691850757,-0.030993036961516885,0.0016,0.040999999999999995,-0.0649,0.0394,0.030000000000000006,0.0619,0.0024317484554154944,0.053199476467577465
2009-05-01,-3.5596784925310123,-3.507957934110131,-4.8364777613669885,1.2767992688359764,0.006381140268378675,0.3993550838614501,-0.02434875740588507,0.0018,0.0432,-0.0248,0.0414,0.025200000000000007,0.0737,0.002496368277788097,0.0023729447620579333
2009-06-01,-3.5812763173013256,-3.5810805012372553,-4.807398800540686,1.2261224832393607,0.0034725262232549034,0.4018764058245531,-0.022097491340393075,0.0018,0.0429,0.0083,0.0411,0.018899999999999993,0.0267,0.0028887638341774657,0.07173868998211477
2009-07-01,-3.675094455403126,-3.6035724783142338,-4.677403085928274,1.0023086305251478,0.0037710547463786904,0.37012585576578155,-0.013781643001128795,0.0018,0.043,0.0019,0.041199999999999994,0.016800000000000002,0.0546,0.008589892263953347,0.03406082306291337
2009-08-01,-3.7309084151991607,-3.6978990938510243,-4.542772360572398,0.8118639453732373,0.0021777240316582847,0.3574715572834836,-0.007921403719656153,0.0017000000000000001,0.0415,0.0231,0.0398,0.013199999999999996,0.00040000000000000105,-0.0015855869221532704,0.035782460056766094
2009-09-01,-3.7893453698433657,-3.7542452656874197,-4.43434213370493,0.6449967638615641,0.0019126284568230288,0.3495214306012594,-1.4332157265967402e-05,0.0012,0.0403,0.0176,0.0391,0.011799999999999991,0.0097,0.002242850044810618,-0.018427752869323008
2009-10-01,-3.7904700711953763,-3.810429936417554,-3.7105270736503346,-0.07994299754504164,0.0038979662948849334,0.349505236941622,0.003197599203478011,0.0007000000000000001,0.042,-0.0171,0.0413,0.011399999999999993,0.0187,0.0006254806934959944,0.0585113315672269
2009-11-01,-3.8677878050790846,-3.8120087894962773,-3.3572969726902486,-0.510490832388836,0.0020013189924019776,0.3281491062210725,0.007531920270296659,0.0005,0.0406,0.0208,0.0401,0.011300000000000004,-0.016399999999999998,0.000963101185818438,0.01870507607852012
2009-12-01,-3.90741521773321,-3.8898006710322277,-3.085462141619366,-0.8219530761138438,0.0009334353481483783,0.3255306600946486,0.010594467949089192,0.0005,0.0458,-0.0584,0.0453,0.011100000000000006,0.0309,0.0007077533687673832,-0.03640571896978486
2010-01-01,-3.877221687630938,-3.914896828690259,-2.984684176994636,-0.892537510636302,0.0019917025463290212,0.33719466829834727,0.013409685435639048,0.0006,0.0440589,0.0263637,0.043458899999999995,0.009899999999999999,-0.0168109,-0.001761198169463296,0.029970368022165277
2010-02-01,-3.9128744393304187,-3.8847596952937584,-2.9534428052043644,-0.9594316341260543,0.002373245370942489,0.3287713820281523,0.013932076589446993,0.0011,0.0440712,0.0031542,0.0429712,0.009899999999999999,0.0007258000000000004,0.0034174735701484327,0.059125059643421386
2010-03-01,-3.9776024610480456,-3.920469700402563,-2.9545460653337354,-1.0230563957143102,0.0006334088319818203,0.3818781702977812,0.026390107465545504,0.0015,0.0457777,-0.0178755,0.044277699999999996,0.009999999999999995,0.0223838,0.0002492073820765661,0.015750716104442414
2010-04-01,-3.9902319914119286,-3.975580523100065,-2.9360001341250594,-1.0542318572868692,0.0017938347506958996,0.376606129202506,0.026651120629446728,0.0016,0.0437358,0.0303965,0.0421358,0.009599999999999997,0.0053437,0.004106283536571276,-0.08360226339235648
2010-05-01,-3.9026824798151534,-3.988214133448924,-2.8183378298334345,-1.0843446499817189,0.008107843195201319,0.4090027948144502,0.025719664224431237,0.0016,0.040681,0.0436836,0.039081000000000005,0.0109,-0.0487867,0.001736884910697345,-0.05511071678282299
2010-06-01,-3.845280305272236,-3.900668685404612,-2.7318191201622195,-1.1134611851100167,0.005591754791131248,0.42417654148446593,0.018775880843890366,0.0012,0.0376074,0.0445643,0.0364074,0.013500000000000005,0.0073811000000000015,0.000775197354237811,0.06798005999638179
2010-07-01,-3.9070276357442952,-3.840511852469706,-2.7749638475656324,-1.1320637881786628,0.003348785787552575,0.39613355322121085,0.015556761446646928,0.0016,0.0376576,0.0024381,0.0360576,0.012900000000000002,0.0145417,-0.0009762670846739097,-0.04659848705733618
2010-08-01,-3.8536700100448003,-3.902281813215182,-2.7035147440851297,-1.1501552659596705,0.002704602074162892,0.41398161905674846,0.011217719354637511,0.0016,0.0327078,0.0702126,0.0311078,0.011700000000000002,-0.0228938,0.00021104305737162932,0.08642901566936695
2010-09-01,-3.932875079099645,-3.8489466040043627,-2.7651158376539726,-1.1677592414456726,0.002337183435452286,0.3843057827874361,0.0033375091320580388,0.0015,0.034063,-0.0153301,0.032563,0.011300000000000004,0.0009353,0.0013806642784079948,0.03789496722712931
2010-10-01,-3.963476737749321,-3.9272837370386338,-2.7761615152711245,-1.1873152224781967,0.001080070447467861,0.3728872859404231,0.007231641499946665,0.0013,0.0367157,-0.0317387,0.035415699999999994,0.010400000000000006,0.0114642,0.0005817362307156682,-0.00015099630087753928
2010-11-01,-3.955623575556618,-3.9579164850436785,-2.7493381887257273,-1.2062853868308907,0.001737952020951429,0.3766947543253601,0.014798007305748375,0.0014000000000000002,0.0380256,-0.0137264,0.0366256,0.010500000000000002,0.007999,0.0012451988884769616,0.0648015852233112
2010-12-01,-4.013350585608876,-3.95009406838695,-2.788651650765824,-1.2246989348430524,0.0008321360373712551,0.35810031690752153,0.01261184894228388,0.0014000000000000002,0.0413782,-0.0388143,0.0399782,0.010800000000000004,0.0351952,0.0004206464238194485,0.022980587259728555
2011-01-01,-4.025500988104683,-4.003108002848165,-2.794123324700265,-1.2313776634044178,0.0008632300541880304,0.3486322237012831,0.015367884875180222,0.0015,0.0432,-0.0196,0.0417,0.010499999999999995,-0.00020000000000000226,0.001718440789203024,0.0318907990067198
2011-02-01,-4.046818848115427,-4.015362253075283,-2.80894018122083,-1.2378786668945971,0.001065533384029758,0.3390965734635222,0.015918107872049402,0.0013,0.0426,0.0113,0.041299999999999996,0.00930000000000001,0.004399999999999999,0.004763230053974166,0.0005248097685088807
2011-03-01,-4.0357340254653264,-4.036781876148265,-2.7915249471788766,-1.2442090782864499,0.0023472642623941094,0.3542699393574372,0.012476022425309838,0.001,0.0429,-0.0006,0.0419,0.009000000000000001,-0.0066,0.00493136502545144,0.029015936469979974
2011-04-01,-4.050968210072117,-4.022871293704988,-2.8091817377253365,-1.241786472346781,0.0006365303011841572,0.34069680122773904,0.009380200358101583,0.0006,0.0416,0.0199,0.040999999999999995,0.008599999999999997,0.004,0.0097510720305094,-0.011377478744435166
2011-05-01,-4.024675935364576,-4.038268829264213,-2.7852565890149323,-1.239419346349644,0.0009342036221668896,0.34722218907396224,0.009116843627235206,0.0004,0.0391,0.0355,0.038700000000000005,0.008200000000000006,-0.009799999999999996,0.006439429535457064,-0.016683397156600274
2011-06-01,-3.9937095752144396,-4.012135808516337,-2.756603765567897,-1.2371058096465424,0.0022947473904577844,0.35157003916438573,0.01173355315847868,0.0004,0.0409,-0.0179,0.0405,0.007600000000000003,-0.003100000000000002,0.004704187527233561,-0.02002721251355175
2011-07-01,-3.9605636418131054,-3.9822720092485326,-2.7226107651408817,-1.2379528766722236,0.0018307399767004712,0.3594189030275281,0.012370560472654652,0.0004,0.0378,0.042199999999999994,0.0374,0.008300000000000002,0.005100000000000007,-0.0010709670566992902,-0.05595420086582733
2011-08-01,-3.890787924202854,-3.9492554158219746,-2.6520077231645605,-1.2387802010382933,0.01922221623612585,0.3758125221185979,0.012726561949920605,0.0002,0.0315,0.0862,0.0313,0.009899999999999999,-0.0622,0.0008860456667936223,-0.07282663956490011
2011-09-01,-3.805139018080491,-3.8796061456232738,-2.5655505527973945,-1.2395884652830964,0.006915859355428932,0.3999228470006543,0.013049301456841913,0.0001,0.0265,0.0704,0.0264,0.011799999999999998,-0.012900000000000002,0.0027575889023645495,0.10347133227412068
2011-10-01,-3.8911122852932176,-3.7888056936426273,-2.6679721200158024,-1.2231401652774152,0.00740085535063373,0.3650779045772442,0.007892507833082438,0.0002,0.0291,-0.030600000000000002,0.028900000000000002,0.013899999999999996,0.04,0.0015184621156945077,-0.0027307250381606173
2011-11-01,-3.8699699732186046,-3.8750414566552855,-2.6630156253678416,-1.206954347850763,0.007679602508165436,0.3623298975234275,-0.004340313007878419,0.0001,0.0273,0.025099999999999997,0.027200000000000002,0.012699999999999996,-0.0607,-0.0020626826333582926,0.009382843129791653
2011-12-01,-3.862649889918641,-3.8541533364244946,-2.6716271808746503,-1.1910227090439909,0.0027640924377300533,0.35723254070370847,-0.006497331188908354,0.0001,0.0255,0.027000000000000003,0.0254,0.013199999999999996,0.0242,-0.0008435613304419443,0.044213038426318595
2012-01-01,-3.893671788697535,-3.851011789686398,-2.7082102248775124,-1.1854615638200228,0.0006481340248591541,0.34548730260882093,-0.013062132269354676,0.0003,0.0249,0.0002,0.024599999999999997,0.013800000000000007,0.019200000000000002,-0.0024665163771382392,0.042428064099765524
2012-02-01,-3.9219549085128875,-3.88216757712647,-2.7419573076867767,-1.1799976008261108,0.0006237000244188722,0.3369739354404354,-0.01446631326189792,0.0009,0.0272,-0.0196,0.026299999999999997,0.012899999999999995,0.0253,0.004400191428267641,0.032337462458951326
2012-03-01,-3.9414330757686065,-3.910581540006035,-2.7668048605310736,-1.174628215237533,0.0011552698926965471,0.3461819673570471,-0.013775049926613828,0.0008,0.0297,-0.0302,0.028900000000000002,0.012400000000000001,-9.99999999999994e-05,0.004402973551276279,-0.0060522781419635975
2012-04-01,-3.922192019951965,-3.929717764748013,-2.7616160057209083,-1.1605760142310566,0.0016275451387254404,0.3461403111786845,-0.012414025701192556,0.0008,0.0268,0.0409,0.026000000000000002,0.012300000000000005,-0.015799999999999998,0.0075945586239309915,-0.06175201941411623
2012-05-01,-3.8459131194990954,-3.9106123696695647,-2.699259119385407,-1.1466540001136885,0.0014960906320587932,0.36904735969403196,-0.01527075390932428,0.0009,0.0221,0.0643,0.0212,0.012700000000000003,-0.029899999999999996,0.0030210295040804525,0.04062837577735609
2012-06-01,-3.8732586852868693,-3.834466024043032,-2.740399644017023,-1.1328590412698465,0.0034372280349494926,0.35510388514365976,-0.01904306443359853,0.0009,0.0233,-0.013600000000000001,0.0224,0.013799999999999993,0.02,-0.0011734793663211729,0.014260829272197031
2012-07-01,-3.8709400467889763,-3.858421097816265,-2.7583168193662093,-1.112623227422767,0.0015528398791272563,0.3515937051261158,-0.02032077278386319,0.001,0.0216,0.024700000000000003,0.0206,0.014699999999999998,0.03649999999999999,-0.0014663968844504938,0.022389216273530306
2012-08-01,-3.8758900003940226,-3.8563193983896404,-2.7833149468296963,-1.0925750535643264,0.0007271274024416155,0.34938705232055395,-0.019782956415226278,0.001,0.0223,-0.0068000000000000005,0.0213,0.014300000000000007,-0.0024999999999999988,-0.0016297858618254946,0.024709683908241114
2012-09-01,-3.885427095727564,-3.8614800386773633,-2.8127191482018485,-1.0727079475257155,0.0010446353443037957,0.34038295380040234,-0.017424901147275757,0.0011,0.0235,-0.0146,0.0224,0.013499999999999998,0.002,0.005565158181437102,-0.018097991622411044
2012-10-01,-3.8469457600273644,-3.8669335960858646,-2.7926927772403554,-1.054252982787009,0.0009255332609682772,0.349237122092535,-0.015713137147174136,0.001,0.0238,-0.0014000000000000002,0.0228,0.011099999999999999,0.022,0.004462212267611232,0.005211872020953889
2012-11-01,-3.831630727772064,-3.828788069034404,-2.795496902559904,-1.03613382521216,0.0019026489332142663,0.3511375309199284,-0.012093925472226309,0.0009,0.0228,0.0144,0.0219,0.010099999999999998,-0.0236,-0.00038892514055322014,0.00837201595346179
2012-12-01,-3.820840314357671,-3.8137968672462135,-2.802501817738017,-1.0183384966196538,0.0010357072324698067,0.3490324431820784,-0.01154911760126224,0.0007000000000000001,0.0246,-0.0202,0.0239,0.009800000000000003,0.013999999999999999,-0.00473808669488196,0.051036211344536786
2013-01-01,-3.860852819347283,-3.811655058654704,-2.847124846761682,-1.0137279725856008,0.0009068012903691575,0.3299840266424638,-0.008016734065169178,0.0007000000000000001,0.0291,-0.0332,0.0284,0.009300000000000003,0.001899999999999999,-0.002693064490207231,0.012929058353007393
2013-02-01,-3.862751047135132,-3.851751165246976,-2.8535708298820026,-1.0091802172531295,0.0012427426703674584,0.32543123229658283,-0.008864249281368126,0.001,0.0285,0.011399999999999999,0.0275,0.009499999999999995,-0.0020999999999999994,0.002957304192926058,0.03689493370074202
2013-03-01,-3.889086853647394,-3.853731486517311,-2.8843929422629806,-1.0046939113844133,0.00048451997703589835,0.34612999655658244,-0.008910639525112217,0.0009,0.0287,-0.0062,0.0278,0.009199999999999993,0.004399999999999999,0.008190029529268728,0.019430989620001414
2013-04-01,-3.895099171153909,-3.877175009036984,-2.8900400590631445,-1.0050591120907644,0.0016827472494780206,0.3400362538578687,-0.008004858890730101,0.0006,0.0264,0.0378,0.0258,0.008599999999999997,-0.0029,0.0026145085843749527,0.022856782142927558
2013-05-01,-3.9038777246567213,-3.8833275499051454,-2.898462088139577,-1.0054156365171445,0.0010155556413159745,0.3338325977783173,-0.004704681071940551,0.0004,0.0309,-0.0629,0.0305,0.008399999999999998,0.009299999999999996,-0.0010396394770870732,-0.013694340920026504
2013-06-01,-3.8771301107944622,-3.8922430637921637,-2.8713663205477857,-1.0057637902466765,0.0022476742801164954,0.33844435799753175,0.00011870876807282187,0.0005,0.033,-0.0285,0.0325,0.009200000000000007,-0.0086,0.0017804077735872337,0.04942995945677146
2013-07-01,-3.9140737342716543,-3.86579597639468,-2.9071876236556156,-1.0068861106160387,0.0005020653578076516,0.3255625650825766,0.008360605949428241,0.0004,0.0344,-0.0173,0.034,0.009800000000000003,0.020399999999999998,0.002399708085599528,-0.029642015703688494
2013-08-01,-3.8710683624259405,-3.9028666241092593,-2.8630861633969706,-1.00798219902897,0.000950424592618861,0.3407133274050307,0.010332115921113293,0.0004,0.0351,-0.0079,0.0347,0.008799999999999995,0.0005000000000000004,0.0003939975332329926,0.03116915541202952
2013-09-01,-3.8893010052360757,-3.859985460848074,-2.8802480400603327,-1.009052965175743,0.0006222223076099544,0.33352148460607534,0.01011870104102034,0.0002,0.0349,0.0060999999999999995,0.0347,0.008300000000000002,-0.004699999999999999,0.0012029315570472043,0.04522954697463098
2013-10-01,-3.9272488444848492,-3.8836188665727662,-2.903494478572532,-1.0237543659123172,0.0014383685762422156,0.3245948249521573,0.009622818400290585,0.0005,0.0342,0.0128,0.0337,0.0077999999999999944,0.0083,0.001163004485263519,0.03035169170509434
2013-11-01,-3.9492620897499764,-3.9215988101857704,-2.9111814210088234,-1.038080668741153,0.0006443989074447735,0.3136852784431082,0.010324774938618499,0.0007000000000000001,0.0361,-0.0236,0.0354,0.0075,0.015,-0.002575283259804717,0.025619012617619456
2013-12-01,-3.9669333139244163,-3.943643799069913,-2.9148858497736025,-1.0520474641508137,0.0007455164948653067,0.3044081256417155,0.012143942273063067,0.0007000000000000001,0.0378,-0.0207,0.0371,0.007600000000000003,0.0209,-0.002042424190523473,-0.0352811235371434
2014-01-01,-3.919000024767083,-3.9552314212940303,-2.876494445760664,-1.042505579006419,0.00130358839722544,0.3214292766667622,0.01376521668058331,0.0004,0.0342,0.0548,0.033800000000000004,0.006999999999999999,-0.021700000000000004,-8.58114978825597e-05,0.044741025078226686
2014-02-01,-3.9496468662381155,-3.907433484080567,-2.9165524760102848,-1.0330943902278307,0.0012535647470090863,0.30916307176147595,0.016576162420561043,0.0005,0.0339,0.0074,0.0334,0.006499999999999992,0.009399999999999999,0.003720247673236088,0.008023723661579768
2014-03-01,-3.945120822544242,-3.938212582121678,-2.9213100000773107,-1.0238108224669311,0.0008690325459535974,0.35061606571043513,0.016416380408334708,0.0005,0.0337,0.0063,0.0332,0.0068000000000000005,-0.00010000000000000026,0.003697908650968751,0.006533609413479208
2014-04-01,-3.9407495418498084,-3.9345678908213366,-2.92001676571641,-1.0207327761333986,0.0013626924538060882,0.3480113190887796,0.016623264614524822,0.0003,0.0326,0.0181,0.032299999999999995,0.006600000000000002,-0.002100000000000001,0.006440044126228228,0.023041494146654403
2014-05-01,-3.9511190105661913,-3.9303068125482565,-2.933409537958612,-1.0177094726075793,0.0005552041652798906,0.3451732559996698,0.013985264986324119,0.0003,0.0309,0.0279,0.0306,0.005999999999999998,-0.0091,0.003296754453157691,0.020424982612535617
2014-06-01,-3.959663184558572,-3.9407842058037854,-2.9449237336477925,-1.0147394509107794,0.0002819997994127916,0.34292845851211773,0.013885435560775376,0.0004,0.0313,-0.0025,0.0309,0.005499999999999998,0.0045000000000000005,0.0034926098400485106,-0.014072555558805088
2014-07-01,-3.934584227493583,-3.949778947857019,-2.9205906525020673,-1.0139935749915159,0.0009491218844922171,0.34837985184111864,0.008437173060553527,0.0003,0.031,0.005699999999999999,0.030699999999999998,0.005700000000000004,-0.0032999999999999995,0.0018621269440941557,0.03900626708444349
2014-08-01,-3.961760403086478,-3.924796733479499,-2.9484987152995625,-1.0132616877869154,0.0005462017458948921,0.33747620398340195,0.00673898998063454,0.0003,0.0287,0.0369,0.028399999999999998,0.006100000000000001,-0.0013000000000000025,-0.0003901939641608454,-0.014025904733127731
2014-09-01,-3.9364323180002994,-3.9520677763485463,-2.9238889187701522,-1.0125433992301471,0.0007210232102652173,0.33857618128370165,0.007991443016999028,0.0002,0.03,-0.017,0.0298,0.006899999999999996,-0.010099999999999998,-0.0016705141657922251,0.023689182493468998
2014-10-01,-3.9511887310921034,-3.9282523366525774,-2.958374064432503,-0.9928146666596005,0.0029439983039257623,0.3318083645572415,0.008032291665098404,0.0002,0.0282,0.03,0.028,0.0077000000000000055,-0.0075,0.0007525688243108508,0.027256153178868776
2014-11-01,-3.9673125887239786,-3.94307511930454,-2.994295218560052,-0.9730173701639266,0.00015025395227272122,0.3236617860203811,0.006891580093541146,0.0002,0.0264,0.0286,0.0262,0.0087,-0.011300000000000001,-0.0025122778125539202,-0.0024760629152682924
2014-12-01,-3.9550669697089473,-3.9592642781592344,-3.00191971869185,-0.9531472510170973,0.001992839436450897,0.3237556717220995,0.005625038536194948,0.0003,0.0246,0.028999999999999998,0.0243,0.009500000000000001,-0.010699999999999998,-0.005399417941061246,-0.029871751204963392
2015-01-01,-3.912077371152004,-3.943610197967186,-2.980406622068811,-0.9316707490831928,0.0022266292360955367,0.33616876250731864,0.00019091769041446776,0.0003,0.02,0.0709,0.0197,0.009900000000000006,-0.011000000000000003,-0.005670100910010967,0.055412000859270436
2015-02-01,-3.954189248104414,-3.900750371661305,-3.0439666406747916,-0.9102226074296222,0.0008135396985315579,0.3182272910267086,-0.0037666738874743764,0.0002,0.0238,-0.052300000000000006,0.023600000000000003,0.009000000000000001,0.020300000000000006,-0.004705892373473297,-0.015106531236315189
2015-03-01,-3.9254399166397467,-3.942989113869698,-3.0366420714133744,-0.8887978452263723,0.001720374999878559,0.30745404508970464,-0.006889458508266977,0.0003,0.023,0.0137,0.022699999999999998,0.009000000000000001,-0.0079,0.0043430449237722435,0.009059835469918266
2015-04-01,-3.926312829225365,-3.917828106772359,-3.059810053810809,-0.8665027754145562,0.0005743427604879802,0.3063442096979236,-0.007074767605327908,0.0002,0.0249,-0.025,0.0247,0.009600000000000004,0.002700000000000001,0.00595172161109736,0.012444248157560648
2015-05-01,-3.929195251350084,-3.918758521586941,-3.0851488585488323,-0.8440463928012516,0.0008869954185092688,0.30344995302787015,-0.008078390553592602,0.0002,0.0262,-0.0159,0.026000000000000002,0.009099999999999997,-0.0045000000000000005,0.002032873254587786,-0.01953252377741963
2015-06-01,-3.900462024390813,-3.921697583667245,-3.0790408097779904,-0.8214212146128226,0.0010521575969268848,0.31018683266447256,-0.00872533578386518,0.0002,0.0285,-0.0298,0.028300000000000002,0.009399999999999992,-0.0022000000000000006,0.0050972320254947245,0.02107338816491802
2015-07-01,-3.9138943932890844,-3.8943447100425916,-3.1136294346620685,-0.8002649586270159,0.0011597789569311196,0.3089532647516713,-0.008357162213627239,0.0003,0.0263,0.0329,0.026,0.010500000000000002,-0.008999999999999998,0.003502869998528224,-0.06195306630821649
2015-08-01,-3.8431895421643025,-3.9078142730628445,-3.0642732729154094,-0.7789162692488931,0.005846948944789144,0.3306709874074527,-0.010160886596133364,0.0007000000000000001,0.0264,0.0012,0.0257,0.011500000000000003,-0.0079,6.7047159295619e-05,-0.02485330049998215
2015-09-01,-3.8103474352365274,-3.83714616650118,-3.0529798594909856,-0.7573675757455418,0.00405349124964294,0.3356119547796398,-0.013637636073695378,0.0002,0.0253,0.0174,0.0251,0.012699999999999996,-0.004099999999999998,-0.0014162762828194841,0.08014947120487691
2015-10-01,-3.8832097799914904,-3.8034904004963592,-3.1480006508399603,-0.7352091291515301,0.0016189066553081932,0.3094136282987442,-0.016832462287322932,0.0002,0.0259,-0.0053,0.0257,0.013899999999999996,0.0073,-0.0015567565753034085,0.0033673241949127514
2015-11-01,-3.8769041859996793,-3.876399444142561,-3.164044580778949,-0.7128596052207303,0.0011187586249908424,0.3084291576937142,-0.01843809683919611,0.0012,0.0265,-0.006500000000000001,0.0253,0.014000000000000005,0.0085,-0.00044968375044651676,-0.015464425677603543
2015-12-01,-3.852454258732981,-3.8701399172694226,-3.162143393200849,-0.690310865532132,0.002838486129710513,0.31364881437793796,-0.022251553646851052,0.0023,0.0268,-0.0022,0.0245,0.014900000000000004,0.0022,-0.0021106803790814643,-0.05044636943707182
2016-01-01,-3.7966441311010177,-3.848711743174551,-3.1104225418081297,-0.686221589292888,0.004301313850110949,0.331910629588918,-0.020944056840410025,0.0026,0.0236,0.0476,0.020999999999999998,0.014499999999999999,-0.040900000000000006,-0.0034170964371187385,-0.0019434990490417863
2016-02-01,-3.7887786693175936,-3.792915569757652,-3.106632522333566,-0.6821461469840275,0.002601544328246806,0.33090182544728003,-0.024716055704364595,0.0031,0.0217,0.0294,0.018600000000000002,0.0138,-0.006200000000000001,0.0016531022090686687,0.06496959198043006
2016-03-01,-3.848968943437189,-3.7850639585173065,-3.1708845085871022,-0.6780844348500867,0.001274156639981947,0.3279547912959448,-0.023709639082250735,0.0029,0.0218,-0.0003,0.0189,0.0131,0.0426,0.000823076533454925,0.0036400024820046886
2016-04-01,-3.847238208359247,-3.844542475291431,-3.171730957725215,-0.6755072506340323,0.0008177635407290276,0.3263208886868419,-0.02421053422549017,0.0023,0.0223,-0.0053,0.02,0.011699999999999995,0.0199,0.004306000143392774,0.018218197734497246
2016-05-01,-3.8580396612549652,-3.8428312475169877,-3.185093501072908,-0.6729461601820574,0.000995568713675481,0.32607211927678326,-0.027048297566992764,0.0027,0.0219,0.0082,0.0192,0.010299999999999997,-0.006600000000000001,0.004741067979104008,0.0024714485524926205
2016-06-01,-3.854562468670988,-3.853652036534198,-3.184161463780142,-0.670401004890846,0.0028644087471100393,0.3234753616705865,-0.028679326909326345,0.0027,0.0179,0.059,0.015199999999999998,0.010299999999999997,-0.0213,0.004045790998115084,0.035718170303833216
2016-07-01,-3.885319748655474,-3.8503293097117077,-3.210864509725078,-0.6744552389303959,0.0004776635904952656,0.314661158925882,-0.032018961814846134,0.003,0.0175,0.0081,0.014500000000000002,0.009399999999999999,0.0164,0.0032843661672818936,0.0010462431385952504
2016-08-01,-3.8798845144600738,-3.881104433820488,-3.2014253141248528,-0.678459200335221,0.0002791631629746401,0.3151974253405272,-0.030785617671529614,0.003,0.0186,-0.014,0.0156,0.0092,0.015600000000000001,-0.001618136404749948,0.00024592056889599206
2016-09-01,-3.87445164874211,-3.875686893943215,-3.192037798818066,-0.682413849924044,0.0016731125316166715,0.31679388687551713,-0.03260711760181837,0.0029,0.0196,-0.0124,0.0167,0.009000000000000001,0.0004999999999999987,0.0009184301078843937,-0.01830692577970666
2016-10-01,-3.8498508108303477,-3.8694675929350364,-3.152198105312163,-0.6976527055181849,0.00036405192231051697,0.3196877814536319,-0.02903797930638422,0.0033,0.022,-0.0314,0.018699999999999998,0.0087,0.005099999999999997,0.002403995864628916,0.035085665188329625
2016-11-01,-3.8784949451577058,-3.8448914726922343,-3.1659795390992667,-0.7125154060584391,0.0009463721429686539,0.3032857864479349,-0.027456291619341655,0.0045000000000000005,0.0267,-0.0599,0.0222,0.008500000000000008,0.008900000000000005,0.0012467485130143174,0.01872197546584429
2016-12-01,-3.891597183782621,-3.873560080730864,-3.1645798918586916,-0.7270172919239295,0.0005240219218610008,0.2934790968799652,-0.025107879310180135,0.0051,0.0272,-0.0057,0.022099999999999998,0.0077000000000000055,0.0116,-0.0015554608673349346,0.01879860327214063
2017-01-01,-3.9043627629306665,-3.8866364134964226,-3.162272065715313,-0.7420906972153536,0.0003355712717231128,0.29197964998894116,-0.02266164723162455,0.0051,0.0278,0.0043,0.022699999999999998,0.007400000000000004,-0.0063999999999999994,0.0003273213923173923,0.038300465477303855
2017-02-01,-3.935949481456894,-3.899426480457854,-3.179154388828648,-0.7567950926282458,0.00022391289789916826,0.27867783260184326,-0.018712610069205403,0.0052,0.027,0.0137,0.0218,0.006899999999999996,0.0075,0.0058277278902547636,0.0013626620769023336
2017-03-01,-3.930648173281522,-3.9310374462264894,-3.159502775351357,-0.771145397930165,0.0005753040016325417,0.2815988893326394,-0.016198860572175896,0.0074,0.0274,-0.004,0.02,0.006699999999999998,-0.0021999999999999997,0.0031461173864164582,0.010035433193731794
2017-04-01,-3.9337040042670544,-3.9246538719865947,-3.1562317449389825,-0.7774722593280718,0.0003905471100685544,0.2778700263279923,-0.015574557753589473,0.008,0.0265,0.014499999999999999,0.0185,0.007000000000000006,0.003100000000000002,0.0008127978719472129,0.013847315674918348
2017-05-01,-3.93925517987842,-3.9277454206240865,-3.1555703066793095,-0.7836848731991104,0.0005030984709447959,0.2769687672318408,-0.010186140296460304,0.0089,0.0256,0.0158,0.0167,0.006999999999999999,0.006799999999999997,0.002965533365326678,0.005181436214890725
2017-06-01,-3.938134116677063,-3.9333318907529553,-3.148347693565449,-0.7897864231116141,0.0004475599182423216,0.2725452275230835,-0.009784006334532983,0.0098,0.0258,-0.001,0.016,0.006900000000000003,0.011800000000000001,0.0008547218268963874,0.019784992426163068
2017-07-01,-3.9505855499509415,-3.9314215322891317,-3.1577536695776445,-0.792831880373297,0.0002588436588188475,0.26580367876679495,-0.013163550805265605,0.010700000000000001,0.0262,-0.0027,0.0155,0.0068999999999999895,0.0087,0.0009071110148610728,0.0013359041653519714
2017-08-01,-3.944464007644878,-3.943917724073837,-3.1486362114342423,-0.7958277962106357,0.000753375768552798,0.2651136136458018,-0.012212825087824532,0.0101,0.0242,0.028900000000000002,0.0141,0.0068000000000000005,-0.013600000000000001,-0.0006899226388520363,0.018952050459765044
2017-09-01,-3.956959386667858,-3.9378403473438786,-3.1581840038150535,-0.7987753828528046,0.0002572471807716921,0.2597061667913033,-0.011085179589316823,0.0103,0.0259,-0.020499999999999997,0.0156,0.006699999999999998,0.016799999999999995,0.0029944522971085963,0.02294582931678338
2017-10-01,-3.9736673724255347,-3.95172181213523,-3.171451106463329,-0.8022162659622056,0.00021815287274513484,0.24890619858272187,-0.01237806885406424,0.010700000000000001,0.0261,-0.0013,0.0154,0.007199999999999998,0.0089,0.005294905893230117,0.030106757291907264
2017-11-01,-3.97217022797492,-3.9684570872121068,-3.1665604576719266,-0.8056097703029934,0.00035533690058538647,0.2397271007435743,-0.012192513281936098,0.0123,0.026,0.0036,0.013699999999999999,0.006999999999999999,-0.0015999999999999999,-0.0006320421037276924,0.010187712769143964
2017-12-01,-4.0007529637930075,-3.9669869491831173,-3.191796076903141,-0.8089568868898667,0.00024411328490383253,0.2353933430957158,-0.019878874655718796,0.0132,0.0254,0.0102,0.012199999999999999,0.007099999999999995,0.0154,2.4324685907517463e-05,0.05533764715985862
2018-01-01,-4.04814092184633,-3.9934835440800995,-3.2297272359566254,-0.8184136858897046,0.0007742615500506709,0.22251914863023572,-0.019043602222493967,0.0141,0.0284,-0.0315,0.014300000000000002,0.007100000000000002,0.007199999999999998,-0.0005878322772623346,-0.039487894982414444
2018-02-01,-4.001197849811975,-4.040923965447897,-3.1735500717539926,-0.8276477780579827,0.005361662814889361,0.23247806561935658,-0.018319797581262405,0.015700000000000002,0.0301,-0.022400000000000003,0.014399999999999996,0.006900000000000003,-0.008899999999999998,0.0054477454527752656,-0.026987968637165773
2018-03-01,-3.966780091942727,-3.9940326048965193,-3.130112772841115,-0.8366673191016121,0.0032467403430562294,0.2595371634614786,-0.01822134906691559,0.017,0.0285,0.0259,0.0115,0.0076999999999999985,-0.0135,0.004534689974865724,0.0023638904468205133
2018-04-01,-3.962935427847492,-3.960220316100363,-3.1127037204336983,-0.8502317074137937,0.002362669259085881,0.2588922719099124,-0.018605662613232387,0.0176,0.03,-0.0177,0.012399999999999998,0.008199999999999999,-0.0023,0.002261125904149175,0.022122174127638457
2018-05-01,-3.9777966047862656,-3.9564184023836284,-3.1143547643904235,-0.8634418403958422,0.0009227116600471326,0.2562128847502277,-0.018933503449156352,0.018600000000000002,0.0289,0.016399999999999998,0.010299999999999997,0.008300000000000002,-0.0023999999999999994,0.003975091563348965,0.005417692413214893
2018-06-01,-3.976152489591044,-3.971321776094242,-3.0998399636038707,-0.8763125259871734,0.0006228655021424219,0.2577375109233456,-0.022101276016534815,0.019,0.0291,0.0007000000000000001,0.010100000000000001,0.008700000000000006,-0.0131,0.004158916925434797,0.03487206034546193
2018-07-01,-4.002762363690387,-3.9673743837135875,-3.1139290595791964,-0.8888333041111904,0.0006544289037033452,0.24613834482449276,-0.01709592176038632,0.0196,0.0302,-0.0131,0.010600000000000002,0.0092,0.0232,0.001593875701543901,0.030808447611486187
2018-08-01,-4.023874964588535,-3.9940606429253407,-3.1228886952210537,-0.9009862693674817,0.00047127352844318,0.24092802491987234,-0.02145123019651925,0.0203,0.0293,0.0152,0.009000000000000001,0.008899999999999991,-0.0094,6.746326228523891e-05,0.0036259693935125387
2018-09-01,-4.019533417743856,-4.015248311023534,-3.1067451638782346,-0.9127882538656213,0.00023007407698824586,0.23643433008381864,-0.020834449108608315,0.0213,0.0334,-0.0518,0.0121,0.008999999999999994,0.0398,0.0005555423283571947,-0.07275959910032316
2018-10-01,-3.9386693880100894,-4.0105987370657505,-3.0297159746136675,-0.9089534133964219,0.0045776015768846995,0.2490728052824203,-0.02121689504377505,0.0225,0.0352,-0.0204,0.012700000000000003,0.009300000000000003,-0.0119,0.0011620251758901468,0.017761078537244034
2018-11-01,-3.947515606201,-3.9298138294417053,-3.0423437876242003,-0.9051718185767998,0.002837641673083945,0.24495027499700453,-0.024593067416848663,0.0233,0.0317,0.050499999999999996,0.008399999999999998,0.010000000000000002,-0.043399999999999994,0.001766763455725906,-0.09691901895550759
2018-12-01,-3.842472493566038,-3.938737780684114,-2.941030151949608,-0.9014423416164301,0.0067931027177002504,0.2681669071557726,-0.019227909317654845,0.023700000000000002,0.0284,0.0481,0.004699999999999999,0.011100000000000006,-0.011099999999999992,-0.0033493485181009808,0.07616702239383845
2019-01-01,-3.9108694746946644,-3.835127283625026,-3.0117493523241388,-0.8991201223705256,0.0030113953589607357,0.25022941580900443,-0.019304705350600016,0.023700000000000002,0.0271,0.008,0.0033999999999999968,0.0119,0.0197,-0.0031939628151310684,0.02941729934486035
2019-02-01,-3.9328733768541775,-3.903577823700069,-3.03604701917207,-0.8968263576821074,0.0005324027092152644,0.2413818799197407,-0.02315933559424482,0.0239,0.0268,-0.0091,0.0029,0.0116,0.0017000000000000001,0.0019065966652469513,0.017444520349292603
2019-03-01,-3.9434000202400465,-3.9256345093869234,-3.0488394984170704,-0.8945605218229762,0.0011070680507806062,0.24371670582689178,-0.023231494177042178,0.024,0.025699999999999997,0.0447,0.0016999999999999967,0.010700000000000001,0.003799999999999998,0.004227053140096748,0.0377275399409818
2019-04-01,-3.975065028583872,-3.9365046310874563,-3.085219572461112,-0.8898454561227602,0.00037443825487763744,0.23762921631855416,-0.02169969456574157,0.023799999999999998,0.0253,-0.0126,0.0015000000000000013,0.010099999999999998,0.0037,0.005641358356806014,-0.06736938784887961
2019-05-01,-3.9001759665088738,-3.9682168604016983,-3.0150030985858463,-0.8851728679230275,0.001831635625232803,0.25465413872437553,-0.020358318131803322,0.0235,0.024,0.053,0.0005000000000000004,0.009600000000000004,-0.015400000000000004,0.0052950016128905375,0.06544990197058313
2019-06-01,-3.9600326784318725,-3.8933743769367917,-3.0794905429736126,-0.8805421354582599,0.0010648135710654557,0.23756622856436166,-0.012538346453199277,0.0217,0.0207,0.0104,-0.0010000000000000009,0.0104,0.0233,0.0021287585893843275,0.012599205693278749
2019-07-01,-3.966308717144017,-3.953265992327071,-3.0983905597913006,-0.8679181573527162,0.0005935376447757414,0.23522889363166583,-0.012604295962608139,0.021,0.0206,0.0024,-0.00040000000000000105,0.009900000000000006,0.006,0.00019914718148150712,-0.01781448913855152
2019-08-01,-3.9413302297156063,-3.9595875115004233,-3.0860250801118125,-0.8553051496037938,0.004317880817783363,0.2393358919139263,-0.01014243498453351,0.0195,0.0163,0.0797,-0.0032000000000000015,0.008899999999999998,-0.005899999999999989,0.0016709416224534035,0.016818248220504692
2019-09-01,-3.9516891477342826,-3.9346538972433036,-3.108987051878623,-0.8427020958556595,0.000605424559191392,0.23476956170871438,-0.010838109321562565,0.0189,0.017,-0.0192,-0.001899999999999999,0.008800000000000006,0.0001999999999999988,-5.066823608290694e-05,0.019891705391788143
2019-10-01,-3.965984083901513,-3.945758241535718,-3.1128686369820278,-0.8531154469194853,0.0015103083102834933,0.233646326693956,-0.013157409468745463,0.0165,0.0171,-0.0052,0.0005999999999999998,0.0091,0.0058,0.0007834485769300237,0.0343666851942604
2019-11-01,-3.9935684118475434,-3.9600881460591433,-3.1302674900123657,-0.8633009218351777,0.00030636315609378897,0.22527396536777514,-0.00779623791798991,0.0154,0.0181,-0.0059,0.002700000000000001,0.008799999999999995,0.0073,0.002286190552229783,0.027952963826066934
2019-12-01,-4.0158957887892806,-3.9877070324333923,-3.1426293577373032,-0.8732664310519773,0.0005023728511242778,0.22142950074082315,-0.007199155473272504,0.0154,0.018600000000000002,-0.0253,0.0032000000000000015,0.008700000000000003,0.016399999999999998,-0.0005362430346691482,-0.0011911615632002619
2020-01-01,-4.006626398847147,-4.008255824412925,-3.1978926695153227,-0.8087337293318244,0.001119022019250861,0.2236426191938769,-0.007693691549922777,0.0152,0.0176,0.0632,0.002400000000000001,0.008299999999999998,-0.011300000000000004,-0.0009097695250538385,-0.08661774510588455
2020-02-01,-3.911184840311372,-3.9990443612475763,-3.170358968683046,-0.740825871628326,0.00477663938273672,0.24869782455898695,-0.0055601644424803035,0.0152,0.015,0.0588,-0.00020000000000000052,0.008300000000000002,-0.0308,0.003879769937814803,-0.13130454907184802
2020-03-01,-3.7699920890913194,-3.9036598576842865,-3.100891187184282,-0.6691009019070373,0.07315314315888613,0.30215179580129536,-0.007700293818184716,0.0029,0.0087,0.0625,0.0058,0.0127,-0.09759999999999999,0.002740618131495287,0.12123484906560053
2020-04-01,-3.888837974587294,-3.769417078349888,-3.2705517632035432,-0.6182862113837508,0.014307539698100818,0.2720112323644567,-0.010538060114986507,0.0014000000000000002,0.0066,0.008199999999999999,0.0052,0.016999999999999994,0.026500000000000003,-0.002176451031784654,0.0466099116950199
2020-05-01,-3.9325497845237445,-3.888263294293214,-3.367736092311074,-0.5648136922126703,0.0040720312789169905,0.2608943230360661,-0.014966918251563033,0.0013,0.0067,-0.0097,0.0054,0.014499999999999999,0.018099999999999998,-0.006686941866997254,0.02004375057897706
2020-06-01,-3.950196815301493,-3.9319754342974305,-3.4418105465588056,-0.5083862687426874,0.0072085510640153005,0.2565505786258643,-0.01684502163473136,0.0016,0.0073,0.0023,0.0057,0.012000000000000004,0.0123,1.9501616683959e-05,0.05524956162114821
2020-07-01,-4.008492145313003,-3.954855366903754,-3.4988458846939574,-0.5096462606190455,0.001607945663152107,0.25057624926593897,-0.011998151659958678,0.0013,0.0062,0.0287,0.0049,0.011699999999999995,0.032299999999999995,0.005472046927775365,0.06948949847232061
2020-08-01,-4.080891602721303,-4.013172500631649,-3.5699751361168905,-0.5109164666044128,0.0007433920712266928,0.232933438386496,-0.00850388464007492,0.001,0.006500000000000001,-0.0349,0.0055000000000000005,0.0102,-0.013899999999999996,0.005058243501669724,-0.03899780029396958
2020-09-01,-4.045575863571521,-4.085593966815111,-3.5333788511291715,-0.5121970124423498,0.004907442053368428,0.23836947702984337,-0.005698077797329281,0.0011,0.0068000000000000005,0.008,0.0057,0.010499999999999999,-0.0039000000000000007,0.0031532105240814623,-0.026863976394607397
2020-10-01,-4.020767469503262,-4.048823149842951,-3.5193008089484303,-0.5014666605548319,0.0036611054259359406,0.24988337685271833,-0.001895113387155948,0.001,0.0079,-0.023799999999999998,0.006900000000000001,0.0109,0.004799999999999999,0.0013927469432666317,0.10372293918471481
2020-11-01,-4.126171783324341,-4.0240253350059385,-3.635623042696916,-0.4905487406274247,0.002492032467142923,0.22343499229384345,-0.005261818724759181,0.0009,0.0087,0.009300000000000001,0.0078,0.010000000000000002,0.0416,0.0004149377593360981,0.04063111539008436
2020-12-01,-4.165889294498332,-4.129440297215116,-3.686451671443071,-0.4794376230552615,0.0006781768771655929,0.2163695171741409,-9.78825234087114e-05,0.0009,0.009300000000000001,-0.0115,0.008400000000000001,0.009000000000000005,0.0115,-0.0006106272178441063,-0.010102862485526025
2021-01-01,-4.158388795058526,-4.169587911880468,-3.5613447975575303,-0.5970439975009958,0.002077588268498919,0.22087160161453537,0.002697342709545145,0.0008,0.0108,-0.0304,0.01,0.007900000000000004,-0.0026999999999999975,0.0009414784670425114,0.02576910613395879
2021-02-01,-4.1878580426781635,-4.1621011430110375,-3.4848522536922237,-0.7030057889859398,0.0015012682977941583,0.21408994202513418,0.007013702917219907,0.0004,0.0126,-0.0581,0.0122,0.007199999999999998,0.017900000000000006,0.00425378348702754,0.04240218536082545
2021-03-01,-4.233147032223906,-4.191584223526464,-3.4336575240582565,-0.7994895081656495,0.0024731909665210135,0.19347081322739532,0.0157183432457994,0.0003,0.0161,-0.0322,0.015799999999999998,0.007000000000000003,-0.0008000000000000021,0.005474382793923205,0.05250136437706238
2021-04-01,-4.28290543123738,-4.231808109123086,-3.408294691230142,-0.8746107400072383,0.0010592842816029829,0.1883688724820922,0.02005424010461856,0.0002,0.016399999999999998,0.023799999999999998,0.0162,0.007000000000000006,-0.0015999999999999973,0.007083273133749568,0.0061888097490995385
2021-05-01,-4.28703980500682,-4.281568298454799,-3.3427392337003985,-0.9443005713064219,0.0014964819250018642,0.18479782620342927,0.017464302791206723,0.0002,0.016200000000000003,0.0001,0.016000000000000004,0.006600000000000002,0.0044,0.008218909154060094,0.02340593151264993
2021-06-01,-4.307675297806945,-4.285704457761083,-3.29839510934214,-1.009280188464805,0.00060737746976183,0.18494211870382762,0.017254589462653392,0.0004,0.0152,0.028399999999999998,0.0148,0.006499999999999999,0.015799999999999998,0.008017105154762838,0.024014333830845475
2021-07-01,-4.322196473609309,-4.299703244362566,-3.2866082297572214,-1.0355882438520876,0.0011239920578749402,0.1826501060383616,0.016079030907507865,0.0005,0.0132,0.0305,0.0127,0.006700000000000008,-0.006599999999999998,0.00929066290235725,0.030141156911986808
2021-08-01,-4.3428655224525405,-4.314287471483852,-3.282042453477766,-1.0608230689747744,0.0006020919278129697,0.1804534945969724,0.014845666425118613,0.0005,0.0128,-0.0034999999999999996,0.0123,0.006900000000000007,-0.0010000000000000009,0.004810523526293853,-0.04717127527747155
2021-09-01,-4.286280819131233,-4.335018582115855,-3.2012242268066124,-1.0850565923246203,0.0013934414975313358,0.18854102302570153,0.015597883520887536,0.0004,0.0137,-0.025,0.013300000000000001,0.007000000000000003,0.005600000000000001,0.00206591136361145,0.0681351704332083
2021-10-01,-4.346731762014197,-4.279873552216023,-3.226204946399445,-1.1205268156147516,0.001151121168675858,0.1781419788517782,0.013368227505638352,0.0005,0.0158,0.0051,0.015300000000000001,0.006700000000000001,0.0108,0.002715970859058281,-0.007382447807051651
2021-11-01,-4.331996635841755,-4.340365286942743,-3.177642266267302,-1.1543543695744534,0.0013266664758552213,0.18504289270415142,0.01563977842333271,0.0005,0.015600000000000001,0.021,0.0151,0.006599999999999995,-0.011600000000000003,0.008308118552003085,0.042566072731274315
2021-12-01,-4.368359047776358,-4.325670436495911,-3.1816901750610977,-1.1866688727152601,0.0025184151118767435,0.17559894931793726,0.012974421080549236,0.0006,0.0147,-0.011000000000000001,0.0141,0.006500000000000002,-0.001899999999999999,0.004913427504347645,-0.05365713869896174
2022-01-01,-4.305697717243218,-4.359715867108237,-3.1276046431567357,-1.1780930740864823,0.0027800600323106177,0.1816290768550256,0.011640433275531856,0.0015,0.0176,-0.018944378887577606,0.0161,0.006499999999999995,-0.014717503805259491,0.003072517161483601,-0.029730606999136627
2022-02-01,-4.265265810569286,-4.297128601448209,-3.0956744747785025,-1.1695913357907832,0.0036763275926886946,0.18827022122823273,0.008487009031758315,0.0033,0.019299999999999998,-0.006588952902849776,0.015999999999999997,0.007199999999999998,-0.013414218940578704,0.008414573783545265,0.037123532797633245
2022-03-01,-4.29191773946215,-4.2567695010758815,-3.1307553402048827,-1.1611623992572673,0.004746810229091726,0.20665323465505137,-0.0011220595227226483,0.0044,0.0213,-0.031135719064368628,0.0169,0.008599999999999997,0.0059203213090005535,0.009133979256476854,-0.09175047966566732
2022-04-01,-4.188885376473323,-4.280953209433758,-3.048249184749615,-1.1406361917237078,0.004926536656747887,0.21731350832893384,-0.005662875171893676,0.0076,0.0275,-0.030979805724888565,0.0199,0.009000000000000008,-0.023700752947726,0.013351379548562692,7.397507043513878e-05
2022-05-01,-4.178093007125982,-4.178039764659779,-3.0579564137368083,-1.1201365933891738,0.007760030631818009,0.2172284671895707,-0.00337169351179637,0.0098,0.028999999999999998,0.0018273703353965942,0.0192,0.009900000000000006,0.007509670495863485,0.005582531025655202,-0.08581245213728951
2022-06-01,-4.079712187191921,-4.167363761672094,-2.9800529344956974,-1.0996592526962239,0.0072034264480070114,0.23286086335755504,-0.004815212365182618,0.0149,0.031400000000000004,-0.008797270053499173,0.016500000000000004,0.010299999999999997,-0.019202833053900137,0.011023523999598828,0.08882710698355498
2022-07-01,-4.160174300109071,-4.072972955834848,-3.0762757440199877,-1.0838985560890837,0.003187742188769261,0.2181873903376239,-0.006120551960446133,0.0223,0.028999999999999998,0.015941288862669767,0.006699999999999998,0.011500000000000003,0.016432263344075437,0.013736075758819855,-0.04302753069376079
2022-08-01,-4.110113160925545,-4.153480182131382,-3.0420123163792994,-1.0681008445462457,0.0033489216113628327,0.2274292416828333,-0.009731793716009242,0.0263,0.028999999999999998,-0.024808573149540436,0.0026999999999999975,0.010800000000000004,-0.004517250786342908,-0.00011811913833770227,-0.09785308486681081
2022-09-01,-4.005414357046881,-4.103463556350505,-2.9531503480404444,-1.0522640090064366,0.00493369205542126,0.2494783626121869,-0.011291950096054909,0.0313,0.0352,-0.034535775544120795,0.0039000000000000007,0.01100000000000001,-0.018018152851275837,-0.0003543992763505033,0.0748932853562266
2022-10-01,-4.074094075556463,-3.997259473360721,-3.0558493166980156,-1.0182447588584473,0.006503955519433825,0.21893514638918887,-0.015252474761067988,0.037200000000000004,0.0398,-0.01393657660974812,0.002599999999999998,0.011600000000000006,0.003594831152155642,0.0021507845130008807,0.049853181244585675
2022-11-01,-4.1183631011527675,-4.066005156427553,-3.1347583954459406,-0.9836047057068269,0.00634274325609423,0.20718244729583346,-0.017011396332142513,0.0415,0.038900000000000004,0.0267781294050653,-0.002599999999999998,0.011700000000000002,0.025005253907688374,0.004056494434112379,-0.0638771896478402
2022-12-01,-4.049557288920167,-4.110339087968655,-3.1012519661228186,-0.9483053227973484,0.0027013952709264476,0.21619872538445875,-0.02125522525913716,0.0425,0.0362,-0.00518231285713644,-0.0063,0.0116,0.0007949356231965465,-0.00101002644188819,0.058362914290849416
2023-01-01,-4.10308054966551,-4.043159391786478,-3.1565144315580556,-0.9465661181074543,0.0022864570521444363,0.21024422901574957,-0.020774286989917998,0.0454,0.0353,0.02505951864155853,-0.010100000000000005,0.010999999999999996,0.0150085360717358,-0.0030700914645410693,-0.027958478897752267
2023-02-01,-4.070263895228863,-4.096723325535716,-3.125417911620721,-0.9448459836081424,0.0017403740995827622,0.2194463371987984,-0.022012379563240123,0.04650000000000001,0.0375,-0.02339929476692104,-0.009000000000000008,0.010300000000000004,-0.008410185235540935,0.007995363834540026,0.033200196443879636
2023-03-01,-4.098398084073356,-4.063946830231496,-3.1552534792210816,-0.9431446048522742,0.0028894580250684978,0.22006043129576563,-0.022332061742021982,0.046900000000000004,0.0366,0.02894455754676506,-0.010300000000000004,0.011099999999999999,-0.0011018178372368403,0.005582110505732318,0.011409501455419599
2023-04-01,-4.110476846361222,-4.095940649768543,-3.1587379576267223,-0.9517388887345,0.0010289101478898343,0.2147424905038864,-0.021389688912273472,0.0492,0.0346,0.0053590045028057975,-0.014600000000000002,0.010600000000000005,0.002296871675115275,0.0033107299561230263,0.001698437268947982
2023-05-01,-4.110504684296747,-4.108025436238763,-3.150286294068543,-0.9602183902282038,0.0013693868932990489,0.22250710231804957,-0.020661378052750475,0.051399999999999994,0.035699999999999996,-0.011609589494446682,-0.0157,0.010999999999999996,-0.0028751585568637106,0.005059038683258521,0.06081396409628777
2023-06-01,-4.170778178830972,-4.108059268893356,-3.2021924864144546,-0.968585692416517,0.0011138590193410177,0.21281123356467757,-0.01567423045984698,0.0516,0.0375,-0.007509196757027103,-0.014100000000000001,0.010999999999999996,0.011626109203803914,0.0025184350102023245,0.02671802185134122
2023-07-01,-4.198544470503574,-4.1678805374156145,-3.2269076275171242,-0.9716368429864497,0.0005372473147919291,0.20591733917743008,-0.016677385506370882,0.0525,0.039,-0.003540101659844308,-0.013499999999999998,0.010799999999999997,0.006987263137814836,0.003228914236486524,-0.020034092608838584
2023-08-01,-4.177779954142078,-4.195655201160566,-3.2031187674702633,-0.9746611866718151,0.00133653808012953,0.21088482171631687,-0.0165139509944426,0.053,0.0417,-0.005182306126226166,-0.011299999999999998,0.010699999999999994,-0.0025862001930047063,0.0019075150192227053,-0.05302524713777565
2023-09-01,-4.124952920920413,-4.1748990086323845,-3.1472938320609716,-0.9776590888594416,0.001022968318518817,0.21852790569275535,-0.017989480433587394,0.053200000000000004,0.0438,-0.02209415768576295,-0.009400000000000006,0.010300000000000004,-0.004600311621498876,0.004367155068353501,-0.025953484790855765
2023-10-01,-4.097975715894924,-4.120200555872696,-3.1103786912669795,-0.9875970246279442,0.0016780918411319144,0.22153367619816372,-0.014710632091986258,0.053399999999999996,0.048,-0.012083190259203902,-0.005399999999999995,0.010199999999999994,-0.006642493132236749,0.002485131552376618,0.0825246907146499
2023-11-01,-4.178670273425865,-4.093245829038288,-3.181325519149345,-0.9973447542765204,0.0013413415870289433,0.20367573097634023,-0.020618289672107708,0.0527,0.045,0.03472959389766195,-0.0076999999999999985,0.010099999999999998,0.02505290285832662,-0.00038337952298483913,0.04001123081122001
