,OLS,PLS,PCR,LASSO,ENet,GBRT,RF,NN1,NN2,NN3,NN4,NN5,Ridge,SVR,KNR,XGB,Mean,Median,HA,actual
1957-01-01,0.004428326985165876,-0.0166674933159917,0.00721315809347834,0.006473461344066979,0.006473461344066979,0.008683600169598406,0.0122294703116556,-0.002744920551776886,0.00974232517182827,-0.04793331027030945,0.01495648734271526,0.01094655226916075,0.006473461344066969,0.05451504456089188,0.01769149913518868,0.01227704528719187,0.006547385576312364,0.007948379131538372,0.006439711230692754,-0.0279321216160035
1957-02-01,0.00571332875603453,-0.01644322970765622,0.007902392194505215,0.006473461344066979,0.006473461344066979,0.008683600169598406,0.01141468830650498,0.0158754289150238,0.007462156005203724,-0.06685555726289749,0.01418331451714039,0.01094655226916075,0.006473461344066973,-0.02040861963623339,-0.002112234690449076,-0.006974642165005207,-0.0006995273935542907,0.006473461344066979,0.0063447614161991185,0.02115337261047535
1957-03-01,0.0007268615397897638,-0.01475049838898736,0.00808150685258011,0.006473461344066979,0.006473461344066979,0.008683600169598406,0.01141468830650498,0.01040242426097393,0.006565968971699476,-0.07079174369573593,0.01408886164426804,0.01094655226916075,0.006473461344066973,-0.02625611119974164,0.01470405385267043,0.007572502363473177,5.056568615344095e-05,0.007069235667586327,0.006385556488359659,0.04319212577168548
1957-04-01,-0.007605339041577175,-0.008439076280666105,0.009293562515688582,0.006473461344066979,0.006473461344066979,0.008683600169598406,0.01082664216793762,-0.008791742846369743,0.003735489910468459,-0.05442734807729721,0.01408251654356718,0.01094655226916075,0.006473461344066977,-0.01256359220768305,0.003890477645607157,0.0004286502371542156,-0.0006574514351381238,0.005181969494837067,0.0064866734369402245,0.0355019328926241
1957-05-01,-0.002661647910764536,0.00366752501796642,0.009748824616472532,0.006473461344066979,0.006473461344066979,0.01054153969021734,0.0122294703116556,0.009576095268130302,0.005439631175249815,-0.03241584077477455,0.01433795318007469,0.01094655226916075,0.006473461344066979,-0.02538532248881902,0.0008611696175548507,0.004927290137857199,0.002577101508886395,0.006473461344066979,0.006566167298462646,-0.003306878016633135
1957-06-01,0.01325192237137265,0.01003692521214149,0.01066836804747373,0.006473461344066979,0.006473461344066979,0.01054153969021734,0.0122294703116556,0.01307732984423637,0.004619571845978498,-0.02315787971019745,0.01446277089416981,0.01094655226916075,0.006473461344066981,-0.02243944625075298,-0.02902815103106277,0.003324860008433461,0.002997138595939215,0.008255193278104235,0.006539191764814842,0.00730565086166367
1957-07-01,-0.01165671693432138,0.007553972040427468,0.01004959761147262,0.006473461344066979,0.006473461344066979,0.01054153969021734,0.01141468830650498,0.01047357171773911,0.004325844347476959,-0.03427001461386681,0.01435273140668869,0.01094655226916075,0.00647346134406698,-0.02472867910306849,-0.006634047771601963,0.005956264678388834,0.00173410547983869,0.00647346134406698,0.006541280209220425,-0.05323672541654516
1957-08-01,0.0146614349348608,0.0007746502929106844,0.009513770845916068,0.006473461344066979,0.006473461344066979,0.01054153969021734,0.01141468830650498,0.02025282196700573,0.007515139412134886,-0.0588165819644928,0.0145176388323307,0.01094655226916075,0.006473461344066978,-0.02094802752201537,0.04852956725951092,0.01053133886307478,0.006178432326207524,0.010022554854495424,0.006378839976541717,-0.06211950418255975
1957-09-01,-0.001937849142471915,-0.01632273376412649,0.00808606191491802,0.006473461344066979,0.006473461344066979,0.008683600169598406,0.01141468830650498,0.01109509821981192,0.00816649105399847,-0.06200392544269562,0.01450210344046354,0.01094655226916075,0.006473461344066972,-0.01340187759598538,0.005279985318777606,-0.0002795425243675709,0.0002280647659867279,0.006473461344066979,0.006193207607546862,-0.04220061244042928
1957-10-01,0.007873377620019106,-0.01476707130050449,0.00842651807429925,0.006473461344066979,0.006473461344066979,0.008683600169598406,0.01141468830650498,0.01583409868180752,0.007146958261728287,-0.06438340246677399,0.01429349929094315,0.01094655226916075,0.006473461344066973,-0.02258676052636245,0.003978112618067129,-0.002158750081434846,0.0002576128093283585,0.006810209802897633,0.006062413499309089,0.02052771183156264
1957-11-01,-0.004593937517419294,-0.01776635788034918,0.006497029488367178,0.006473461344066979,0.006473461344066979,0.0008594205691712393,-0.01277885302043856,-0.02386080101132393,0.01116107404232025,-0.04458088427782059,0.01519238855689764,0.01094655226916075,0.006473461344066967,0.1115052491180207,0.005227400592868539,-0.01084914430975914,0.004148720040743534,0.005850430968467753,0.0061014035217679926,-0.04093418669309882
1957-12-01,0.01730579143330413,-0.01489690205495235,0.007403994714374197,0.006473461344066979,0.006473461344066979,0.008683600169598406,0.00648235609546093,0.054682407528162,0.009297201409935951,-0.1285978853702545,0.01413821056485176,0.01094655226916075,0.006473461344066972,-0.01945996240092724,0.0002648575463384103,-0.01496931072324514,-0.001831169049124486,0.006477908719763954,0.005974963763125877,0.04211724470692198
1958-01-01,0.00108399049687094,-0.01031868800748897,0.001924193669829315,0.006103532511219826,0.006103532511219826,0.00953272520393263,0.008512275302805832,-0.008159605786204338,0.00747241172939539,0.01612814143300056,0.008987495675683022,0.009566192515194416,0.005814897424428932,-0.03079302975817307,0.01574199464069368,0.003153299912810326,0.003178334967201145,0.006103532511219826,0.006071859958685653,-0.0170065797711164
1958-02-01,-0.02343724025704291,-0.01646664638318905,-0.00180199424471293,0.006103532511219826,0.006103532511219826,0.00953272520393263,0.008512275302805832,0.01298527885228395,0.00569043168798089,0.01376032456755638,0.008989103138446808,0.009550588205456734,0.005289954042379427,-0.03076579062554766,0.00382821564022287,-0.01715744286775589,4.480295532854547e-05,0.005896982099600358,0.006010152900584578,0.03131631110119772
1958-03-01,-0.03201968222339256,-0.01786069296296199,-0.0009804198026336485,0.006103532511219826,0.006103532511219826,0.00953272520393263,0.008512275302805832,0.02103029005229473,0.007625776808708906,0.01174059882760048,0.009014308452606201,0.00954925362020731,0.005319137356483384,-0.04320514392305097,-0.030784004141542,-0.003532206639647484,-0.002115669940384345,0.006103532511219826,0.006077635989119546,0.03206118070877148
1958-04-01,-0.03538407060125859,-0.009671749199120148,0.0053224944669565,0.006103532511219826,0.006103532511219826,0.00953272520393263,0.008512275302805832,0.01826907694339752,0.01811783388257027,0.009591351263225079,0.008861957117915154,0.009553996846079826,0.005739538086958656,-0.05028042051318685,0.03137572437427956,0.009209654293954372,0.003184840780684342,0.008687116210360493,0.00614674116124628,0.0202864368256955
1958-05-01,-0.04466075897252136,-0.003921575852847387,0.01020329507337601,0.006103532511219826,0.006103532511219826,0.00953272520393263,0.008512275302805832,0.01116658933460712,0.0107107125222683,0.01563518866896629,0.00887000560760498,0.009563006460666656,0.00619176373538813,-0.04939190830343597,0.009781174907073371,0.009730665944516659,0.001508139040927557,0.009201365405768805,0.006184246985289913,0.02651577158967233
1958-06-01,-0.01801640200006219,0.002966345665648787,0.01403733032718815,0.006103532511219826,0.006103532511219826,0.00953272520393263,0.01199591675583587,0.004551241174340248,0.007977534085512161,0.01772967539727688,0.008862633258104324,0.009563049301505089,0.006614529772629561,-0.03122161751398961,0.01709352900933149,0.02529734559357166,0.006199431315829045,0.008420083671808243,0.006238034087417908,0.04272121954119702
1958-07-01,-0.02376581054891827,0.00250584082116193,0.01538965564007998,0.006103532511219826,0.006103532511219826,0.00953272520393263,0.01490942105432482,-0.001852551475167274,0.007367807440459728,0.02192677371203899,0.008875101804733276,0.009566247463226318,0.006732438656753807,-0.02682320263354044,0.0120841593540527,0.02533441595733166,0.005874380467056844,0.008121454622596502,0.006334295790462179,0.01714016301405775
1958-08-01,-0.01581356253687174,0.00613399356816211,0.01665363797161061,0.006103532511219826,0.006103532511219826,0.00953272520393263,0.01199591675583587,-0.004562908783555031,0.007484813220798969,0.02429282106459141,0.008968157693743706,0.009577762335538864,0.006926429383158974,-0.01496209965699839,-0.02421808024655095,0.01563598588109016,0.004365791054807928,0.007205621301978972,0.006362732283155852,0.04918992431866944
1958-09-01,-0.01275309811751549,0.00147501266467256,0.01061828735460461,0.006103532511219826,0.006103532511219826,0.005240097119815203,0.01199591675583587,-0.0006603971123695374,0.002811194863170385,0.01469514891505241,0.00898728147149086,0.009565399028360844,0.00644931998676905,-0.0323319585467883,-0.003588562686433426,0.002772138454020023,0.002342677823320295,0.0056718148155175145,0.006475139611333054,0.0251039414194905
1958-10-01,-0.02031496178836059,-0.002961031626576499,0.007097306686818405,0.006103532511219826,0.006103532511219826,-0.002429262297278586,0.01199591675583587,0.008808968588709831,0.009162629023194313,0.004985327832400799,0.00895676203072071,0.009558843448758125,0.00607392473550171,-0.02677583777789537,-0.01149987031453598,0.009083597920835018,0.001496836140035463,0.006103532511219826,0.006523906108213047,0.0264197161326052
1958-11-01,-0.01959837959056357,-0.00347578719586043,0.007384725294772391,0.006103532511219826,0.006103532511219826,-0.002429262297278586,-0.005069269811465067,0.006597891449928284,0.008232472464442253,0.005244521424174309,0.008963568136096,0.009559820406138897,0.006104363928367538,-0.0249082973235964,-0.01162749359018434,0.007790054194629192,0.0003109995320025079,0.006103532511219826,0.006575853392872034,0.05159741355666789
1958-12-01,-0.00938033286006662,-0.002767460059893535,0.01221839929805205,0.006103532511219826,0.006103532511219826,-0.008872739348199151,-0.01089106695742619,0.007510529831051826,0.003277443582192063,0.01556158997118473,0.008967428468167782,0.009567621164023876,0.006551215536036017,-0.01818806873049982,-0.006821691635350979,0.01028704736381769,0.001826686290345588,0.006103532511219826,0.006693097039131919,0.004112466152534478
1959-01-01,-0.005162865868183403,0.008995894702323037,0.01096647372432635,0.007833788486960994,0.006726120582071036,0.00539219789554921,-0.03928118005711008,0.01026140619069338,-0.004609846975654364,0.01018741633743048,0.01449761539697647,0.01365015655755997,0.008218648593567959,-0.01382053247115937,-0.006950501957448576,0.01630390994250774,0.002700543817525677,0.008026218540264477,0.0066863941017641345,0.004589790067670482
1959-02-01,-0.00223669607263835,0.005923980889576871,0.008431743236460417,0.006919525603239615,0.005671376242300675,0.00539219789554921,-0.03460817906286802,0.01079118065536022,0.01602842658758163,0.01013150345534086,0.0141790360212326,0.01460579410195351,0.005972801234911731,-0.01818150048863493,0.01063286836868957,0.02498853951692581,0.00529016238656134,0.0076756344198500165,0.006680962485095498,0.001446203967309387
1959-03-01,-0.006940894662734759,0.008347775600072516,0.008269554460763866,0.007526814074263745,0.005981108426717167,0.00539219789554921,0.004152008031801322,0.00670014601200819,0.004608912859112024,0.01015599630773067,0.01441144198179245,0.01378310471773148,0.006821590478246118,-0.01989087246751983,-0.00127168621999586,0.02420749701559544,0.005765918406945859,0.006760868245127154,0.006667435977297601,0.03707120537721272
1959-04-01,-8.556194481215695e-05,0.00887594730766581,0.01021663436957196,0.008186026241845275,0.00674267416859026,0.00539219789554921,0.004152008031801322,0.009387161582708359,-0.00994256604462862,0.0101620014756918,0.01349638402462006,0.01410855352878571,0.007755907894230476,-0.01563631298817396,-0.01753151953987022,0.02051015943288803,0.004736855964778955,0.007970967068037876,0.006745796207709753,0.02135713053490704
1959-05-01,-0.008165949754072616,0.007356848268230729,0.008842593411372772,0.007653915443220292,0.005940932225744884,0.00539219789554921,-0.03032179935401904,0.00862267054617405,-0.003391961101442575,0.01015283353626728,0.01389344781637192,0.01428820937871933,0.006522767813755557,-0.02173864162954637,-0.009622627829060303,0.02784429676830769,0.0027043583397233,0.006939808040993143,0.006783357478473756,-0.00292785012323058
1959-06-01,0.005541344544585519,0.006797348789001479,0.00899695006715755,0.007706470389474285,0.006755524418212991,0.008515087145560443,-0.02592577284879505,0.007717031054198742,0.007645721081644297,0.01015505194664001,0.01369910687208176,0.01435078307986259,0.006832322484732215,-0.01280453337119714,0.00307392604873294,0.01502442546188831,0.005255049197736309,0.007676095735559291,0.006758456946161694,0.0314213380048735
1959-07-01,-0.002216034558056995,0.007171196025099511,0.008989753434631206,0.007324064940031291,0.006132613586534445,0.00539219789554921,-0.03032179935401904,0.009910017251968384,0.01039622910320759,0.01016054209321737,0.01478876918554306,0.01454384997487068,0.006612157688529575,-0.01603888361626583,0.01009387801243538,0.02083868905901909,0.005236077545143433,0.008156909187331248,0.006821533368306736,-0.01363872061743168
1959-08-01,0.00278147284573324,0.006067683942708868,0.008674921920798426,0.007915593004635301,0.006580851484741881,0.008515087145560443,-0.02592577284879505,0.004912266973406076,-0.0009416905231773853,0.01014845538884401,0.01303918659687042,0.01467547193169594,0.006619506580076547,-0.01312206245511408,-0.01984941814000835,0.01630390994250774,0.002899716486905253,0.006600179032409214,0.006769338842832914,-0.04603819027728145
1959-09-01,0.004252309989204922,0.003341370015094908,0.00486122594746856,0.008196248856263258,0.007138560070671485,0.008515087145560443,-0.01883169922787798,-0.004037697799503803,-0.0117547269910574,0.01017800159752369,0.01376251503825188,0.01400282979011536,0.006297268623366293,-0.01120867825194155,0.002305293872415207,0.01814263686537743,0.003447534096308293,0.0055792472854174265,0.006634968539728297,0.009396448503954291
1959-10-01,-0.00816124992703729,-0.002154587469483409,0.001481177091817111,0.007071787718143368,0.006101370648655891,0.008515087145560443,0.00814527486712927,0.002613706048578024,0.004303939174860716,0.01015523914247751,0.01343438401818275,0.01457656919956207,0.004061281773084076,-0.01741426475839019,0.03460868017740361,0.03139437735080719,0.007420798262584447,0.006586579183399629,0.00664197737212481,0.01532562929639074
1959-11-01,0.01523331585116738,0.002445177496136584,0.007622141159143317,0.008386558751323922,0.008390798562853491,0.008515087145560443,-0.02214394693541563,0.0004303609021008015,-0.01420428790152073,0.01020209770649672,0.01339595392346382,0.01431082934141159,0.007622154556664073,-0.004568823674470807,0.02144167140420018,0.02200609631836414,0.006192824037967456,0.008388678657088706,0.006663961301047003,0.02660288855716196
1959-12-01,0.01112917837141139,0.007424635538352138,0.00822987174739966,0.008467617249178095,0.007444051962625899,0.008515087145560443,-0.03741587297493611,0.001849938649684191,-0.009757570922374725,0.01016685832291842,0.01321075111627579,0.01472409442067146,0.007843372452189338,-0.003490879067232911,-0.01017508515094586,0.02483417093753815,0.00393751373739471,0.0080366220997945,0.0067143121274513325,-0.07588965991820208
1960-01-01,-0.02904003417502266,-0.01460793560632824,-0.004558238640931678,0.006537091596304429,0.006537091596304429,0.00836151912958173,0.007496295121415758,0.01695802807807922,-0.006795194931328297,-0.05703170970082283,0.01502544432878494,0.02425067499279976,0.005697482175577277,-0.02563286671572539,0.01852214601079538,0.009570936672389507,-0.001169329379257914,0.006537091596304429,0.00650624166889805,0.01052943964363961
1960-02-01,-0.01190232181595507,-0.0158803129948661,-0.006210476772078016,0.006537091596304429,0.006537091596304429,0.00836151912958173,0.007496295121415758,0.01607370376586914,-0.00382548850029707,-0.0612257681787014,0.01538039557635784,0.02479478530585766,0.005544936203254901,-0.03216890269151754,0.006052594711338936,0.0117670064792037,-0.001416740716745417,0.0062948431538216824,0.006516350206523029,-0.01554547390737154
1960-03-01,-0.01687268383419854,-0.01999595965133072,-0.006813856312169617,0.006537091596304429,0.006537091596304429,0.00836151912958173,0.007496295121415758,0.01163514610379934,-0.01316458638757467,-0.06260678917169571,0.0139736570417881,0.02117536589503288,0.00532882093969901,-0.03827510031859539,-0.01130032447385749,0.003133147954940796,-0.005303197798159729,0.0042309844473199035,0.006461057414257629,-0.01973506605083885
1960-04-01,-0.005613047266390392,-0.01563046360784691,0.0002564385028246043,0.006537091596304429,0.006537091596304429,0.00836151912958173,0.007496295121415758,0.01545604132115841,0.007105328142642975,-0.01861522346735001,0.01339974161237478,0.02301793172955513,0.006117124393618736,-0.02611261084546269,0.01861851549066928,0.008733631111681461,0.003479087785067607,0.006821209869473701,0.006395567105594886,0.03106257866852721
1960-05-01,-0.03014641782526828,-0.01813918227420478,-0.005212091129395141,0.006537091596304429,0.006537091596304429,0.00836151912958173,0.007496295121415758,0.03310695663094521,-0.003757153637707233,-0.04852202162146568,0.01664114184677601,0.0246435422450304,0.005449986044156779,-0.03804591934303909,0.01542171272159059,0.02134468778967857,0.000107327430668982,0.006537091596304429,0.006457080850140853,0.01886941636681805
1960-06-01,-0.003098212688395108,-0.01038210481865208,0.0005034940220047671,0.006537091596304429,0.006537091596304429,0.005500139487755139,0.007496295121415758,0.01443894673138857,0.009255939163267612,-0.04829197004437447,0.01693195290863514,0.02678471244871616,0.005875650372614187,-0.03595568682817109,0.01363339458987132,0.01855951547622681,0.002145390570931973,0.006537091596304429,0.00648795730665,-0.02561457577590605
1960-07-01,-0.03181940048912746,-0.02078908747103158,-0.005092179444004729,0.006537091596304429,0.006537091596304429,-0.001925044818909172,0.007496295121415758,0.006891882047057152,-0.01289270538836718,-0.06210270524024963,0.01358713209629059,0.022053312510252,0.005277516586258972,-0.03911973029145756,-0.01212160997764249,0.005006540566682816,-0.007029725062513977,0.0015407478738868221,0.0064082984156262875,0.02968581351614727
1960-08-01,-0.02925450843063329,-0.00434354085319964,0.007482162774743755,0.006537091596304429,0.006537091596304429,0.005500139487755139,0.007496295121415758,0.007310831919312477,0.003549314104020596,-0.009011812508106232,0.01490612141788006,0.0246578510850668,0.006485645716924502,-0.03260155296692659,0.01672943874118578,0.01064068265259266,0.002663828215915038,0.006537091596304429,0.006465916027261241,-0.06220256072662672
1960-09-01,-0.01994280713098223,-0.01831145732966185,-0.003763388388540574,0.006537091596304429,0.006537091596304429,0.00836151912958173,0.007496295121415758,0.02563975192606449,0.002101103775203228,-0.0480525866150856,0.01142485253512859,0.02183809317648411,0.005613816505732441,-0.03572419866250402,-0.01375293732573195,-0.0133617389947176,-0.003584968692812788,0.0038574601404678345,0.006296364232807196,-0.00267930498394146
1960-10-01,-0.006383456427824175,-0.01636892319952064,-0.0005750834490395734,0.006537091596304429,0.006537091596304429,0.00836151912958173,0.007496295121415758,0.01790916174650192,0.001496094278991222,-0.02900061011314392,0.01062029227614403,0.02269021794199944,0.005923912978173025,-0.03133568710047571,-0.00152146972068908,-0.01508001331239939,-0.0007933479161047816,0.0037100036285821238,0.006274256673160031,0.04285226101022144
1960-11-01,-0.007626848184823398,-0.01232094737106363,0.001816048594603284,0.006537091596304429,0.006537091596304429,0.00836151912958173,0.007496295121415758,0.01535236649215221,0.004837090149521828,-0.01460843160748482,0.01685425825417042,0.02548668347299099,0.006041767267381401,-0.03329757860590179,0.008883230800397735,0.01267987117171288,0.003314344242328966,0.006537091596304429,0.006364128919688438,0.04638563583379057
1960-12-01,-0.01858168026324392,0.004251450363561107,0.004573507487932085,0.006537091596304429,0.006537091596304429,0.005500139487755139,0.007496295121415758,0.01252914685755968,0.009652752429246902,-0.05243866145610809,0.01526477187871933,0.02516711130738258,0.006130589748325616,-0.03132730274488908,0.03335962796950617,0.02307945303618908,0.003608211525997576,0.006537091596304429,0.006462220848399473,0.06073737621867397
1961-01-01,0.009567573026638743,0.01016065848122626,0.01329215772702626,0.006625082872425701,0.006625082872425701,-0.0002005265418390638,0.003565140378930175,0.008761696517467499,0.006492722313851118,0.02106148563325405,0.01447871327400208,0.01067824102938175,0.006625082872425706,0.01398905413688181,0.0112900414833373,0.008665794506669044,0.009479875036506508,0.00916463477205312,0.006594922939769338,0.03041409218416609
1961-02-01,-0.004143005795980315,0.00688931292055172,0.008203544666079629,0.006625082872425701,0.006625082872425701,-0.0002005265418390638,0.002542270680193805,0.006458424963057041,0.003726775525137782,0.01526923291385174,0.01479155570268631,0.009630803018808365,0.0066250828724257,-0.02483542823589077,0.005510467816887057,0.01454833522439003,0.004891688217200653,0.0066250828724257,0.006653018474511769,0.02752851415947287
1961-03-01,0.002504932285370687,0.007695497499815757,0.01034487962818795,0.006625082872425701,0.006625082872425701,-0.0002005265418390638,0.002821118743337328,0.01206375099718571,0.002738318406045437,0.01561327837407589,0.01419060677289963,0.009810410439968109,0.006625082872425703,-0.02458602143054779,0.006987574182336461,0.008449915796518326,0.00551931148566447,0.006806328527381082,0.006703810434815811,0.002531722623723049
1961-04-01,-0.007119226394794953,0.00572548608982474,0.007255858401842964,0.006625082872425701,0.006625082872425701,-0.008952135162244215,-0.007349506560290791,0.007356312125921249,0.004316022619605064,0.00909956730902195,0.01420185994356871,0.009367581456899643,0.006625082872425699,-0.002324325375875638,0.037064581284559,0.008915562182664871,0.00608955540862373,0.006625082872425701,0.006693684008089858,0.02157842026891171
1961-05-01,0.0001247104871498483,0.007546981989418041,0.01136913831294172,0.006625082872425701,0.006625082872425701,-0.0002005265418390638,-0.00792026650952324,0.01343522407114506,0.004972209688276052,0.01616776175796986,0.01433726027607918,0.009983450174331665,0.006625082872425704,-0.01812807493113754,0.01705506393026047,0.006101506296545267,0.005919980476180901,0.006625082872425702,0.006729724531723809,-0.02883047899269708
1961-06-01,0.01770832487173804,0.006453821074439107,0.008971586720696124,0.006625082872425701,0.006625082872425701,-0.0002005265418390638,-0.00792026650952324,0.01190816052258015,0.004366951063275337,0.01925165206193924,0.0143579188734293,0.009732093662023544,0.006625082872425703,-0.0188091263085469,0.01213088822316034,0.01426325924694538,0.007005624098599654,0.007798334796560913,0.006643830320312165,0.03124333111712888
1961-07-01,-0.002088076236402558,0.006576042883303686,0.01011008355005623,0.006625082872425701,0.006625082872425701,-0.0002005265418390638,0.00179824904460096,0.01252955570816994,0.004470479674637318,0.01660559512674809,0.0142814926803112,0.00975155457854271,0.006625082872425702,-0.02619393751245833,0.01212211487027375,0.004066891968250275,0.005231548025716958,0.006625082872425701,0.006703106225846663,0.0226307813151172
1961-08-01,-0.006264539352985266,0.006164237454959426,0.01087407067333496,0.006625082872425701,0.006625082872425701,-0.0002005265418390638,-0.00792026650952324,0.01279868837445974,0.001863087760284543,0.02041811496019363,0.01404154486954212,0.009902358055114746,0.006625082872425703,-0.02376212132841506,0.008732104510353007,0.002465855795890093,0.004311741083665423,0.006625082872425701,0.006741393906349716,-0.02024550546008663
1961-09-01,0.007466462040365635,0.004811979372689915,0.008133577610614152,0.006625082872425701,0.006625082872425701,-0.0002005265418390638,-0.00894313620825961,0.003515915013849735,0.004369844682514668,0.01768422871828079,0.01512777525931597,0.008995480835437775,0.006625082872425701,-0.02191420637063893,0.02808661516119484,0.01077341753989458,0.006111417233168597,0.006625082872425701,0.006676677121298311,0.02609169234591766
1961-10-01,-0.002341381444453894,0.006218928052296133,0.01017615233983432,0.006625082872425701,0.006625082872425701,-0.0002005265418390638,-0.00894313620825961,0.01242969185113907,0.005130010191351175,0.0179074089974165,0.01437103748321533,0.009698864072561264,0.006625082872425702,-0.02687244753734194,0.007763364087056268,0.001502601080574095,0.004169738440051672,0.006625082872425701,0.006723124526141897,0.04233875960997024
1961-11-01,0.002161307029217296,0.006304252617474818,0.01046316049394017,0.006625082872425701,0.006625082872425701,-0.0002005265418390638,-0.00792026650952324,0.01219072099775076,0.00435369461774826,0.01527159847319126,0.01436386164277792,0.009858965873718262,0.006625082872425703,-0.02495323914645859,-0.001174124085462579,0.001502601080574095,0.003881078447524155,0.00646466774495026,0.006808126041855091,0.003190113362395521
1961-12-01,-0.003470073705478416,0.007099666969512626,0.01165693342896428,0.006625082872425701,0.006625082872425701,-0.0002005265418390638,-0.00792026650952324,0.01280244719237089,0.001750219147652388,0.01620573736727238,0.01438207738101482,0.01009451970458031,0.006625082872425705,-0.0135077187786936,0.001002171108445318,0.006101506296545267,0.004741996354881316,0.006625082872425701,0.006799511725951616,-0.03997396613531014
1962-01-01,0.01084210567859756,0.006639847764931529,0.00923451073532744,0.006717931638924752,0.006717931638924752,0.001960325752150533,0.006179994094707676,0.01179445814341307,0.013344906270504,0.01669205725193024,0.02101241797208786,0.00864061713218689,0.006887275752539538,-0.02059839062347431,0.008005896344620777,0.01235621143132448,0.007901756061168549,0.008323256738403832,0.006688410828418927,0.01798376684206411
1962-02-01,0.01713007732922195,0.00691205175120286,0.006939264743976209,0.006717931638924752,0.006717931638924752,0.001960325752150533,0.005746154921959057,0.01072330307215452,0.01432771235704422,0.01384520996361971,0.01834513992071152,0.00864061713218689,0.006717840187238104,-0.02287212999770462,0.0461925803155185,0.02005325816571712,0.01050607930580288,0.0077899409380815495,0.006715177074896759,-0.005845394391566717
1962-03-01,0.0157725370553608,0.005424896309328782,0.005713809741062805,0.006717931638924752,0.006717931638924752,0.001960325752150533,0.005746154921959057,0.009377107955515385,0.01452269963920116,0.01278401724994183,0.01599587872624397,0.00864061713218689,0.006474754195894951,-0.002742502740369541,0.04615186909420038,0.02371530793607235,0.01143583351541243,0.0076792743855558215,0.006685483052517413,-0.06572618554632294
1962-04-01,-0.0167906067796201,-0.01346202234451267,-0.0005148365455613282,0.006717931638924752,0.006717931638924752,0.001960325752150533,0.005620759485897406,0.007497209589928389,0.01025623455643654,0.01587042585015297,0.01301226206123829,0.00864061713218689,0.006049461056081047,-0.02632331696430591,-0.006303866173331531,0.004904234781861305,0.001490796546028207,0.005835110270989227,0.006514700815255997,-0.0854161622944207
1962-05-01,-0.005832736679208195,-0.01489767316757382,-0.001840188859094856,0.006717931638924752,0.006717931638924752,0.001960325752150533,0.006929756304144219,0.006911965552717447,0.01214784849435091,0.01459042262285948,0.0122829508036375,0.00864061713218689,0.005926586361410512,-0.02069644279494222,-0.01118906831161276,-0.02574869431555271,0.0001638457608326522,0.006322259000167632,0.006298392902056758,-0.08650725971910293
1962-06-01,0.001329631784187046,-0.01185566180994451,-0.0004466651787314296,0.006717931638924752,0.006717931638924752,0.008825214621427324,0.007437773924977777,0.006469594780355692,0.01122672483325005,0.01795733720064163,0.01293014921247959,0.00864061713218689,0.00615925001341645,-0.02355412800330751,0.02519372466216603,0.001597703085280955,0.005334195596014718,0.006717931638924752,0.006080539257406149,0.06116457229496699
1962-07-01,0.01330990339227245,-0.01118501356528637,0.0002547846761641968,0.006717931638924752,0.006717931638924752,0.008825214621427324,0.008197626244517203,0.005239136051386595,0.007739236578345299,0.02050973102450371,0.01219065487384796,0.00864061713218689,0.006247963535524446,-0.0236323152290784,0.01840920810783001,0.005823350511491299,0.005875372577061382,0.007228584108635026,0.00620954167669786,0.01874218180974078
1962-08-01,-0.009058330455942565,-0.01347925531965564,-0.00201081746358805,0.006717931638924752,0.006717931638924752,0.008825214621427324,0.008082912467080514,0.007433374878019094,0.01219541300088167,0.01515514962375164,0.008121659979224205,0.00864061713218689,0.005832474158225314,-0.01583103887068688,0.01572283843347355,0.009607375599443913,0.004542090691355656,0.007758143672549804,0.006238823546167587,-0.05234931894762906
1962-09-01,-0.004988202917034557,-0.01332159476912102,-0.0009323169478266313,0.006717931638924752,0.006717931638924752,0.008825214621427324,0.008197626244517203,0.005998607259243727,0.01250183954834938,0.01754869520664215,0.01284735091030598,0.00864061713218689,0.00598372302224104,-0.02476161667373514,-0.01012399868670187,0.005050250329077244,0.002806378597338827,0.00635826944908424,0.00610225444944545,0.00617786396893584
1962-10-01,-0.0006289681734988894,-0.01195089199131506,-0.001606796434565952,0.006717931638924752,0.006717931638924752,0.008825214621427324,0.007437773924977777,0.006213725544512272,0.01187521871179342,0.01381525956094265,0.01004111580550671,0.00864061713218689,0.005977618150187891,-0.02453950410761538,0.004289350082489137,-0.02231568284332752,0.001844369578846923,0.006465828591718513,0.006102430285537287,0.1003033607512626
1962-11-01,0.004141095333619949,-0.007339777531936051,0.002423683988415809,0.006717931638924752,0.006717931638924752,0.008825214621427324,0.008082912467080514,0.008416580967605114,0.01057878602296114,0.01935529336333275,0.01170686632394791,0.00864061713218689,0.00624400977400741,-0.02919508552926644,0.007085579142223866,0.007959133014082909,0.005022548272971162,0.007522356078153387,0.0063209939293092715,0.01341264103675906
1962-12-01,-0.008605594946752781,0.00200911260755806,0.005956983622228068,0.006717931638924752,0.006717931638924752,0.008825214621427324,0.008208307903142165,0.01128018740564585,0.0139958094805479,0.01556115411221981,0.02251404151320457,0.00864061713218689,0.006518251401965778,-0.03050832344923192,-0.006486522409177685,0.01698346622288227,0.005520535530980988,0.007463119771033458,0.006337409779095035,0.04684512400154319
1963-01-01,0.003882261914453816,0.007892513637213775,0.008430081479360817,0.006459065921654227,0.006459065921654227,0.001220612801640537,0.007368687010905517,0.006713663227856159,0.008924235589802265,0.005558529868721962,0.006136269308626652,0.0078209787607193,0.00665747361427357,-0.02923632346868735,-0.01202778715593571,0.01174739375710487,0.00337542013683529,0.0065582697679638985,0.006430961082149188,-0.02698426384985816
1963-02-01,-0.001075973918587853,0.006695940530452968,0.007512056974225361,0.006459065921654227,0.006459065921654227,0.001220612801640537,0.007368687010905517,0.01246683020144701,0.01171691901981831,0.00621066614985466,0.00696768332272768,0.0078209787607193,0.00598357717289621,-0.02669972179582617,-0.01516598576808166,0.01123004872351885,0.003448153189313698,0.006577503226053598,0.00635396747631507,0.03362947369339373
1963-03-01,0.002516803335903067,0.00801590043164257,0.007999803310214404,0.006459065921654227,0.006459065921654227,0.001220612801640537,0.007368687010905517,0.01060217898339033,0.009549181908369064,0.005589595064520836,0.004856483079493046,0.0078209787607193,0.006420237606353754,-0.02983875066705623,0.0002581894545307116,0.01223020628094673,0.004220514950305131,0.006459065921654227,0.00641666978945778,0.04560669835837101
1963-04-01,0.008996795173209393,0.00919495113261073,0.008623157716454794,0.006459065921654227,0.006459065921654227,0.001220612801640537,0.005457316896312363,0.01507435273379087,0.004460515454411507,0.004990812391042709,0.004869692958891392,0.0078209787607193,0.006654738259535895,-0.02919772879136764,0.003344718345684271,0.007812193129211664,0.004515077425341016,0.006459065921654227,0.006506555176083727,0.01698216533889698
1963-05-01,0.004320765533463944,0.009208641040835156,0.008728875946343433,0.006459065921654227,0.006459065921654227,0.001220612801640537,0.005457316896312363,0.01216286886483431,0.005397582892328501,0.005298959091305733,0.008779657073318958,0.0078209787607193,0.006793448588066535,-0.03077473014355504,0.003214495605977125,0.008311780169606209,0.004303711560281595,0.006459065921654227,0.006530526824053552,-0.02118246950313719
1963-06-01,0.01963506211610797,0.007923919859884344,0.007611168310456882,0.006459065921654227,0.006459065921654227,0.001220612801640537,0.005457316896312363,0.01618637517094612,0.008139334619045258,0.005620596930384636,0.01200708094984293,0.0078209787607193,0.006595303739895178,-0.02641246218214175,0.01599152844314246,0.01715130917727947,0.007366641089801509,0.007716073535588091,0.006467255142941244,-0.004119017260953167
1963-07-01,0.02679816003557256,0.008339079088533471,0.006200317940901194,0.006459065921654227,0.006459065921654227,0.001220612801640537,0.007368687010905517,0.02574470266699791,0.006381643936038017,0.005795909091830254,0.0133458198979497,0.0078209787607193,0.006432847142618412,-0.02681765688374376,0.05023819331646397,0.01791468635201454,0.01060638206260938,0.006913876466279872,0.006443140627214834,0.04939311580201881
1963-08-01,0.008875431118413712,0.009244046478108945,0.00800470154505584,0.006459065921654227,0.006459065921654227,0.001220612801640537,0.005457316896312363,0.01446584518998861,0.00567958876490593,0.005285590887069702,0.008344900794327259,0.0078209787607193,0.006423550171111209,-0.03455295214991084,0.01047595481049236,0.007480796426534653,0.004821530896129877,0.00696993117409444,0.00654075420715757,-0.01295133810244602
1963-09-01,0.008913320280136361,0.00775055512221886,0.007186891907321989,0.006459065921654227,0.006459065921654227,0.001220612801640537,0.005457316896312363,0.0131961340084672,0.007672504521906376,0.00593128427863121,0.01055158022791147,0.0078209787607193,0.006040069288046001,-0.03003427542366271,-0.0002544160980929885,0.009620396420359612,0.004624442802201503,0.006822978914488108,0.0064965544513534805,0.03154080047115343
1963-10-01,0.007525196351360841,0.009506451095893329,0.008740121329341186,0.006459065921654227,0.006459065921654227,0.001220612801640537,0.005457316896312363,0.008830956183373928,0.005133392289280891,0.005510328337550163,0.01098104659467936,0.0078209787607193,0.007060074540041131,-0.03362026451678859,0.002627778222858063,0.006002857349812984,0.004107186129961497,0.006459065921654227,0.006553215641443525,-0.007395913436948882
1963-11-01,0.003938529567617866,0.007235706588801892,0.006489688749090181,0.006459065921654227,0.006459065921654227,0.001220612801640537,0.005457316896312363,0.01731456443667412,0.01225167978554964,0.00593222863972187,0.0102838883176446,0.0078209787607193,0.005419808942890617,-0.0301608175865621,0.00262812391552343,-0.02151821181178093,0.002952014365446989,0.006195647280688049,0.0065217277654200665,0.02303960899439706
1963-12-01,0.002875603930592829,0.008945595881791052,0.007460859800107997,0.006459065921654227,0.006459065921654227,0.001220612801640537,0.005457316896312363,0.0176474004983902,0.003980063367635012,0.005509333685040474,0.008209806866943836,0.0078209787607193,0.006427232745522019,-0.03482935498553728,-0.008107489549459857,0.01317094825208187,0.00366919004969305,0.006443149333588123,0.006558930200620466,0.0241258025842582
1964-01-01,0.003908689998203235,0.009424553800669944,0.003999240713813276,0.007648164668113872,0.0068752472372432,0.002201596796841317,0.006040730890840949,0.00774645758792758,0.005617726128548384,0.009906474500894547,0.008557037450373173,0.009451395832002163,0.007175443616106117,-0.03448262628542913,-0.006591653919611136,0.01036844868212938,0.00361543298116668,0.007025345426674658,0.006598406318336505,0.01388127357664004
1964-02-01,0.002296425288650566,0.009085499217550598,0.005919410218261804,0.007641031610339227,0.006873533934575828,0.002201596796841317,0.005636789135346113,0.007597181014716625,0.005556254647672176,0.0104362741112709,0.008904208429157734,0.009460975416004658,0.007136448207998834,-0.03554906614709483,0.0007097841424054863,0.01036844868212938,0.004017174669114151,0.007004991071287331,0.0066147356171219395,0.01448662100878762
1964-03-01,0.003358643649695597,0.008297697829279685,0.005164815828894544,0.007468259635828872,0.006846121091897882,0.002201596796841317,0.004668007616880321,0.004942500963807106,0.005439080763608217,0.01198377832770348,0.01111026294529438,0.009416920132935047,0.006154507012280078,-0.0290911675757443,0.01310477323908021,0.01144968345761299,0.005157217607243464,0.00650031405208898,0.006632346098982489,0.003075715736361061
1964-04-01,0.003566952552318176,0.008474428249793525,0.005101577194724238,0.007439158697476982,0.006840410083006643,0.002201596796841317,0.005656201958786561,0.004725062288343906,0.005484396126121283,0.01121427584439516,0.01010208204388618,0.009461418725550175,0.006483783366728496,-0.03488773516824085,0.000135753573772566,0.01144968345761299,0.003965565361944834,0.006069992662757528,0.006624407191923066,0.01378430713917296
1964-05-01,0.004392161846825754,0.00842165833265127,0.005028340186282633,0.007428910827182458,0.006838696780339272,0.002201596796841317,0.005795669482345692,0.004724433179944754,0.005497313570231199,0.01114812586456537,0.009919597767293453,0.00947355106472969,0.006509541587009104,-0.03561151210359793,-0.00335199393294642,0.01144968345761299,0.003741610919206913,0.006152605534677398,0.00664035351697262,0.01532187465507914
1964-06-01,0.004476559218517612,0.00810234306950256,0.004670638735014885,0.007356363172410204,0.006827845863445918,0.002201596796841317,0.004152986658287583,0.003925462253391743,0.005476068239659071,0.01146383956074715,0.01036831457167864,0.009461913257837296,0.006250693719694736,-0.03397195865978743,0.005080789033454125,0.01144968345761299,0.004205821184269275,0.0058633809796769035,0.006659645786168412,0.01573791947598189
1964-07-01,0.005117025335123232,0.008320280463031285,0.003757079284893638,0.007564790520356987,0.006862683017682475,0.002201596796841317,0.004093877065512996,0.006662287749350071,0.005557435564696789,0.01043046824634075,0.009458735585212708,0.009450111538171768,0.006772332341626831,-0.0361250916961402,0.002480123466866414,0.01036844868212938,0.003935761497606027,0.0067173100454884505,0.0066797749961236535,-0.01468354877498944
1964-08-01,0.007597688041048295,0.007119026758466841,0.005403943889647565,0.007551724800280091,0.006855829807012988,0.002201596796841317,0.005745062966296052,0.008542006835341454,0.005708865355700254,0.01166253723204136,0.01013435982167721,0.009570572525262833,0.006219879783121868,-0.03309110557717923,-0.00344489131572667,0.01036844868212938,0.0042590966501226,0.006987428282739914,0.0066325110054795975,0.02715098906595091
1964-09-01,0.00555723684804918,0.008133595358309114,0.007044676683370335,0.007425755628763714,0.006838696780339272,0.002201596796841317,0.005322714326586377,0.004866886883974075,0.005463350098580122,0.01185291260480881,0.01013252791017294,0.009468656964600086,0.006463802855292813,-0.03397008383483285,0.003000451611933808,0.01144968345761299,0.004453278810900132,0.006651249817816043,0.006677805659034721,0.005915853300020348
1964-10-01,0.0001568861877046801,0.007872923763085356,0.002947753177318849,0.007448307951699634,0.006842694486563139,0.002201596796841317,0.004292454181846713,0.005514409393072128,0.005552627146244049,0.01103446818888187,0.0099699217826128,0.009451461024582386,0.00632445097906903,-0.03716284026890536,0.0004225493390393469,0.01144968345761299,0.003394959224204308,0.005938539062656539,0.006676127349873898,-0.001297081748328395
1964-11-01,0.008005527855032252,0.006963287804619233,0.007217688216121627,0.0075527284624798,0.006857543109680359,0.002201596796841317,0.005605595442736922,0.00893666036427021,0.005694891791790724,0.01243212446570396,0.01032827794551849,0.009569095447659492,0.006156798631110961,-0.03297604744429593,0.005144532153746567,0.01036844868212938,0.005003671857821586,0.00709048801037043,0.006658603813394332,0.00232056793693085
1964-12-01,0.01039196357497904,0.008064429380270778,0.00465487674520397,0.007508767383297974,0.006850118798121749,0.002201596796841317,0.005745062966296052,0.0008919923566281796,0.005593111738562584,0.01098822802305222,0.009875549003481865,0.009402291849255562,0.006732848221543981,-0.03945421977853751,-0.003586376459020997,0.01433443278074265,0.003762167086294962,0.006791483509832864,0.0066490905768231395,0.03110330267260967
1965-01-01,0.005304762444099248,0.009336980113464989,0.004631941087911012,0.007762814072654925,0.006854029342560367,0.006526007317929974,0.004881504792672933,0.006164114456623793,0.009092920459806919,0.01023205369710922,0.01660130172967911,0.005023444537073374,0.006822896258164316,-0.006881498465501673,0.004342679093322537,0.02210284024477005,0.007424924448896318,0.0066744517880471445,0.006702600887754839,0.000946898976833109
1965-02-01,0.008486295727241383,0.006886372623211122,0.006733428615173084,0.00784781284695249,0.006854029342560367,0.006526007317929974,0.00772245190402478,0.006432854104787111,0.008830182254314423,0.007655585650354624,0.01670336723327637,0.005023444537073374,0.006757555741978813,-0.007907069848887721,0.007758402513899364,0.02725661359727383,0.008097958385072712,0.007270979136782873,0.006690033853014836,-0.01528066341343681
1965-03-01,0.01560453137213505,0.01117412384140696,0.008391915244224741,0.007724681425213296,0.006854029342560367,0.006526007317929974,0.00772245190402478,0.008312501944601536,0.008397694677114487,0.009602464735507965,0.01585960388183594,0.005023444537073374,0.006681467417587018,-0.00991852580111407,0.02838843446434734,0.0301172062754631,0.01040387703624449,0.008352208594413138,0.0066421674101685355,0.03139708957642376
1965-04-01,0.001929444584623935,0.008178895631222,0.002291524564862522,0.007777918203454332,0.006854029342560367,0.006526007317929974,0.00772245190402478,0.006798249669373035,0.008851772174239159,0.008958946913480759,0.01665639504790306,0.005023444537073374,0.006755385351298181,-0.007405916810628044,0.008662476757676875,0.02870178408920765,0.007767675579893871,0.0072882406232925735,0.006695982458356046,-0.006220082254827453
1965-05-01,0.004728892853978178,0.004891157354918864,0.004707599990935783,0.007838913194600172,0.006854029342560367,0.006526007317929974,0.00772245190402478,0.006939779501408339,0.00869046337902546,0.006717554293572903,0.01669369079172611,0.005023444537073374,0.006722638929579913,-0.008342907841075132,0.00973400463538513,0.02725661359727383,0.007669020861432377,0.0067883341360701396,0.0066679649644012014,-0.0511096700090623
1965-06-01,-0.00911802770978648,-0.0002321364849012112,0.003914152923429415,0.004637559366450313,0.006514876977772708,0.0004592846339061844,0.00742341058178134,0.009285696782171726,0.006917021702975035,0.008986733853816986,0.0151319969445467,0.005023444537073374,0.006165159815400287,-0.01959587558547009,-0.00212509732716255,-0.02499099634587765,0.00114982529163288,0.004830501951761844,0.006542905148441323,0.0108921339084457
1965-07-01,-0.002196617488942953,0.01170262180122154,-0.003769245788692563,0.007836884770313926,0.006854029342560367,0.006526007317929974,0.00717026834995964,0.00751981046050787,0.005794931668788195,0.01262033358216286,0.01592709869146347,0.005023444537073374,0.006230287158303851,-0.01175891877289204,0.02055494141024839,0.008292916230857372,0.006520549579428954,0.007012148846260004,0.0065522987310763225,0.02409185493666144
1965-08-01,0.03324074466446394,0.01910695308862052,0.0002948802618891735,0.007946155549512834,0.006854029342560367,0.006526007317929974,0.007937352592140614,0.003523231483995914,0.006691367831081152,0.01357074826955795,0.01549362577497959,0.005023444537073374,0.006549534113276695,-0.007906278502316117,0.002720862335024162,0.01269147172570229,0.008766508149093277,0.006772698586820759,0.006590099498760773,0.02953073911499075
1965-09-01,0.00447000480130641,0.01080143654620334,0.005708072338132242,0.008009012428338229,0.006854029342560367,0.006526007317929974,0.007937352592140614,0.006501838099211454,0.008526652120053768,0.00879039615392685,0.01688106544315815,0.005023444537073374,0.006898701499175176,-0.005968049522592037,0.002309402158139018,0.01135844271630049,0.006914238035691089,0.006876365420867772,0.0066394342076128805,0.02530758960888427
1965-10-01,0.002392409672714896,0.009646344138007653,0.004352934451439834,0.00781194404713545,0.006854029342560367,0.006526007317929974,0.00772245190402478,0.006280034314841032,0.008746480569243431,0.00950836855918169,0.01678681559860706,0.005023444537073374,0.006806812300549531,-0.006432099245805839,0.008236261166285777,0.0273880660533905,0.007978144045448719,0.0072882406232925735,0.0066794946269289135,-0.00692251974168964
1965-11-01,0.006841251942694054,0.006664700823382157,0.00573769490388245,0.008100140676464047,0.006854029342560367,0.006526007317929974,0.007937352592140614,0.006806949153542519,0.008436872623860836,0.006007380783557892,0.01710927486419678,0.005023444537073374,0.006843182794240425,-0.005012377519545927,0.00791357302673667,0.0207507535815239,0.007658764465265008,0.00684221736846724,0.006650368257831229,0.006802916223112392
1965-12-01,0.0008781155714537581,0.01109426121675777,0.005363580860317144,0.00815206593781259,0.006854029342560367,0.006526007317929974,0.007937352592140614,0.007024798542261124,0.008341577835381031,0.007179145701229572,0.01702011376619339,0.005023444537073374,0.006844364810761226,-0.006421790502644764,-0.006024173756405483,0.0207507535815239,0.006658977959646598,0.006939413942410745,0.006650694215022001,0.002399192792491719
1966-01-01,0.0007492548180027814,0.01074434304733737,0.008441626415353226,0.007998912344306768,0.006668022254288066,0.004460071339539247,0.007496928658493634,0.02204278111457825,0.01627778075635433,-0.05769405514001846,0.01106208842247725,0.007565941661596298,0.006922705409605536,0.0008202518218692802,-0.006335880093748912,0.002990208799019456,0.003138186351815882,0.007209817034049585,0.006641629180005945,-0.01662477705407456
1966-02-01,0.02738437758871076,0.02030111162436415,0.008404141623226951,0.00843200266035422,0.006668022254288066,0.004460071339539247,0.007496928658493634,0.04050743952393532,0.01928669773042202,-0.06106289476156235,0.01146002020686865,0.007565941661596298,0.007105405556879294,0.004402359860210777,0.0382327022445887,0.01679045706987381,0.01046467405261185,0.008418072141790585,0.006592126188018539,-0.02680345868987982
1966-03-01,0.009944804122666434,-0.004242077745564797,0.007783221815533435,0.006812363533217855,0.006668022254288066,0.008490244073286508,-0.02871058534086448,-0.01653964631259441,0.01074817590415478,-0.04979429394006729,0.01025678031146526,0.007565941661596298,0.005546633553833085,-0.03409348429270029,-0.03050775460155854,0.01327514834702015,-0.004799781666017995,0.006740192893752961,0.0065212226107830866,0.01812523706223438
1966-04-01,0.02827274213964628,0.03722056987902726,0.008125640327789528,0.007877291091170155,0.006668022254288066,0.008490244073286508,0.007812820964562551,0.01251097209751606,0.02062977477908134,-0.06340885907411575,0.0106015894562006,0.007565941661596298,0.006619594914692493,0.0004295747352318548,0.006469735896887039,0.02032127231359482,0.007887932969403443,0.008001465709479842,0.00654580738716328,-0.05378267380124353
1966-05-01,-0.003096715147556883,0.001826111225079043,0.00771686300116224,0.005229406705782428,0.006668022254288066,0.008490244073286508,0.007812820964562551,-0.008038278669118881,0.01861084997653961,-0.06414434313774109,0.01018061488866806,0.007565941661596298,0.005902734430104542,-0.0172971931017143,0.01554763592038464,0.01068174745887518,0.0008535289065123758,0.007116981957942182,0.006418263029471087,-0.01857601210422708
1966-06-01,0.01188635637723315,0.006552626166283658,0.007670671327429844,0.00510185270859037,0.006668022254288066,0.008490244073286508,0.007812820964562551,0.001761838793754578,0.01600109599530697,-0.06455235183238983,0.0104825459420681,0.007565941661596298,0.005995350303706587,-0.01587229394957835,0.0131386031997629,0.01540111284703016,0.002756527302058223,0.007618306494513071,0.00636553249121434,-0.01599696707760301
1966-07-01,0.004856214243195545,0.001649574556346601,0.007736245181076636,0.005164146521172538,0.006668022254288066,0.008490244073286508,0.007812820964562551,-0.01133355312049389,0.01634196192026138,-0.06939086318016052,0.01007307413965464,0.007565941661596298,0.005806665397982225,-0.02027880182119045,-0.005606753844203011,0.009063848294317722,-0.0009613257973941978,0.006237343826135146,0.006318453544753672,-0.07784035138291268
1966-08-01,-0.001428535688832444,0.00350247647767993,0.007864515036040593,0.005665463393857604,0.006668022254288066,0.008490244073286508,0.007812820964562551,-0.01342079788446426,0.01598440296947956,-0.06865350902080536,0.01003779377788305,0.007565941661596298,0.006040751188118169,-0.01604082994786282,0.01462045345871257,0.03110349923372269,0.001613294496703919,0.007116981957942182,0.006141649332720759,-0.01035116807439778
1966-09-01,-0.0009554147590032369,0.00486185450036178,0.007777146128260522,0.004069555242943015,0.006668022254288066,0.008490244073286508,0.006253795286168072,-0.02663324028253555,0.008877476677298546,-0.06295734643936157,0.01063934899866581,0.007565941661596298,0.005116357950536925,-0.03106596766210785,-0.03267089227743482,0.007640256080776453,-0.004770178910391314,0.005685076618352498,0.006107073195598918,0.04320640055946311
1966-10-01,-0.003587783111296899,0.005994095692416919,0.007947795263342678,0.004378057933826133,0.006668022254288066,0.008490244073286508,0.007812820964562551,-0.003641527146100998,0.01651815325021744,-0.05721659958362579,0.01087700389325619,0.007565941661596298,0.005573549378284495,-0.01866879932623975,-0.007221876420980022,0.00792957004159689,-3.633319884808128e-05,0.006331058973352493,0.006184686851171855,0.006667617423025012
1966-11-01,-0.009242057976994428,-0.001889542200245969,0.008156248619151618,0.005493413816249711,0.006668022254288066,0.008490244073286508,0.007812820964562551,0.01821887493133545,0.0180832277983427,-0.05727111175656319,0.01050344668328762,0.007565941661596298,0.006108331433491818,-0.0171091409681708,0.01452617592319678,0.00888063944876194,0.002187220919098543,0.007689381313079425,0.006185695056958605,-0.003662075707561479
1966-12-01,-0.0128093473509274,-0.009552451272213162,0.007633187064604594,0.00382927910869751,0.006668022254288066,-0.004654884766941612,0.006253795286168072,-0.01167989708483219,0.007302982266992331,-0.05055510625243187,0.01060000713914633,0.007565941661596298,0.00507531305045712,-0.03386601966417737,-0.007123512466795264,0.008344684727489948,-0.004185500393679912,0.004452296079577315,0.006165178867865856,0.07224653671625995
1967-01-01,0.002477044333948658,0.0007499291313777497,0.005778586193779458,-0.0006371747997845276,0.001495136886503131,0.007443487923430441,0.01283579842263195,0.07072413712739944,0.01785802468657494,0.01300371624529362,0.01051922235637903,0.03067814186215401,0.005901212889394794,-0.01226859751664108,0.008351181554943143,0.01222018618136644,0.01169562709242195,0.007897334739186792,0.006302562148215948,0.003191158930599283
1967-02-01,0.00324384320399343,0.008526944349772511,0.005725813805974498,0.007250532510983929,0.006676790013097707,0.007443487923430441,0.008929773512670524,-0.004911636933684349,0.01036287099123001,0.01182982698082924,0.01063283998519182,0.03260806947946548,0.00632161367055083,-0.007450405579265492,-0.02079144415776985,-0.002805169206112623,0.005224609409397383,0.006963661262040818,0.006296106954818402,0.03672273115134612
1967-03-01,0.01139040702385544,0.00927902650348765,0.005815968730416673,0.006929330676328154,0.006526767344854438,0.007443487923430441,0.008929773512670524,0.06483478099107742,0.01461846567690372,0.01247934252023697,0.01064915768802166,0.03309663385152817,0.006111368759651911,-0.01048260548838646,0.005675290358442634,0.01288742292672396,0.01288653868745271,0.009104400008079088,0.006359102035970635,0.03856344432104845
1967-04-01,0.01455136114797276,0.01060543320250343,0.005846466078956209,0.006412848389330161,0.006387859683312453,0.005377816104195287,0.01283579842263195,-0.02460666000843048,0.01186989806592464,0.01296694204211235,0.01043697912245989,0.0321967639029026,0.006625441984704217,0.0008354291936606487,-0.001833151045850231,-0.002328331349417567,0.006761305933560518,0.006519145187017189,0.006425639933253853,-0.05113591568685912
1967-05-01,0.008159491054109153,0.008250671205050597,0.005959225037771828,0.006959165660935119,0.006688522111341954,0.007443487923430441,0.008929773512670524,0.02060142531991005,0.01092625968158245,0.01189074385911226,0.01061896421015263,0.03322107717394829,0.006199961037595555,-0.01828748273151996,0.006084406824748064,0.01775726489722729,0.00946268479862914,0.008205081129579874,0.006306956313418569,0.01584117135904588
1967-06-01,0.01400313876505269,0.01112005800943602,0.005944129239217315,0.006722605001177058,0.006577244408535226,0.007443487923430441,0.008929773512670524,0.01544757280498743,0.01013721711933613,0.01227587461471558,0.01049926690757275,0.03220656141638756,0.006611662007954256,-0.002915384410951946,-0.001002846851718468,0.01742254942655563,0.01008893186839739,0.009533495316003327,0.0063265740398499,0.04270712190610731
1967-07-01,0.004680557889707254,0.009199080456840598,0.005843731198179096,0.006182563723855828,0.006164684475873402,0.005377816104195287,0.008929773512670524,0.008231927640736103,0.0156361386179924,0.01179412566125393,0.01056626997888088,0.03339854255318642,0.006205934703892134,-0.009666687637492071,0.004240996958997729,0.0164277870208025,0.008950827678723251,0.007218931172314118,0.006401277423558847,-0.009938567389310494
1967-08-01,0.006435974232241709,0.00858275771019676,0.00582164762132772,0.006275329707329566,0.00619956782441851,0.005377816104195287,0.008929773512670524,0.01154306251555681,0.01609823107719421,0.01213215757161379,0.01047301758080721,0.03367470949888229,0.006300267823503162,-0.004808495367410006,0.003071701668554905,0.004636756610125303,0.008796517230700485,0.006368121027872436,0.006367794135007886,0.03016547478712641
1967-09-01,0.004050671449929905,0.009274041308393235,0.005800101425231819,0.005907102659747223,0.005985484468863754,0.005377816104195287,0.01283579842263195,0.008293925784528255,0.01609184965491295,0.01241247449070215,0.01054087746888399,0.03296499326825142,0.0062895872660617,-0.004492644956365909,0.003503710931955803,0.008805852383375168,0.008977602633206168,0.007291756525294978,0.006416460148611401,-0.0310286818259552
1967-10-01,0.01773963870821088,0.00715917661734241,0.005771352231087865,0.006325474328664617,0.006109156563211786,0.005377816104195287,0.01283579842263195,-0.02194254845380783,0.01080654002726078,0.01303508877754211,0.01053243782371283,0.03289392217993736,0.006401407116949523,-0.0004361407464616857,-1.329546854483734e-05,0.004636756610125303,0.007327036302628646,0.006363440722807071,0.006340041491520449,0.002526937086839552
1967-11-01,0.005325916483349263,0.009807870035962691,0.005757428346893279,0.006346048289006236,0.006068650650669088,0.005377816104195287,0.008929773512670524,0.02666245773434639,0.01181624736636877,0.01050688978284597,0.01065953448414803,0.03273738548159599,0.006286806397838833,-0.008089063809362793,0.003822728801256742,0.006696505937725306,0.00929456222496935,0.006521277113365771,0.00633227549476957,0.02312628918925136
1967-12-01,0.006678467168332342,0.007589073742177706,0.005758455750066338,0.006044607429017853,0.005882496394468221,0.005377816104195287,0.008929773512670524,0.04855231940746307,0.01495490875095129,0.01308988593518734,0.01066002994775772,0.03275362029671669,0.006003254917124615,-0.007231850264090159,-0.00455403041560119,0.01544394809752703,0.01099579854837279,0.007133770455255024,0.006366409668945347,-0.04607681484487165
1968-01-01,-0.001301432760482113,-0.006839300022065269,-0.001469054101641804,-0.001001404622917989,-0.003600691733562599,0.007683747596329245,0.0060112306034998,-0.009984959848225117,0.009347232058644295,-0.00298217311501503,0.001817294047214091,-0.003691876772791147,0.005380927668491608,-0.0154685157513603,-0.004042574709304586,0.01158404722809792,-0.0005348440146930623,-0.0013852434310619585,0.006260033959992371,-0.03126044842373123
1968-02-01,0.02252065794751365,-0.005678890792145907,-0.00305001120460238,0.00693971584670899,0.006870646011771425,0.007683747596329245,0.0060112306034998,0.001300767995417118,0.005386490374803543,-0.00665896013379097,0.001817294047214091,-0.003691876772791147,0.005467921742341783,-0.009676592629321155,-0.01157557005669519,0.0001272432273253798,0.001487113362723642,0.0015590310213156044,0.006184081566503052,0.005760842312794492
1968-03-01,0.002727503515574631,-0.007754929674124562,-0.003487058039998625,-0.0006474276015955918,-0.003123429662394091,0.007683747596329245,0.0060112306034998,0.004904014989733696,0.00473969429731369,-0.002983402460813522,0.001817294047214091,-0.003691876772791147,0.005482800913093833,-0.01356092489800404,-0.01107590735528846,0.002034995937719941,-0.0006827296602831951,0.0005849332228092496,0.006183226537707681,0.07694812716256302
1968-04-01,0.02869419128840969,0.0003162959711332696,0.001231758788336904,0.006107881039501464,0.005540700109041653,0.003769343408638595,0.003488546834956356,0.004956716671586037,0.001032615080475807,0.0009152851998806,0.001817294047214091,-0.003691876772791147,0.005664832810440325,-0.01040170583125107,0.01274513921909271,-0.003950023092329502,0.003639812173270987,0.0026529204410852235,0.0063258977083223075,0.01194667467250498
1968-05-01,0.003487182075389644,0.001852618912409402,0.003690056167020911,0.006117978263405786,0.00565295702711641,0.003769343408638595,0.003488546834956356,0.00217695627361536,0.002487052232027054,-0.002715229988098145,0.001817294047214091,-0.003691876772791147,0.005962199339357035,-0.001938534413593467,0.003580033736011415,-0.009002364240586758,0.001670888306380784,0.002987117153708349,0.006337207118713018,0.005381214522410916
1968-06-01,0.001914250884122531,0.000738746220444504,0.00296208826316451,0.006110674678786975,0.005616815053192784,0.003769343408638595,0.003488546834956356,0.002453130669891834,0.003166170790791512,0.0008480027318000793,0.001817294047214091,-0.003691876772791147,0.005798663076917227,-0.006743259197291979,0.009991249628266991,-0.003156279213726521,0.002192722569023647,0.0027076094665281717,0.006335287454865022,-0.02188464981820422
1968-07-01,0.0169078215346786,0.001237515031947895,0.002638190315862298,0.006356426461893695,0.006013934532971846,0.003769343408638595,0.003488546834956356,-0.001374884508550167,0.003284083679318428,-0.006319258362054825,0.001817294047214091,-0.003691876772791147,0.005792458332536457,-0.003224567774364081,-0.009093717763350162,0.006844538263976574,0.002152865453930278,0.0029611369975903632,0.006278734474357869,0.01149813283088416
1968-08-01,0.01724746173571465,0.003614735360765384,0.004937721393238757,0.006267350774811071,0.005912865799114528,0.003769343408638595,0.003488546834956356,0.0003710947930812836,0.002072567120194435,-0.01087235286831856,0.001817294047214091,-0.003691876772791147,0.006157751815930297,0.002222997065004893,0.01562772254235489,-0.009377109818160534,0.003097882076984312,0.00355164109786087,0.006289173271070921,0.03440431314089486
1968-09-01,0.01057649977203032,0.001227679295044749,0.005179290637971981,0.005883608352108018,0.005270609840101432,0.003769343408638595,0.003488546834956356,-0.0002812659367918968,0.002788344398140907,-0.004174396395683289,0.001817294047214091,-0.003691876772791147,0.006154112965611751,-0.002559199619616438,-0.01014521779755043,-0.01859115622937679,0.0004195135500005124,0.002302819222677499,0.006345291314723264,0.004262534460886756
1968-10-01,0.00371577801684661,0.0005434121377202979,0.004819784197117931,0.0058294135369725,0.00512850871230525,0.003769343408638595,0.003488546834956356,0.003605658188462257,0.003593398258090019,-0.000555574893951416,0.001817294047214091,-0.003691876772791147,0.006120020623156541,-0.004296413168814196,-0.002518877771594557,-0.02224939502775669,0.0005699387704107776,0.0035409725465231877,0.006341142396687734,0.04780354042940391
1968-11-01,0.01034311252194817,-0.0004139989111358678,0.005487859820968385,0.005403127328130943,0.004546528464007427,0.003769343408638595,0.003488546834956356,0.004158442839980125,0.001682214438915253,-0.001951389014720917,0.001817294047214091,-0.003691876772791147,0.006216134819079635,-0.003285444376660212,-0.01518175856037307,-0.02550789900124073,-0.0001949851320676853,0.0026529204410852235,0.0064235726114645056,-0.04587815643979307
1968-12-01,0.009773887465446857,-0.001109960213947329,0.00478001863011027,0.005913241826474982,0.005306853812257321,0.003769343408638595,0.003488546834956356,0.005597339943051338,-0.00174613855779171,-0.01139697805047035,0.001817294047214091,-0.003691876772791147,0.006228108675074163,-0.002891992871702632,-0.005055337172323588,-0.03074399568140507,-0.0006226027923254907,0.0026529204410852235,0.006319799339537406,-0.0118694269407066
1969-01-01,0.02599440129910238,0.01820759120455333,0.005170924070225814,0.006307578908274155,0.006307578908274155,0.003918068793271832,0.006524517978567654,0.009195433929562569,0.009824897162616253,0.006912749726325274,0.00830473005771637,0.007531583309173584,0.006307578908274155,0.002267784789782505,0.01615985956493376,0.004890955984592438,0.00898913966220289,0.006718633852446464,0.0062837810696755375,-0.04852759046826009
1969-02-01,-0.008034958074068566,-0.01505175437228798,0.005409553624819216,0.006307578908274155,0.006307578908274155,0.007704953446979644,0.006524517978567654,0.0003835777752101421,0.006743601523339748,0.006420601159334183,0.009166903793811798,0.007521731778979301,0.006307578908274153,-0.01919382415066453,-0.009723816837653622,0.01476190518587828,0.001972233097316733,0.006307578908274155,0.00617545820102349,0.02966703634428316
1969-03-01,0.01622920336624784,0.02639102714578066,0.00542849328700467,0.006307578908274155,0.006307578908274155,0.003918068793271832,0.006524517978567654,0.002680912613868713,0.007265944965183735,0.006534888409078121,0.009783931076526642,0.007533199153840542,0.006307578908274153,-0.01280192771154606,-0.006462556230146578,0.008597766980528831,0.006284137909564317,0.006416048443420905,0.006221792674678835,0.01792518042336205
1969-04-01,0.01446882692055179,0.03782046767320518,0.00538824973941619,0.006307578908274155,0.006307578908274155,0.003918068793271832,0.006524517978567654,0.006843410898000002,0.004634232260286808,0.006262276321649551,0.007077634334564209,0.007509032730013132,0.006307578908274153,-0.005124846294360889,0.01590317856274752,0.006236919201910496,0.008524044115290372,0.006307578908274155,0.006244830839538447,-0.001443396711787189
1969-05-01,0.02652556954455615,0.01434797677906725,0.005163175123934674,0.006307578908274155,0.006307578908274155,0.003918068793271832,0.006524517978567654,0.0003201693762093782,0.00755904708057642,0.007020941935479641,0.007558859884738922,0.007547954563051462,0.006307578908274155,-0.002767416699792358,-0.02272669715722351,0.005698895081877708,0.005350862438071105,0.006307578908274155,0.00622972626674606,-0.06068184877233707
1969-06-01,-0.002329385676921369,0.001401523853813681,0.005445072384245361,0.006307578908274155,0.006307578908274155,0.007704953446979644,0.006524517978567654,0.005812291987240314,0.005095627158880234,0.005921667441725731,0.006829097867012024,0.007518776226788759,0.006307578908274153,-0.02226770607866292,0.002898827229603732,0.01541522797197104,0.004055826782254147,0.006114623174999942,0.006098527100002759,-0.06550605700291472
1969-07-01,0.004391909670559746,0.004817651485144389,0.005241050221485321,0.006307578908274155,0.006307578908274155,0.007704953446979644,0.006524517978567654,0.00926617905497551,0.006588057149201632,0.006061742082238197,0.008967630565166473,0.007524793967604637,0.006307578908274153,-0.01364229640161424,-0.0126520980536913,-0.001053716754540801,0.003666444446056208,0.006307578908274154,0.005958400712325816,0.03942920169816479
1969-08-01,0.01452446713086103,0.008655099051600453,0.005208017081376329,0.006307578908274155,0.006307578908274155,0.007704953446979644,0.006524517978567654,0.01019105780869722,0.006686501204967499,0.006313492078334093,0.009002633392810822,0.007529699243605137,0.006307578908274153,-0.01039107584576083,0.006751020427733559,0.004523909650743008,0.006384189335958629,0.006605509591767577,0.006023773370501284,-0.02921876055978299
1969-09-01,0.007352008788629072,-0.009589145798688754,0.005077029149461698,0.006307578908274155,0.006307578908274155,0.007704953446979644,0.006524517978567654,0.02000467665493488,0.004294188693165779,0.006529129110276699,0.009169153869152069,0.007540589664131403,0.006307578908274154,-0.01252987003573638,0.002586972913364836,0.01157966628670692,0.0053229129653605,0.006416048443420905,0.005955074473951022,0.03965255726809105
1969-10-01,-0.008915219948489234,-0.004494756256466642,0.00534518798311349,0.006307578908274155,0.006307578908274155,0.007704953446979644,0.006524517978567654,0.005663040559738874,0.004568113945424557,0.005734907928854227,0.007177203893661499,0.007513280026614666,0.006307578908274153,-0.02023291108998785,0.02191719612097824,0.01541522797197104,0.004552717455361414,0.006307578908274154,0.006020633778997987,-0.03556537421922178
1969-11-01,-0.002203616891390814,-0.01399261639441976,0.005154977609148461,0.006307578908274155,0.006307578908274155,0.007704953446979644,0.006524517978567654,0.001578500610776246,0.007540765218436718,0.006816980428993702,0.0099167600274086,0.007555570919066668,0.006307578908274153,-0.01669400428563756,0.006194899340197943,0.01425106171518564,0.003704467903008475,0.006307578908274155,0.005939884248904357,-0.02225130531389246
1969-12-01,0.008674946223000524,0.001941509922527174,0.00504733919108786,0.006307578908274155,0.006307578908274155,0.007704953446979644,0.006524517978567654,0.009849635884165764,0.006665602792054415,0.006414039060473442,0.009871251881122589,0.007536274380981922,0.006307578908274153,-0.01250045251040539,-0.008976652795189274,0.003293005283921957,0.00443554421650692,0.0063608089843737985,0.005885250160604362,-0.084773674392051
1970-01-01,-0.009949352030308556,-0.01429151780489703,-0.01824720377872167,-0.005427426166177442,-0.00389775792009352,0.00709821612713303,0.007867134796741521,0.001599755370989442,0.003805862739682198,0.005824818275868893,0.005525861866772175,0.007192182820290327,-0.00434120855176463,-0.009505563289156633,-0.02412583287651085,-0.006898200139403343,-0.003610639409972256,-0.004119483235929075,0.005709894407117602,0.05183390369919695
1970-02-01,-0.007222899280710127,-0.01477976429729619,-0.02046362326936045,-0.005165437021011163,-0.00431962942699772,0.00709821612713303,-0.001614069343513615,-0.009686632081866264,0.004373228177428246,0.005824818275868893,0.005872017703950405,0.007006168365478516,-0.005607688261324189,-0.01889556138909916,-0.0237897765058592,-0.004756330512464046,-0.00538293517122769,-0.004960883766737604,0.00579893689609845,-0.003374799744619594
1970-03-01,-0.01774466546796463,-0.01275819801236338,-0.0167046729569262,-0.004738313632221377,-0.004049890633371755,0.00709821612713303,0.00722945106179819,0.002453536028042436,0.001227593049407005,0.005827007815241814,0.005252385977655649,0.007233117707073689,-0.002857421678629657,-0.01339413707901507,-0.01395622075511535,-0.01170424371957779,-0.003849153510552088,-0.0034536561560007057,0.005781261102956411,-0.0987096074766646
1970-04-01,-0.01285946180814351,-0.0116395635733597,-0.01141274710423967,-0.003887189615455106,-0.002687503972208519,0.00709821612713303,0.007867134796741521,7.452862337231636e-05,-0.0008846987038850784,0.005934117827564478,0.005143672227859497,0.007233117707073689,-0.001427954938065209,-0.01376230538537153,0.004651871717498672,0.006236189976334572,-0.0008951610060719093,-0.00040508504025638103,0.005580317124918678,-0.06122990446551127
1970-05-01,-0.00988043486337259,-0.01045859612863743,-0.0141343537125737,-0.003760478588736318,-0.002024748944596786,0.00709821612713303,0.001438475464905512,-0.0008175098337233067,-8.232519030570984e-05,0.006695522461086512,0.005227867513895035,0.007233117707073689,-0.001405356837611912,-0.01228968372181421,-0.0008019029101959456,0.03174092620611191,0.000236170921789861,-0.0008097063719596262,0.005452082534533976,-0.05555876710488648
1970-06-01,-0.02166067435327057,-0.012962388956592,-0.016050921953104,-0.003227975632712238,-0.001205986304194575,0.00709821612713303,-0.003624202451404018,0.003873281180858612,0.000194186344742775,0.005824818275868893,0.005791116040199995,0.007044997066259384,-0.005163282987358313,-0.03770767975267977,-0.0209942573952847,0.003396990010514855,-0.005585860296313915,-0.0022169809684534064,0.005335203512236236,0.06702102079887645
1970-07-01,-0.01607383374936164,-0.0110026311142647,-0.02180314893986914,-0.003655819349102953,-0.002424739675887272,0.00709821612713303,0.007867134796741521,-0.003418051172047853,0.004617556929588318,0.002252219477668405,0.00574006699025631,0.007139444351196289,-0.003564690306683301,-0.01066484716669952,0.01173890668707194,0.000988541403785348,-0.001572854669404701,-0.000718099136050962,0.0054531496255950124,0.04339409171942808
1970-08-01,-0.01862825114771396,-0.01083121639699997,-0.01956720801206996,-0.004054557015470833,-0.0031982768573478,0.00709821612713303,0.005446722708339945,0.0004595201462507248,0.002738157287240028,0.005414513871073723,0.005297982133924961,0.007233117707073689,-0.002714580340600814,-0.01891813926325919,-0.008940742479532818,-0.006137908436357975,-0.003706415623019826,-0.002956428598974307,0.005525556003636679,0.02882552519953038
1970-09-01,-0.007631044337419041,-0.006709854174445415,-0.01565770291579727,-0.004106941568554956,-0.003341316823991233,0.00709821612713303,0.00722945106179819,0.0009231041185557842,0.006033314391970634,0.005824818275868893,0.005427688825875521,0.007183026988059282,-0.002065608807974257,-0.019127324973935,-0.02370915395672199,-0.00906817801296711,-0.003231094111409059,-0.002703462815982745,0.0055699368973431435,-0.01445648983877548
1970-10-01,-0.009589788741753535,-0.003548268374734828,-0.01195414340594049,-0.003916204560918363,-0.003330873377060957,0.00709821612713303,0.00722945106179819,0.0009565446525812149,0.000368654727935791,0.004735665395855904,0.005470390897244215,0.007233117707073689,-0.0004456511520883541,-0.02148990423163123,0.01233786070608241,-0.007877274416387081,-0.00104513793655065,-3.849821207628154e-05,0.005531863842711739,0.04837294832055656
1970-11-01,-0.03813443212064216,0.001594583724869261,-0.01589538152494903,-0.003773822749606099,-0.003914842504722248,0.00709821612713303,-0.002340976914327123,0.005909575149416924,0.00884346291422844,0.005824818275868893,0.005886634811758995,0.007087898906320333,-0.001348197208031277,-0.01828466586079194,-0.01889754670883299,-0.02347938716411591,-0.005239003927901431,-0.0018445870611792001,0.005613156223125106,0.05243339676210119
1970-12-01,0.001481344820791375,0.009454665961614367,-0.006920785089081122,0.003048828573636569,0.004695604614406983,0.003357586055590953,-0.005864406065992763,0.01087210141122341,0.001517390832304955,0.00690357806161046,0.005538605619221926,0.007233117707073689,0.004511770231455318,-0.004440998637013223,-0.007985095878989438,0.005770230665802956,0.002448346180228526,0.003934678143523135,0.0057018309211155915,0.03774696674458516
1971-01-01,0.01004843388832213,0.009033168330405725,0.009883296429361539,0.004767210541332737,0.005544892243285801,0.004939515172139471,0.00659669635513342,0.01047826744616032,0.01162452716380358,0.003403352340683341,0.004956482443958521,0.005378427915275097,0.005784136406586432,-0.009158749746802362,-0.001167301437777501,0.01759943924844265,0.006231987171269431,0.005664514324936117,0.0057624077374170465,0.009439270530021675
1971-02-01,-0.00244636200681933,0.009255807317763754,0.006046375642544325,0.005075411963976183,0.005617400371958488,0.004939515172139471,0.00659669635513342,-0.001095130108296871,0.01445354428142309,0.009367713704705238,0.004776596557348967,0.005378427915275097,0.005784136406586431,-0.01769106503599322,0.01475734914498164,0.03126920387148857,0.006380351347138453,0.00570076838927246,0.005769345214384225,0.03503151537176925
1971-03-01,0.008171643949164448,0.009544791610017903,0.01134799958530684,0.005208688254849024,0.005648755238411542,0.002956275035762679,0.004428191181416531,0.0009532114490866661,0.009605756029486656,0.007067875936627388,0.004342902917414904,0.005378427915275097,0.005784136406586464,-0.02405605547565053,0.01266924008838148,0.01270329300314188,0.005109695820329936,0.0057164458224990035,0.005824452879464047,0.03330749024449404
1971-04-01,0.005274987177649321,0.008087088291368928,0.005488037305806692,0.005008773818539762,0.005601722938731962,0.002956275035762679,0.004428191181416531,0.004119879566133022,0.01372107584029436,0.003293613437563181,0.00554644363000989,0.005378427915275097,0.00578413640658642,-0.009303374894291392,-0.005198390830997232,0.01057947147637606,0.004422897393514079,0.005326707546462209,0.005876112724135156,-0.04065372985824141
1971-05-01,0.01154495579860848,0.006935527385744079,0.005350288827352671,0.004892157064026026,0.005574287430585539,0.004939515172139471,0.00659669635513342,-0.001400635577738285,0.01322313863784075,0.01214232295751572,0.005617727525532246,0.005378427915275097,0.005784136406586412,-0.01874460048753132,-0.003630809466272061,0.01219355780631304,0.004774793359444455,0.005596007478058893,0.005788814708033135,-0.0004587750786082131
1971-06-01,0.01733893040774193,0.00768662446740997,0.003845775233206624,0.004638099134549672,0.005514517216409405,0.004939515172139471,0.00659669635513342,0.01049928553402424,0.01370073761790991,-0.001920589711517096,0.005549033172428608,0.005378427915275097,0.005784136406586396,-0.0013121277612339,-0.0001107576551573683,-0.000728188140783459,0.005462507210257682,0.005446472565842251,0.005777115101691111,-0.04538012365894263
1971-07-01,0.008613141025603288,0.001620702692853621,0.0006273863027545772,0.004367381668714213,0.005450827643926639,0.004939515172139471,0.00659669635513342,0.0006567565724253654,0.01000030245631933,0.003743413370102644,0.004949025344103575,0.005378427915275097,0.005784136406586343,-0.01087103316061448,0.001172585437114557,0.007548043504357338,0.003786081794174688,0.004944270258121523,0.005681494094661888,0.03718830904077919
1971-08-01,0.02360661855501561,0.004379854257077119,0.005405664460123413,0.004558966336843923,0.005495900264452904,0.004939515172139471,0.00659669635513342,0.005008035339415073,0.01092678587883711,0.003513457253575325,0.005433314479887486,0.005378427915275097,0.005784136406586392,-0.006029453578244161,-0.01953832192575913,2.972001675516367e-05,0.004093082324194638,0.005193231627345085,0.005740275465830018,-0.00974173312278298
1971-09-01,0.001480803243391893,-0.002003874940569431,0.001085256590130942,0.00466308843908833,0.005520396253869353,0.004939515172139471,-0.01198888248220223,-0.007055108435451984,0.004013847559690475,0.004772096406668425,0.004154390189796686,0.005378427915275097,0.005784136406586351,-0.02491025688446,-0.02162038975902276,0.00267561012879014,-0.001444434012267452,0.0033447288442403074,0.005711444909799082,-0.04465059219420404
1971-10-01,-0.00268859842227534,-0.008422119325995146,-0.001282652943104103,0.004758880773153185,0.005542932564132485,0.006878925904585135,0.00659669635513342,-0.0001378832384943962,0.01524106878787279,0.002956151030957699,0.003870411776006222,0.005378427915275097,0.005784136406586328,-0.01783985679677066,-0.01885382855070639,0.002752323402091861,0.0006584384774030113,0.0034132814034819603,0.005617835175405024,-0.0007973687255921386
1971-11-01,0.01920206753507969,-0.01003769492245984,-0.003379197935789335,0.004858837991307816,0.005566448713972276,0.006878925904585135,0.00659669635513342,0.004534165374934673,0.01461123768240213,0.002522577997297049,0.003838176373392344,0.005378427915275097,0.005784136406586318,-0.0177016147988088,0.01635351286820803,0.001275310525670648,0.004142625874174166,0.005118632953291456,0.0056059331273512255,0.08053767639564272
1971-12-01,0.02870461145451161,0.00110460754016344,0.003864479773382229,0.004946300557193118,0.005587025345082092,0.004939515172139471,0.00659669635513342,0.007738623768091202,0.01647734269499779,0.002483617980033159,0.005419975146651268,0.005378427915275097,0.005784136406586393,-0.01379157783744685,-0.008005258845478366,-0.002476966939866543,0.004671972280403033,0.005162364236234108,0.005744695614885099,0.01521690038702243
1972-01-01,-0.007110309651294056,-0.001841826534542673,0.004817504606331596,0.0052486197011779,0.005665871585152683,0.005921339468872759,0.004989806120477879,0.004311084747314453,0.0120961656793952,0.01263415068387985,0.005718582309782505,0.006134584546089172,0.005783449744461116,-0.01957159743165515,-0.01117464230599635,-0.0001168007147498429,0.002094123909668565,0.005119212910827889,0.005762204311321581,0.02687656855495518
1972-02-01,0.01280291082185084,0.002161183043332341,0.005116484838450849,0.005321013802484321,0.005681786856337047,0.005921339468872759,0.004989806120477879,0.01634485833346844,0.01250389497727156,0.0138426311314106,0.005651551298797131,0.006151356268674135,0.005783449744461117,-0.01866641480779672,0.01611507978460678,0.001014418667182326,0.006295959396867587,0.0057326183003990824,0.005801160702915002,0.004796458628878222
1972-03-01,0.01164343667169912,0.001137564235347184,0.004245602816612448,0.005107853393082079,0.00563492522451642,0.005921339468872759,0.004989806120477879,0.006708716042339802,0.0120275467634201,0.01229346916079521,0.005683351308107376,0.006140200886875391,0.005783449744461116,-0.01152244643482962,-0.0184873866578346,-0.007852383889257908,0.003090940303417797,0.005659138266311898,0.0057993104228523185,0.00276867788331574
1972-04-01,0.01134026893456111,0.00162784613950013,0.004338167616532607,0.005115897182116125,0.005636693587981349,0.005921339468872759,0.004989806120477879,0.01171167381107807,0.01232105307281017,0.01218001544475555,0.005655908491462469,0.006150308065116405,0.005783449744461116,-0.01616852181768515,0.0003810504482894304,-0.006035280879586935,0.004434354714421444,0.005646301039721909,0.005793739407154641,0.01888525794963181
1972-05-01,0.01488288113827621,0.002328647543798104,0.00441384388594881,0.005123940971150173,0.005638461951446279,0.005921339468872759,0.004989806120477879,0.0163586363196373,0.01265871152281761,0.01166246272623539,0.00554115604609251,0.006162358913570642,0.005783449744461116,-0.02068347297696851,0.009816275886233485,-0.003368737641721964,0.005451860101270487,0.005710955847953698,0.005817760542094966,-0.02336149493267113
1972-06-01,0.03078184051407809,0.002563480448659319,0.003965907942427744,0.005035459291775657,0.005619009953332056,0.005921339468872759,0.006699426082829384,0.00858420692384243,0.0116872526705265,0.01124587841331959,0.005645925644785166,0.006151822861284018,0.005783449744461116,-0.009415041140456801,0.00660283271848165,-0.003797723446041346,0.006442191755761084,0.0058523946066669375,0.005764318682251072,0.0003489270528635614
1972-07-01,0.02852821416225129,0.005284816222718764,0.003963281893370432,0.005007306030156492,0.005612820681204804,0.005921339468872759,0.006699426082829384,0.00941551849246025,0.01250787638127804,0.01219229027628899,0.005513020791113377,0.006158195436000824,0.005783449744461116,-0.02107700181509353,-0.006017733416051926,-5.651793617289513e-05,0.00533976890598051,0.00569813521283296,0.00575441851473848,0.03557728107384392
1972-08-01,0.02027615294364996,0.001018360078450946,0.003762972099063234,0.004991218452088398,0.005609283954274945,0.005921339468872759,0.004989806120477879,0.006209257058799267,0.01223370339721441,0.01193378865718842,0.005612214561551809,0.006145353894680738,0.005783449744461116,-0.01291928243474701,-0.01179871992594687,-0.006969585083425045,0.003924957061665933,0.005610749257913377,0.005808839796780644,-0.00618119410355468
1972-09-01,0.0242261129976418,-0.0007187249212149268,0.002731020031562297,0.004733817202998897,0.005552696323397207,0.005921339468872759,0.004989806120477879,0.008963664062321186,0.01168446335941553,0.01220694370567799,0.005666477605700493,0.006148679181933403,0.005783449744461116,-0.006495026965729036,-0.003005626525901736,-0.01863374188542366,0.004359709344136949,0.00560958696454885,0.005787000026470379,0.007427005563567703
1972-10-01,0.01895835140150762,0.001921797247038192,0.002706786711753954,0.00470164204686271,0.00554562286953749,0.005921339468872759,0.006699426082829384,0.01089710742235184,0.01249461341649294,0.01284288242459297,0.005477682687342167,0.006159181240946054,0.005783449744461116,-0.01568385139240695,0.0003007884014476175,-0.01028863620012999,0.004652386473343742,0.005664536306999303,0.005789981854719647,0.04508381637705519
1972-11-01,0.02331494607616538,0.0004066096435737113,0.002562801068032535,0.004685554468794616,0.005542086142607631,0.005921339468872759,0.004989806120477879,0.008074571378529072,0.01224137004464865,0.01274740323424339,0.005432086065411568,0.006148768588900566,0.005783449744461116,-0.008901234708931994,-0.00806792514503599,-0.009414923377335072,0.004466669300838489,0.0054870861040096,0.005861295528988859,0.009874371383920517
1972-12-01,0.0192807890161312,-0.001395633488557168,0.001953515907781435,0.004568919527800936,0.005516444872366156,0.005921339468872759,0.004989806120477879,2.230331301689148e-05,0.01115981675684452,0.01143073663115501,0.005658604204654694,0.006133806891739368,0.005783449744461116,-0.001881907399214143,-0.01455545960748084,-0.02571600489318371,0.002429407941679132,0.005253125496422017,0.005868565593943445,-0.02058503950783579
1973-01-01,0.02521795788954259,0.004914060746725612,0.002039212882007787,0.004733608544771353,0.003962048714183603,0.005977520408577837,0.007966145174524429,0.004835439845919609,-0.0005388112040236592,0.01597714424133301,0.02285618707537651,0.004314165562391281,0.005841618655675665,-0.001354465227099812,-0.01819485268470418,0.002420907840132713,0.005685493029083397,0.004784524195345481,0.00582072905668887,-0.03879547502547023
1973-02-01,0.01615628180546741,0.003001724736227608,0.002011194510881066,0.004670118646483797,0.003854347797707052,0.005977520408577837,0.005197341522734306,0.006946790963411331,0.0009735432686284184,0.02153982222080231,0.02873324044048786,0.009415742009878159,0.005841618655675666,-0.008317300950324364,0.01500228617494876,0.006751981563866138,0.007984765860965835,0.005909569532126752,0.005740194392280642,-0.005182212385283129
1973-03-01,0.03262088852850192,-0.001523385759292051,0.001359685201736099,0.004506381540373785,0.003576592802583319,0.005977520408577837,0.005197341522734306,0.009989084675908089,-0.0002152611268684268,0.02003325521945953,0.02470214851200581,0.01231353916227818,0.005841618655675662,-0.01202878542579851,0.0128204526733303,0.01203852146863937,0.008575599878740327,0.00590956953212675,0.005720514380068814,-0.04547394880726872
1973-04-01,0.01221980543027379,-0.01377025256081609,0.001328865797332004,0.004449574789274392,0.003480228824683247,0.005977520408577837,0.005197341522734306,0.008167240768671036,-0.002478509210050106,0.02232155203819275,0.01550110429525375,0.009572010487318039,0.005841618655675655,-0.01643117173576285,-0.03162218570757962,0.01150835677981377,0.002578943786474494,0.00551948008920498,0.005628438007429719,-0.01923474241335923
1973-05-01,0.01716871006888954,-0.01331585225033639,0.001173462915952294,0.004416159053333573,0.003423544131800853,0.005977520408577837,0.005197341522734306,0.00380430556833744,-0.002152160974219441,0.01930752955377102,0.01859831623733044,0.005983762443065643,0.005841618655675654,-0.01529745297713327,-0.04145213739295741,0.004906487185508013,0.001473822134395631,0.004661323119420793,0.00558380034060604,-0.01028050175991139
1973-06-01,0.02136177348913193,-0.01338405573254312,3.433464165432387e-05,0.004138808445024776,0.002953061180876976,0.005977520408577837,0.005197341522734306,0.005835311487317085,-0.001820053905248642,0.01947899907827377,0.01313642039895058,0.008607953786849976,0.005841618655675652,-0.01372553538778667,-0.03112218578832523,0.004343041684478521,0.002303397122852628,0.004770191603606413,0.005555369691680381,0.03329678554962882
1973-07-01,0.01276730298735743,-0.0108866409940244,-0.001259047369090685,0.003864799410310061,0.00248824669924134,0.005977520408577837,0.005197341522734306,-0.0002024434506893158,-0.002739587798714638,0.01506062876433134,0.01529374718666077,0.004083864390850067,0.005841618655675648,-0.01295303199752436,-0.0220036975607181,0.04377633705735207,0.004019184869520585,0.003974331900580064,0.005604996553680289,-0.03842770493293278
1973-08-01,0.02555661447289448,-0.0131998807519763,-0.001795762922094295,0.003644255553100656,0.002114127726217534,0.005977520408577837,0.005197341522734306,0.01333850156515837,0.001493564690463245,0.02717649191617966,-0.004989102482795715,0.01928683184087276,0.00584161865567565,-0.01049522217676413,-0.007821485628854607,0.1325404942035675,0.01274161928705981,0.004420798537917481,0.0055263667295970525,0.03437743974705353
1973-09-01,0.009979032832031637,-0.01277426163868695,-0.001438080920684258,0.003771235349675768,0.002329529559170634,0.005977520408577837,0.005197341522734306,-0.005098801106214523,0.004770810715854168,0.02643094584345818,0.002207215875387192,0.01947857812047005,0.00584161865567565,-0.004637582337684715,-0.00468180060206985,0.04991688951849937,0.006704386987262155,0.004271023032764968,0.005577794667239577,-0.006467032319095612
1973-10-01,0.02396483558780807,-0.005174569401564055,-3.586109301221847e-05,0.004128783724242531,0.002936055773012258,0.005977520408577837,0.007966145174524429,-0.001837454736232758,0.009657091461122036,0.01931621320545673,0.007886126637458801,0.01496501825749874,0.005841618655675657,-0.01920332239473221,0.007328698940782979,0.005493517965078354,0.005575651135356074,0.005909569532126747,0.005556362590751436,-0.1198940551374072
1973-11-01,0.01266930113857878,-0.01222265257109671,-0.0009768785636929348,0.003924947735003535,0.002590279146429651,0.005977520408577837,0.005197341522734306,0.006500463932752609,-0.002816106658428907,0.01680109277367592,0.01253538206219673,0.005041532218456268,0.005841618655675648,-0.00872419080623236,-0.01426649197953985,0.009591614827513695,0.002979048365162764,0.005119436870595287,0.00533353769247762,0.01222606985206112
1973-12-01,0.01749388585339015,-0.008501312214102831,-0.0002611928857226362,0.004051927531578648,0.002805680979382751,0.005977520408577837,0.005197341522734306,0.002864491194486618,-0.001137727522291243,0.01631918735802174,0.0142437107861042,0.008509455248713493,0.005841618655675652,-0.01091383042713518,-0.03112218578832523,0.006378151476383209,0.002359170136091967,0.004624634527156477,0.005345758494179009,-0.01453275372042614
1974-01-01,-0.0007014284532213533,-0.006775752790021207,-0.003774230569601162,-0.001912358301223558,-0.003656979423986599,-0.006419155205899692,0.005962787223337777,0.0008321069180965424,-0.0004330021620262414,0.008766237646341324,-0.003081426024436951,-0.0001496663317084312,-0.005282330649702549,-0.01103919994680563,-0.0217692298085729,-0.02520257979631424,-0.004664762979734055,-0.003369202724211775,0.005310575286719531,-0.004292215384198553
1974-02-01,0.003215285998647066,-0.005717443429115675,-0.00237039919439586,-0.001118671427865802,-0.002796686635823208,-0.005811057641014293,0.005962787223337777,0.009098732843995094,-0.001345977536402643,0.008477391675114632,-0.0005936622619628906,0.0036158487200737,-0.004267570393902888,-0.01480072296496966,-0.02246508464067751,-0.0141399409621954,-0.002816073164197347,-0.0018581883653992514,0.005293609225463492,-0.02784482155824643
1974-03-01,0.002458087685790478,-0.004972670418801588,-0.004044436622817864,-0.002144359079589674,-0.003877833175985439,-0.02168868871485441,0.007405832765107939,0.003313491120934486,0.004694958217442036,0.00933228898793459,-0.001043481752276421,0.007398557849228382,-0.006486735174896091,-0.01065838896736692,-0.02108799293779839,0.02200835756957531,-0.001212063290523348,-0.0015939204159330475,0.005235164021259418,-0.04396144741490483
1974-04-01,-0.002507153233377302,-0.003791891998068292,-0.004548922891109635,-0.002596150069039472,-0.004327178766124656,-0.003481803935039406,0.008120428139476174,0.009051419794559479,0.002761016367003322,0.008973306976258755,-0.002608882263302803,0.007131581194698811,-0.006742767431889011,-0.01095089995535015,-0.006708120628701811,0.05001512169837952,0.002361818937398345,-0.0026025161661711376,0.00514855026873096,-0.03474044199289483
1974-05-01,0.009751730166396078,0.0007692597249988557,-0.004078586157420335,-0.002474044396215203,-0.004163909659659733,-0.01169650733973803,0.008120428139476174,0.007611529901623726,-0.002454891568049788,0.008558215573430061,-0.003695344552397728,-0.001486298628151417,-0.004176067780702279,-0.0107623625753109,-0.008498190940251503,0.02937956340610981,0.0006690327071336116,-0.0024644679821324957,0.005078446591645502,-0.02037490019422445
1974-06-01,0.003098462065511454,-2.102214387618255e-05,-0.003455256135751933,-0.002071095675895111,-0.00371177122128675,-0.02822493540645489,-0.00479849509241754,0.01464189682155848,0.0005981189315207303,0.008587825112044811,-0.00668964721262455,0.007331839762628078,-0.005186231513676502,-0.01723389304613722,-0.01908179222783571,0.01750989817082882,-0.002419131175741501,-0.0027631759058235218,0.005033791597284326,-0.0857831418811023
1974-07-01,-0.002795793376033862,0.00327732012191124,-0.002677235445231783,-0.001643725821010163,-0.00319036049559032,-0.005911766995424976,0.008120428139476174,0.01587033271789551,0.0001549383741803467,0.008264632895588875,-0.00289839506149292,0.004079545848071575,-0.00441575075145915,-0.01548348416240463,-0.01737167743440984,-0.01156976819038391,-0.001761922477269864,-0.0027365144106328227,0.0048747426770069414,-0.09272959975533315
1974-08-01,0.00417091093745281,0.005843643955186419,-0.005395528352792272,-0.003365415807832374,-0.00496876660800916,0.005211761967476891,0.008120428139476174,0.007904412224888802,0.002029573079198599,0.00916745699942112,-0.002504119649529457,0.00651016179472208,-0.006268567649949371,-0.01022584401943621,-0.004936020342840073,0.02156063728034496,0.002053420246736183,0.0031002420083257043,0.004704105714712641,-0.1309898933611932
1974-09-01,0.008261718244046146,0.01273104186344362,-0.003319415237717035,-0.002266464752413943,-0.003695922586660785,-0.001703270176234589,0.008120428139476174,0.006783073768019676,-0.003335218410938978,0.008854962885379791,-0.001200774684548378,-0.000243072398006916,-0.003013601312222416,-0.009874206150918975,-0.01099197150484342,0.03933730721473694,0.002777788431287307,-0.0014520224303914836,0.004467292452800065,0.1473196869759911
1974-10-01,0.03884148760098891,0.01128623993652085,-0.0021219210500386,-0.00153383071546832,-0.003013255902812109,0.001679652316567459,-0.002689775203992715,-0.007860062643885612,-0.01001857034862041,0.01035365555435419,0.002510761842131615,-0.005054197274148464,-0.0003622721343309373,-0.007492772812869954,0.01079961039513835,-0.03393217548727989,8.703587951589681e-05,-0.00182787588275346,0.00471616422026207,-0.05185375177734265
1974-11-01,0.02037704798358919,0.009404831087049866,-0.002287872532060574,-0.001546041282750748,-0.002995879494851424,0.004969823861587528,0.007161022523294035,0.006313381716609001,-0.003852979047223926,0.008500685915350914,-0.001139290630817413,-0.002246302552521229,-0.002732244812083031,-0.01539343450652838,0.01864308357440118,-0.02670233510434628,0.00102959354366867,-0.0013426659567840804,0.0046177817576575405,-0.02356980971018908
1974-12-01,0.03137634052850824,0.01037582043947046,-0.001753760423364624,-0.00115530312971308,-0.002568160196683187,-0.0002976887421410743,0.007161022523294035,0.01272723264992237,-0.002358654979616404,0.008504513651132584,-0.003483396023511887,0.006061007268726826,-0.002774761376173225,-0.02136600686435463,-0.01162204622772199,-0.0419878363609314,-0.000822604828947311,-0.0014545317765388521,0.004568844966914751,0.1095711024363221
1975-01-01,0.02649893691567518,0.0008879461996751615,-0.0008607231489659358,0.003741292979236484,-0.003818263946549921,0.002595806160824323,-0.002413155269869832,0.005147113930433989,0.03197633475065231,-0.0007111243903636932,0.05656439065933228,0.03238799422979355,0.002309097188454311,0.006659197257763733,0.02346647712415849,-0.01416604593396187,0.01064157966914303,0.0031685495700304036,0.004750824615908525,0.05949874993687476
1975-02-01,0.01559977768752963,0.01086295845477966,0.00215896779911919,0.001866632839413955,-0.002792685005992562,0.0185876488570919,0.00564512317690238,0.004233770538121462,0.01510044932365417,0.009061384946107864,0.0347190834581852,0.03227929025888443,0.002559694261530906,-0.002927604537909224,0.02594298759121427,0.04972340166568756,0.01391380508214505,0.009962171700443763,0.004845544209889435,0.01943551077747648
1975-03-01,-0.01587801915614467,0.01087574399029155,-0.002926937283927867,-0.002794626644540461,-0.004315180206266776,0.006262407867958857,0.004566635730939865,-0.006668437272310257,0.01517197303473949,-3.858655691146851e-05,0.04510734602808952,0.0324142761528492,-0.006038183331365358,-0.02085261840683558,0.006478457518028123,0.06213386356830597,0.007718632189556257,0.0022640245870141984,0.004870742770455216,0.04414601269523426
1975-04-01,-0.003306033066936248,0.01319431791853278,3.864903448985799e-05,0.007366397915506025,-0.000704924220899501,0.02120137545757808,0.01005285946046505,0.0001054750755429268,0.01603667996823788,0.001727871596813202,0.04402791708707809,0.03238499537110329,0.0006942003142738039,-0.01112436823137767,0.004644761560840552,0.0702807679772377,0.01291380895115537,0.006005579738173289,0.004938458753084146,0.04553250746407281
1975-05-01,0.007509711041695705,0.01573467352105162,0.006361789316737539,0.01108719525146818,0.001515109046062084,0.02832795038595975,0.00932361421839531,0.006833353545516729,0.01901927404105663,0.0003475397825241089,0.03731848299503326,0.03235045447945595,0.007386971404373867,-0.0006393823783024041,0.000999304445022197,0.04258162900805473,0.01412860438150658,0.008416662630045507,0.0050083280279739715,0.04079332027402739
1975-06-01,0.008569279949917602,0.01466252285213269,0.007981333178911192,0.01086178777214146,0.001623704008391067,0.0185150723356546,0.00564512317690238,0.006514538545161486,0.01742836460471153,0.002835001796483994,0.0395798571407795,0.0322931595146656,0.008801271730360084,0.007043146848091493,0.00836235511904023,0.06450323015451431,0.0159512342954912,0.008685275840138843,0.005069814268946571,-0.07183526998977309
1975-07-01,0.007656860950263106,0.01179333752517914,-0.0009663632135364164,0.006808626487656799,-0.001287848308827557,0.00920189722768131,0.004614794403866199,-0.000730833038687706,0.004353985656052828,0.003250811249017715,0.04466219246387482,0.03224018216133118,0.00361133243754938,-0.001436376933262172,0.007292289490603282,0.06280515342950821,0.01211687762426688,0.005711710445761499,0.0049379016029796425,-0.02057242988760558
1975-08-01,0.00660957014728461,0.01068117213939756,-0.003277320269155936,0.005785272766170725,-0.001781055674786609,0.01418947910562287,0.005344039645935941,-0.004066955298185349,0.01164271496236324,0.006440658122301102,0.04069147258996964,0.032269436866045,0.002529481990928312,-0.00487407944535969,0.004786686042665349,0.05885979905724525,0.01161439829677763,0.006112965444235913,0.004894219528509463,-0.03757000625617666
1975-09-01,-0.001768267979736365,0.007596729303015422,-0.00499529247713023,0.006933120489265258,-0.001860629412615973,0.009157506698784252,0.004827359341517118,-0.01446006633341312,0.01857702061533928,-0.001358505338430405,0.03052990511059761,0.03222476318478584,0.00122967829016328,-0.005653356210363746,0.003866011349080838,0.06775269657373428,0.009537417075287085,0.004346685345298978,0.004821631108364699,0.05755733069207164
1975-10-01,0.007282510249868146,0.01141706603178909,0.007854980195182711,0.01316069344578037,0.001198627939781408,0.02394796655093222,0.00564512317690238,0.005932656582444906,0.02470315434038639,0.005522646009922028,0.0383254736661911,0.03239643573760986,0.01199998696740969,0.01777906828612162,0.001699044755377178,0.05920855700969696,0.01675462443408725,0.01170852649959939,0.004911623769770343,0.02406179877112932
1975-11-01,-0.005286181794608213,0.01222307217272197,0.000472015626667579,0.006957223299834284,-0.0001846448149513402,0.02597364581711765,0.00932361421839531,-0.002611391246318817,0.01546947658061981,-0.004376973956823349,0.04180621355772018,0.03235096111893654,0.002780721083733374,-0.004655814780015567,0.007680236473771043,0.09577170014381409,0.01460586709378841,0.007318729886802664,0.004944247577268399,-0.01463702577963753
1975-12-01,0.01783957768738434,0.01167604919817497,0.007870015713892746,0.01249541912647281,0.001820265038972115,0.02065079307205916,0.00564512317690238,0.005486347712576389,0.02326485328376293,0.00456855446100235,0.04842212423682213,0.03227410092949867,0.00820734706154877,0.01188804384941736,0.007356944058248799,0.05600173398852348,0.01721670578720371,0.011782046523796165,0.004910946091967538,0.108665160763357
1976-01-01,0.0198576179965812,0.01470788602775049,0.00896003040896556,0.01068311802280725,0.003252802488406217,0.01201710255221668,0.003935686890243077,0.01195956580340862,0.0112256146967411,0.002049404894933105,-0.006523604970425367,-0.02580849826335907,0.006209834246484513,0.0008814423059089922,0.001237537345714553,0.02930961735546589,0.006497197362615176,0.007584932327725037,0.005087099257793328,-0.01046564226358593
1976-02-01,0.009005933501382457,0.01302806701887358,0.006442174822820067,0.01014282045765707,0.003109883770391484,0.01201710255221668,0.003935686890243077,0.01052460260689259,0.008424855768680573,0.003686740761622787,-0.008332908153533936,-0.02597291767597198,0.005073499155964918,-0.003024931244479102,0.008947650381173355,0.02108767442405224,0.004880995939874115,0.00743351529575032,0.005060738678943532,0.02872439681344433
1976-03-01,0.01227723397805469,0.01478677224273459,0.008873595124403008,0.01141972264378702,0.003528047564346316,0.01201710255221668,0.004680401954448767,0.01296745799481869,0.0102936364710331,0.003321080235764384,-0.008332908153533936,-0.02579877153038979,0.006234065892607542,0.0002955828953290739,0.002252636417229521,0.01999852806329727,0.005550886521634183,0.007553830508505275,0.005100778709627966,-0.01364849530285032
1976-04-01,0.01010893469013652,0.01344487537104109,0.00517190230825076,0.009828073693472963,0.002911863984037179,0.01201710255221668,0.003935686890243077,0.008352288976311684,0.00879896804690361,0.004456602968275547,-0.008332908153533936,-0.02588578686118126,0.004554240050356175,-0.005667952238969019,0.006220995563371509,0.01296456437557936,0.003929965763531996,0.005696448935811135,0.005069107638660942,-0.01234435137485521
1976-05-01,0.01584984565181663,0.01275244195072376,0.001418922945884134,0.008179676902077961,0.001431864893831609,0.0142678258965807,0.003935686890243077,-0.003081405535340309,0.007431253790855408,0.005404907278716564,-0.008332908153533936,-0.02507949620485306,0.003024296738434611,-0.006107999378496962,0.009287667855972995,0.01995218731462955,0.003770923052346421,0.004670297084479821,0.00503974261502938,0.03932800271257736
1976-06-01,0.01009896975651103,0.01417369277086467,0.00806628749991223,0.01126820937395937,0.003208667109575168,0.01201710255221668,0.006148454002869334,0.01425353996455669,0.00931787583976984,0.004754286259412766,-0.008332908153533936,-0.02560651674866676,0.005644660881989932,0.001285576829428255,-0.003726651564976614,0.02416236698627472,0.005420850835010212,0.007107370751390782,0.005097466958627945,-0.01151682650889583
1976-07-01,0.01191219032307378,0.01307159275605479,0.006859363792107272,0.01125419759735771,0.002742535439758742,0.01615838142361484,0.006148454002869334,0.01066409423947334,0.007655300199985504,0.002719865879043937,-0.007658534217625856,-0.02579208090901375,0.004908726512365845,0.001954794830481155,0.001307654735536632,0.02082984149456024,0.00529602363122772,0.006503908897488303,0.005069543776329587,-0.003090268122434396
1976-08-01,0.02500995736807904,0.013243667689455,0.008210769762680899,0.01302998271404611,0.003651159253210612,0.01615838142361484,0.006148454002869334,0.01554825715720654,0.005608728155493736,0.004622871056199074,-0.004497974179685116,-0.02615414187312126,0.006231644293456573,0.004768764202131074,0.01837934495048462,0.02881890721619129,0.008673673324519522,0.007221207028068736,0.005055852816767902,0.01993539415776626
1976-09-01,0.01085759316053919,0.01435856059573726,0.008461490094077886,0.01192369397903876,0.00335077864571506,0.01201710255221668,0.006148454002869334,0.01226360909640789,0.01031829603016376,0.003340538823977113,-0.008332908153533936,-0.02571778371930122,0.0059424548085247,0.001204053774409481,0.002252636417229521,0.02679187059402466,0.005948777543881009,0.00730497204847361,0.005080776671610446,-0.02480736429556205
1976-10-01,0.02041544864185107,0.01222307991420447,0.004851725845184347,0.01174752692994672,0.00326454528038914,0.01615838142361484,0.004680401954448767,0.01112287119030952,0.007745509967207909,0.00294722686521709,-0.008332908153533936,-0.02572894468903542,0.005227250819140583,0.0008593643450802886,0.01219909039283656,0.01081918738782406,0.005637484882167876,0.006486380393174246,0.00503079650276902,-0.005132159078500974
1976-11-01,0.01724988265732252,0.008524497065900737,0.007953977938732527,0.01418222945228731,0.004994583514548226,0.01303813108983285,0.006148454002869334,0.01678757183253765,0.006349283270537853,0.006719116121530533,-0.00619310699403286,-0.02674925699830055,0.006336873688597257,0.004304878327237176,0.01279093351371754,0.01784833893179893,0.006892899213444816,0.00733654703013153,0.005013829965905463,0.04839167841002466
1976-12-01,0.02256642843856632,0.0157119792040923,0.01335558843721935,0.01554582698757545,0.005481594583503542,0.01323739289548428,0.004680401954448767,0.01416331902146339,0.01167640648782253,0.00288876355625689,-0.007702944800257683,-0.02613475918769836,0.008793027061213845,-0.0006100266196791305,0.01695131062941965,0.02389643900096416,0.008406296728149708,0.012456899691653405,0.005086126379978995,-0.0549169624548279
1977-01-01,0.01371365040955605,0.004729337893660695,-0.002767959512407219,0.002765119319695336,0.001134718617233239,-0.003473512034111979,0.005925214871911417,0.0003985112998634577,0.004446741193532944,0.007295417133718729,0.001399669796228409,0.09639722853899002,-0.0002247011060675323,-0.01319006202755527,0.01761086890850341,0.01040867622941732,0.009160557470760566,0.00360593025661414,0.004986287629837886,-0.01935713068960842
1977-02-01,-0.01624008158222948,-0.002790029826700837,-0.003501288478361263,-0.0005048322361283671,-0.0005647299092040757,0.008745580184514695,0.005925214871911417,0.0095442533493042,0.002923346590250731,0.007709420751780272,0.01564426347613335,0.09639722853899002,-0.0004269356460162368,-0.00459507005751297,0.02285701567139811,0.01120128203183413,0.00952028985812273,0.004424280731081074,0.004945850057878673,-0.01607267146111591
1977-03-01,-0.00488615993649924,-0.0060707482152346,-0.00377118516535735,0.0005877491980248832,0.0001485379095291593,0.0159191281968036,0.005925214871911417,0.00341001758351922,0.003419095184653997,0.008297448046505451,0.01242524012923241,0.09639722853899002,-0.0006016916425676706,-0.001592794227981604,0.01994285453422922,0.00687268003821373,0.009776413440248289,0.0034145563840866085,0.0049109934716116835,-0.003153002951356877
1977-04-01,-0.008076571512827174,-0.004407491170529588,-0.003448333260802696,0.0006036747853125773,0.000154624271186639,0.0159191281968036,0.005925214871911417,0.003497858066111803,0.00307755870744586,0.008766508661210537,0.01250150054693222,0.09639722853899002,6.610559821274183e-05,-0.004546458635729684,0.01994285453422922,0.0005339605268090963,0.009181710170329161,0.0018406167463792186,0.004897642484156437,-0.01896735160964326
1977-05-01,-0.002651084923497055,-0.005826523108143376,-0.004264708052904528,0.0005156217320861044,-0.0002388207753532849,0.01905091802017212,0.005925214871911417,0.002270598663017154,0.003129541175439954,0.007573431357741356,0.01440165936946869,0.09639722853899002,-0.0006858366611051311,0.001552644123341145,0.0148603332577702,0.01221284549683332,0.01026394144286051,0.0027000699192285538,0.004858196212927017,0.04298046836005411
1977-06-01,-0.006934040696268573,-0.003446587302367909,-0.002471386745013389,0.0005059056607485159,-0.0001669903117163868,0.01905091802017212,0.005925214871911417,0.003099511144682765,0.004221560899168253,0.00847545638680458,0.01414463296532631,0.09639722853899002,1.457696184642074e-05,-0.002494535924852801,-0.01459500620601645,0.01371508557349443,0.008465096489806834,0.0018027084027156404,0.004921104252773761,-0.01956261626049531
1977-07-01,-0.01063102929399112,-0.005226116078731047,-0.005387661788898945,-0.001097981219059661,-0.001428366958698686,0.0199474787117259,0.005925214871911417,0.002254849765449762,0.00322203803807497,0.006472401786595583,0.01285825297236443,0.09639722853899002,-0.002404988010379513,-0.01248161671064943,0.02564418114849181,0.00955689512193203,0.008976298805945469,0.002738443901762366,0.004880768634135756,-0.01657760026951735
1977-08-01,0.004868947628925868,-0.004502361519116512,-0.004010792002242376,0.0003257523125099054,-0.0007182542530492853,0.01905091802017212,0.005925214871911417,0.001105453236959875,0.005256880074739456,0.007462931796908379,0.01845851168036461,0.09639722853899002,-0.0006641549503305661,0.002948928225434116,-0.02394594480629608,0.009073767811059952,0.008564564166683806,0.003908937927179992,0.004845475264228431,-0.005220692942007243
1977-09-01,0.007724197702874219,-0.005502075337837396,-0.007594593148178302,-0.00152297707269148,-0.002177987655161059,0.01905091802017212,0.005925214871911417,0.0005784891545772552,0.003239230951294303,0.006401044316589832,0.0143514983355999,0.09639722853899002,-0.00259809821071921,-0.005544050070132995,-0.0109325481437574,0.01122679188847542,0.008063892758875413,0.001908860052935779,0.004828946252395532,-0.04717740581962835
1977-10-01,0.002286378253922833,-0.005136365315434124,-0.00903141009227234,-0.002182875026528166,-0.002972478674751461,0.01721985394770241,0.005925214871911417,0.0003311012405902147,0.003274609567597508,0.005662355571985245,0.01011136546730995,0.09639722853899002,-0.00326235577427697,-0.009096183832869437,-0.01510639936250779,0.006290488876402378,0.00629440801611073,0.001308739747256524,0.004743689937523362,0.03120278607157782
1977-11-01,0.004266700452884992,-0.003349647530347983,-0.006618925161119601,-0.00102065003500405,-0.002083175506602569,0.01004630593541351,0.005925214871911417,0.0004651651252061129,0.003851770889014006,0.007736395578831434,0.01470794156193733,0.09639722853899002,-0.001587288861292018,0.003781795575482718,-0.01673337213982221,0.004197635687887669,0.007498943436460672,0.003816783232248362,0.00478699451384751,0.0005670034022899895
1977-12-01,-0.01619210940243646,-0.003866531132007267,-0.00833781189845573,-0.002622858475126368,-0.003163888778441977,0.01811641463925618,0.005925214871911417,-7.630744948983192e-05,0.003294930560514331,0.005261961836367846,0.005565933883190155,0.09639722853899002,-0.003677009627433865,-0.01716432584364926,0.009031298289214795,0.009006928652524948,0.00609369179155806,0.0016093115555122495,0.004780099103534508,-0.06744452073903716
1978-01-01,-0.005924757805201852,-0.004939904390647473,-0.002868854920867053,-0.002425839316195812,-0.004275395087527705,0.004593262758008932,0.0004315638226935079,0.0007891666609793901,0.0020416509360075,0.04268515110015869,-0.03350828588008881,0.004593390505760908,-0.004569982209616665,-0.00876272160433059,-0.02346320103643413,-0.009074927307665348,-0.002792480235935407,-0.003572125004197379,0.0046622775377228075,-0.02128167855920979
1978-02-01,0.0005404029838674274,-0.004247880800925367,-0.002845063145924444,-0.002190336378696431,-0.003821019751174458,0.004593262758008932,0.009870822891243145,0.0003607722464948893,0.002495252061635256,0.04322453960776329,-0.03136089444160461,0.004593390505760908,-0.003629108974660636,0.001778831085655002,-0.0121279470128796,-0.00613801646977663,6.856294779916704e-05,-0.000914782066100771,0.004620023537564937,0.02198431660122389
1978-03-01,0.001873772936287044,-0.002544095819205631,-0.002323010201444329,-0.002016704578413164,-0.003701465296476327,0.004593262758008932,0.01538709720436156,0.001825952203944325,0.002342666033655405,0.04317699372768402,-0.02642223238945007,0.004593390505760908,-0.003194108524426484,-0.0005106287159194096,-0.01828503985237108,-0.005035744979977608,0.0006100065632511306,-0.0012636666471662868,0.0046482581604326756,0.07993710790116636
1978-04-01,-0.01382005557493926,0.00391877673399681,-0.00211922769519023,-0.001968890430722205,-0.003611826966391717,0.004593262758008932,0.005947838135811917,0.001488228095695376,0.0007927143014967442,0.04167535528540611,-0.03725054860115051,0.004593390505760908,-0.00182051695410225,-0.005162308796041407,0.005970540413792525,0.009291068650782108,0.0007823624913883655,0.00114047119859606,0.004770480319102698,0.008241260638318905
1978-05-01,0.01023508742727328,0.01454878545212501,-0.00216236434123563,-0.001240335492811854,-0.0009300882233918136,0.004593262758008932,0.005947838135811917,0.02901459485292435,0.0008953846991062164,0.04426747560501099,-0.0417807549238205,0.004593390505760908,0.0009153748988348521,-0.004255751474885713,0.004661434117320885,0.005648723337799311,0.004684503583364445,0.00459332663188492,0.004776105570835625,-0.02180602565543134
1978-06-01,-0.009253535379860067,0.0107186243705266,-0.002891588943447455,-0.002822167198509811,-0.004645102967320312,0.004593262758008932,0.0004315638226935079,-0.001334740081802011,0.002443721517920494,0.0409463569521904,-0.04295866191387177,0.004593390505760908,-0.0003425105322022552,-0.002863057598354698,0.02750602448606494,0.004785528872162104,0.001806694291872469,4.452664524562635e-05,0.004733092413511568,0.05002085199516734
1978-07-01,-0.001156195043600511,0.01597867617000513,-0.003638292064682679,-0.001570950535133155,-0.0007775604971614015,0.004593262758008932,0.00499858617345868,0.04222218319773674,0.0009532421827316284,0.04408980906009674,-0.04492856562137604,0.004593390505760908,0.002259914494101434,0.01149994862094774,-0.01036060444952039,0.009759705513715744,0.004907284404068094,0.003426588626055183,0.004806255191511012,0.02750217469388858
1978-08-01,0.001218468511551468,0.0161750464506955,-0.003823875975648984,-0.001455471082978834,-0.0004709621010264989,0.004593262758008932,0.00499858617345868,0.03391395881772041,0.001783491112291813,0.04471053183078766,-0.04123876988887787,0.004593390505760908,0.003341556376544575,0.01746509159564571,-0.02477573144379978,0.01140603795647621,0.004527163224788119,0.003967409567276753,0.00484286151328904,-0.01075773706789813
1978-09-01,0.003151171317460316,0.01386220371390454,-0.005691141886519291,-0.003618850590338223,-0.003535532322743661,0.004593262758008932,-0.00674505310408134,0.05530235543847084,9.249057620763779e-05,0.04382713511586189,-0.03689463436603546,0.004593390505760908,-0.0007988336045906975,-0.005245972457949898,0.002608467654400164,0.005173662677407265,0.004417132589076495,0.0013504791153039009,0.004817739776443329,-0.1000191226797446
1978-10-01,0.002273933488244145,0.006932008102374928,-0.006141984188971579,-0.004117057438316691,-0.004289320064264168,0.004593262758008932,0.002694205964468298,0.02762236446142197,-0.0001528700813651085,0.04656155779957771,-0.04349713027477264,0.004593390505760908,-0.003932519574048565,-0.01487793484114787,-0.02849323686359099,-0.007611365523189306,-0.001115168485613127,-0.002042694827706837,0.004649191766063605,0.019640968324193
1978-11-01,-0.005301374055139918,0.0005397667829034457,-0.007940872164961105,-0.003963462934659984,-0.003164671442494374,0.004593262758008932,0.00726122831523347,0.02996928058564663,0.0001391209661960602,0.04692671447992325,-0.03490230441093445,0.004593390505760908,-0.003541148270414806,0.02057958120385043,0.04098470814782814,-0.01215650979429483,0.005288544417028238,0.00033944387454975296,0.004673255612866381,0.009517621990636414
1978-12-01,-0.004208470177219176,0.004217610937801554,-0.008766580108493282,-0.005599696370887022,-0.005665775098558463,0.004593262758008932,-0.00674505310408134,0.05592971667647362,-0.00176692008972168,0.04637913405895233,-0.03760445117950439,0.004593390505760908,-0.005358527187084461,-0.01415760260177213,-0.05221507104427809,-0.003461630782112479,-0.001864791425419698,-0.004783498682151818,0.004681019020523065,0.03404376554904966
1979-01-01,0.02117673937856357,0.0151753486884899,-0.003022967093389331,-0.004086742470428612,-0.00328473124543768,-0.03595030091879627,-0.006123848769682742,-0.001141487620770931,-0.0281044989824295,0.00359860435128212,0.01117420941591263,0.004994951654225588,0.01008254499954015,0.01630224070373741,0.0185778956317534,-0.01619710586965084,0.0001981782408074289,0.0012285583652555947,0.004727999414968707,-0.03673892880156705
1979-02-01,-0.01425495992533901,0.006346679587697804,-0.01072296275229962,-0.005115276699113646,-0.007284057254581174,0.03356061483913935,-0.006123848769682742,0.01319817267358303,-0.0176585428416729,0.01159457303583622,0.01165438629686832,0.004994951654225588,-0.006231042756020717,-0.0168995908939105,-0.04301865913383422,0.06089142709970474,0.0009332415100375335,-0.005619562734398194,0.00466175831558127,0.04850175150091583
1979-03-01,0.02435307668745373,0.01697861091418118,-0.002770966435220403,-0.004425009749161775,-0.003792748283644521,-0.01992175092395783,-0.006123848769682742,-0.007786405738443136,-0.0379037894308567,0.004321090411394835,0.01274552009999752,0.004994951654225588,0.008294198978541823,0.01237222376339807,-0.009365022526626613,-0.0005498528480529785,-0.0005362326372783721,-0.0016604096416366907,0.004731678559895998,-0.003896083008948246
1979-04-01,0.007982884279015584,0.01727211129001525,-0.004937695470696481,-0.005014453750808381,-0.005007437943460012,0.01336842320710652,-0.006123848769682742,-0.002389514818787575,-0.03136798739433289,0.008399127051234245,0.01227040961384773,0.004994951654225588,0.005809118615702154,-0.007764335713706626,-0.03065089546353539,0.03107668645679951,0.0004948464276835309,0.0013027184177190063,0.004717940086060258,-0.024931232327638
1979-05-01,0.01836184230335061,0.01721737916057874,-0.002022641402626679,-0.004501817777060248,-0.005660154033423478,0.04611896488417137,-0.006123848769682742,-0.007297574076801538,-0.03289629891514778,0.004538455978035927,0.01251265779137611,0.004994951654225588,0.009199784934305559,0.01693206809511437,0.0185778956317534,0.09403069317340851,0.01149889741447361,0.0070973682942655734,0.004670803086992375,0.03136179546700998
1979-06-01,0.02203207818313299,0.02043239167391202,0.001838128471703592,-0.003379021719562744,-0.002245935104767997,0.01672814420906003,-0.006123848769682742,-0.008425893262028694,-0.03294317051768303,0.00391774857416749,0.01199507154524326,0.004994951654225588,0.01266314669423655,0.02138585654734605,0.02541747775862669,0.03302433714270592,0.007581966442539685,0.008495011599734424,0.004713169741563832,0.003910605681648123
1979-07-01,0.01392702938531218,0.0181441710302253,-0.004270689632465347,-0.004641517683498953,-0.00454982092434956,0.01336842320710652,-0.006123848769682742,-0.003518621902912855,-0.0317096933722496,0.007552313152700663,0.01227813027799129,0.004994951654225588,0.006663177406527065,-0.004231820440590936,-0.02061647822473184,0.01595540344715118,0.0008263192881723725,0.0007381648756563663,0.00471189784923433,0.05236099847660571
1979-08-01,0.01681685253527779,0.01684278780331808,-0.004059742004857311,-0.004900156762740361,-0.004696903436378824,-0.006535188348732627,-0.006123848769682742,-0.004823897499591112,-0.03366986662149429,0.006773428525775671,0.01235103793442249,0.004994951654225588,0.006572447271266688,-0.001214330488519488,-0.01484875358253986,-0.02383004128932953,-0.00252195144247374,-0.004378322720618067,0.004787291995796626,-0.006251513550805744
1979-09-01,0.009053497291482165,0.01589602635499191,-0.008049620132967164,-0.006144801909112626,-0.006216457833077201,0.01336842320710652,-0.006123848769682742,-0.004300532396882772,-0.03373377025127411,0.01402865909039974,0.01254484243690968,0.004994951654225588,0.003463739843581653,-0.01548750910300405,-0.04301865913383422,0.02389592863619328,-0.001614320688434022,-0.00041839627665055936,0.00476985312447498,-0.07607360402227457
1979-10-01,-0.0020500618027261,0.01075968441901863,-0.02579197516291479,-0.00997428702568121,-0.01201004296121177,0.05323184337767572,-0.006123848769682742,-0.09673793613910675,-0.01494863070547581,0.02770662121474743,0.01070029847323895,0.004994951654225588,-0.01028408851053603,-0.0383692197870259,-0.04646508600060462,0.1125001683831215,-0.00267885058393362,-0.008049067897681977,0.004642339785126794,0.0427719113693323
1979-11-01,0.03317150882143655,0.02199209760748578,-0.005162347548249034,-0.007148960281988439,-0.006195621261570453,0.07061234308149804,-0.006123848769682742,-0.03803924471139908,-0.04803066328167915,0.007170663680881262,0.01288055814802647,0.004994951654225588,0.01556742544697399,0.0088663963690526,0.007859980658438516,0.1265104115009308,0.01243285319464879,0.007515322169659889,0.00470238635455074,0.008322534528490107
1979-12-01,0.0123623086254924,0.01740200116536094,-0.01018692443235589,-0.008144540884643827,-0.007868022733661958,0.07061234308149804,-0.006123848769682742,-0.06259292364120483,-0.04388147220015526,0.0139131061732769,0.01298602297902107,0.004994951654225588,0.0056039590326897,-0.009519256945282176,-0.02352381042568924,0.09979501366615295,0.004114306646565104,-0.0005644485577285772,0.004708078411428004,0.05004883537697656
1980-01-01,-0.003314477846431074,0.01279628833807155,-0.01242056062949304,-0.005397611387195682,-0.006455329089528877,0.004923892551721663,0.004016102601344855,-0.02804193645715714,0.01174936071038246,0.002339685335755348,0.009955191053450108,0.0399414598941803,-0.005133289731873859,-0.03864904327348898,-0.03160768373848411,-0.002823758171871305,-0.003007606865038611,-0.0030691180091511894,0.004779256993791501,-0.005361569784226887
1980-02-01,-0.01625878761057531,0.01135652395000469,-0.01236127687951336,-0.005015950922065637,-0.006646496254727758,0.004923892551721663,0.004016102601344855,-0.02059414237737656,0.0002428647130727768,0.002551746554672718,0.01036382466554642,0.03965659439563751,-0.007668591241464517,-0.0400217003391915,-0.02020253475495755,-0.03514916449785233,-0.005675443465357742,-0.005831223588396698,0.004763362280973291,-0.1114693781176687
1980-03-01,-0.01277478886719977,0.002577520687917832,-0.01702408450155655,-0.0109342414621746,-0.0109118182427956,0.004923892551721663,0.004016102601344855,-0.02724411711096764,-0.001382928341627121,0.002819367684423923,0.008216284215450287,0.0407271683216095,-0.003957682203887342,-0.02945024503560866,0.01234673526044458,0.03003263100981712,-0.0005012627145679687,0.0005972961731453555,0.004581464408674947,0.02948877332340974
1980-04-01,0.01226601297041427,0.006817649380744916,0.006018639916277503,0.004641867131761216,-0.001480199593663755,0.004923892551721663,0.004016102601344855,-0.207250252366066,0.02510704472661018,0.006863074842840433,0.007763341069221497,0.03679095208644867,0.02371083673830292,-0.01588676869011472,0.01731738683505872,0.03058223240077496,-0.002362386712395166,0.006840362111792675,0.00462038207885422,0.04155015123405567
1980-05-01,0.01689865580135391,0.0144651260144905,0.006381271627416698,0.004497440081372076,0.0005777608127147862,0.004923892551721663,0.004016102601344855,-0.02804471179842949,-0.00872871559113264,0.005903834942728281,0.007405340671539307,0.0378367155790329,0.01681379041988719,0.02703801682293017,0.0267766413957094,0.04980835318565369,0.01166059469489583,0.006893306149478002,0.00467799482324611,0.02121954954713401
1980-06-01,-0.002357241695159329,0.01893710366792431,0.00998523416085384,0.005830126460027561,0.002070592781887235,0.004923892551721663,0.004016102601344855,-0.01948834955692291,-0.01010419707745314,0.005893778055906296,0.006459761410951614,0.03741917014122009,0.01292477318683427,0.01759155192024259,0.0141922629142447,0.008682798594236374,0.007311085007366251,0.006176769733428955,0.004703760484809798,0.05989351860766496
1980-07-01,-0.01892559929040816,0.01479427721315438,-0.001686554714108117,0.0002142518806015833,-0.001385181123414016,0.004923892551721663,0.004016102601344855,-0.01043647900223732,-0.003236323595046997,0.003427821444347501,0.009030340239405632,0.03926922380924225,-0.001357029648815886,-0.02927890133943846,-0.02103105415964724,0.003329188097268343,-0.0005207515647518738,-0.0005713888841071514,0.004789592145965094,0.008074347272598953
1980-08-01,-0.02654718897878056,0.01490918185795752,-0.002831062133972156,-0.0009136877769688398,-0.002463217454354204,0.004923892551721663,0.004016102601344855,-0.009284254163503647,-0.002846516668796539,0.002832220168784261,0.01004403084516525,0.03931808471679688,-0.0003805455569939192,-0.03311163508885126,-0.05567536378899836,0.02452037110924721,-0.002093099235012615,-0.0006471166669813795,0.004794692697403966,0.02117719260683241
1980-09-01,-0.02567233271141006,0.01371621677292446,-0.002354580992611473,-0.00160905340423189,-0.003283527260510091,0.004923892551721663,0.004016102601344855,-0.02012407034635544,-0.00184251181781292,0.002761729992926121,0.009484965354204178,0.03973416984081268,0.0002519339617538391,-0.02494289496244701,-0.006639496454127568,-0.004410271067172289,-0.0009993579963119338,-0.001725782611022405,0.004820091922069747,0.01018124539861699
1980-10-01,-0.02393807409672061,0.01284234545133877,-0.004109092005137336,-0.00328686044614096,-0.004797174952774444,0.004923892551721663,0.004016102601344855,-0.02451787143945694,-0.001718243584036827,0.002687840722501278,0.009646672755479813,0.04008388519287109,7.735813464541247e-05,-0.0269590198484694,-0.01476281824790576,-0.01925379224121571,-0.003066553090747193,-0.0025025520150888936,0.004828390921259449,0.0948237721851579
1980-11-01,-0.011992931815275,0.01043939479600059,-0.004968808898296893,-0.004517676717991338,-0.006204724650715306,0.004923892551721663,0.004016102601344855,-0.01768231019377708,0.006396939978003502,0.004399775993078947,0.01004799641668797,0.03933797776699066,0.001097146731587145,-0.01071149943679529,-0.004746709144445567,0.0082786213606596,0.001757074208673653,0.002556624666466,0.0049674873374323985,-0.04066311583205265
1980-12-01,-0.006439089225642902,0.0083912748578167,-0.006230564274364292,-0.005190868532538889,-0.007442582805869326,0.004923892551721663,0.004016102601344855,-0.01903514191508293,0.02472155541181564,0.004188215360045433,0.01007512863725424,0.03910656273365021,0.003315270643029888,-0.01029302671881389,-0.003294977825523587,0.01864324882626534,0.003715937520319259,0.0036656866221873715,0.004897069739948625,-0.05735352423472554
1981-01-01,0.001205000476196816,0.00798300388888061,-0.009868745532403366,-0.006286573573142665,-0.007073664950809761,0.004738022797509431,0.004213890181270314,-0.004574283957481384,0.005384171381592751,0.007016750518232584,0.007278294302523136,0.005624534096568823,-0.001466871272032155,-0.006133435011862122,-0.003828871824344655,0.02902874350547791,0.002077497814136016,0.002709445328733565,0.004801152029664074,0.01070065878949952
1981-02-01,-0.00631887264923342,0.008857361301375974,-0.01150007828496493,-0.008194639787361287,-0.008688187498143863,0.004738022797509431,0.005497300580623923,0.007770281285047531,0.007383226417005062,0.006926351226866245,0.007278294302523136,0.005624534096568823,-6.902671454868392e-05,-0.01181720571743025,-0.002234121378236176,0.01102095935493708,0.001017137458283662,0.005117661689066677,0.004810228193909974,0.02693196905460672
1981-03-01,-0.009823147058683313,0.01206361994208766,0.003262150833542455,-0.0007025380284381398,-0.002600652865061049,0.004738022797509431,0.005497300580623923,-0.009372852742671967,0.0008432706817984581,0.006829947698861361,0.007278294302523136,0.005624534096568823,0.005948976235675758,0.01419333210455086,-0.006988355214973834,-0.0005426236311905086,0.002265579983295191,0.004000086815525943,0.004844209362666804,-0.03244439620698765
1981-04-01,-0.03577817828110005,0.00816744597998124,-0.01480032618867836,-0.009192284872621203,-0.008044742482778373,0.004738022797509431,0.003723868169743899,-0.003983572125434875,0.003907159436494112,0.007187665905803442,0.007278294302523136,0.005624534096568823,-0.01453121050934404,-0.02036610479940851,-0.003421490052032937,-0.03115895204246044,-0.006290616916577171,-0.003702531088733906,0.004787018249829912,-0.004223389544786581
1981-05-01,0.01414467156306867,0.007641495500874537,-0.0009408747305765632,-0.001618716724405035,-0.004196289418344342,0.004738022797509431,0.005497300580623923,-0.0260951854288578,-0.002278135158121586,0.006562379188835621,0.007278294302523136,0.005624534096568823,0.00982468020872141,-0.001807281741212091,-0.005873113973460067,0.05151393637061119,0.004375982339647453,0.005117661689066677,0.004773219769286853,-0.01972868045048328
1981-06-01,-0.003722582388130502,0.00139476687485297,-0.01070647548819082,-0.005681986058201891,-0.007135135516150276,0.004738022797509431,0.005497300580623923,-0.004475761204957962,0.006306015886366367,0.00715999398380518,0.007278294302523136,0.005624534096568823,-0.0004233174429176395,-0.006551217703021089,-0.006237638812547818,0.03879041969776154,0.001990952100368336,0.00048572471596766524,0.004735755090051731,-0.01269993884067758
1981-07-01,-0.03237659437449228,-0.001693888824113302,-0.01735313443161849,-0.008165180332720335,-0.00834352835554357,0.004738022797509431,0.005497300580623923,-0.01027835533022881,0.00612732907757163,0.007331416010856628,0.007278294302523136,0.005624534096568823,-0.0107643234957164,-0.01598721772340607,-0.008458040981525515,-0.006712215486913919,-0.00522097390441407,-0.007438697909817127,0.004709135710004817,-0.06946569307618392
1981-08-01,-0.03682603858938494,-0.007262105890734559,-0.02020841812080659,-0.01289445052143919,-0.01118567382961338,0.004738022797509431,0.005497300580623923,-0.01209458708763123,0.004313436336815357,0.007213974371552467,0.007278294302523136,0.005624534096568823,-0.01475378842103327,-0.01729612756462276,0.008519889788704037,-0.0135463485494256,-0.006430130393774647,-0.00922388986017397,0.004596064324660017,-0.06450692606008156
1981-09-01,-0.04553025329178123,-0.005935994400864288,-0.01569422668816261,-0.009911079513049252,-0.008903448839389747,0.004738022797509431,0.005497300580623923,-0.01096972450613976,0.003439635038375854,0.00718638813123107,0.007278294302523136,0.005624534096568823,-0.01206473375737659,-0.008841243564784744,-0.006237638812547818,0.002864810172468424,-0.00546620989092471,-0.0060868166067060536,0.004490884735033318,0.03848342656244087
1981-10-01,-0.02293740621802512,-0.001583176417938794,-0.0007486282088851092,-0.0014952825241577,-0.002214199125151211,-0.003213587477046248,-0.009619958236442086,-0.01957402750849724,-0.006176686845719814,0.006909247487783432,0.007278294302523136,0.005624534096568823,0.003323888288448221,0.00502379212074411,0.005494800141712945,-0.01788241416215897,-0.003236925642890101,-0.0015392294710482469,0.0045425451329473105,0.03086926073958786
1981-11-01,-0.0112875102064636,0.002245931096196532,0.01688005551470043,0.006906823154276941,0.00380367788832007,0.004738022797509431,0.005497300580623923,-0.01676295697689056,-0.005143879912793636,0.007046426646411419,0.007278294302523136,0.005624534096568823,0.01488192407596188,-0.00855853321106465,0.02157962365590491,-0.01463478803634644,0.002505934091589913,0.005117661689066677,0.004582494625521879,-0.03807602374972443
1981-12-01,-0.04301681220008402,-0.003669824891741341,-0.01413897051563478,-0.009929195673257882,-0.008262822594006784,0.004738022797509431,0.004213890181270314,-0.008673615753650665,0.003818954341113567,0.007117711938917637,0.007278294302523136,0.005624534096568823,-0.01960773884618996,-0.02977601813603096,0.001761138099258365,0.0146057978272438,-0.005494790939136956,-0.0009543433962414879,0.004517860506771506,-0.0241517159747852
1982-01-01,-0.03290345575340631,-0.004079509605082425,-0.01014298571227823,-0.007389096287603487,-0.006778148648794093,0.004341380200764683,0.004872386804646064,0.0001001264899969101,-0.0006549423560500145,-0.002294594654813409,0.004568211268633604,0.003532644361257553,-0.00794879227684974,0.004964835325489718,-0.005574965447782264,-0.02459516748785973,-0.004998879611233197,-0.003187052129947917,0.004474487471247214,-0.05972472922221168
1982-02-01,-0.02657953608438041,-0.003429719332097076,-0.007654461984169296,-0.007324635530803422,-0.007489418065541698,0.004341380200764683,0.004872386804646064,-0.0009153857827186584,0.0004881499335169792,-0.002353482879698277,0.004541668109595776,0.003532644361257553,-0.006432060188106402,0.01257242434595779,0.006058448722171377,0.0003830876084975898,-0.001586781860069214,-0.0002661490871105343,0.004377509802525977,-0.0159912316491444
1982-03-01,-0.01473215339691697,-0.001643353030687625,-0.00578878130086633,-0.00607737995007928,-0.006350007748247977,0.004341380200764683,0.004872386804646064,-0.0006840787827968597,0.000449182465672493,-0.002347102388739586,0.004536752123385668,0.003532644361257553,-0.005149700710419463,0.01814920029890884,-0.003429908353868422,0.0003830876084975898,-0.0006211144874681016,-0.0011637159067422423,0.004346787718888466,0.03095769680510846
1982-04-01,-0.02130636444755551,-0.0004996654482395,-0.004301035914125334,-0.005627649637009482,-0.005753314063779337,0.004341380200764683,0.004872386804646064,-0.001987102441489697,-7.299846038222313e-05,-0.002267156960442662,0.004956524819135666,0.003532644361257553,-0.004576005215133095,0.01922961041779448,-0.01002108402462963,-0.01948951929807663,-0.002435584331704041,-0.0021271297009661794,0.004386864389199038,-0.04119081231917345
1982-05-01,-0.01809880090049931,-0.001286701519890471,-0.005920492339462893,-0.006541137709463546,-0.006603220950159215,0.004341380200764683,0.004872386804646064,0.0004095146432518959,0.0007360507734119892,-0.002371908165514469,0.004718412179499865,0.003532644361257553,-0.005399260379510731,0.007630133936295426,0.03045263546361337,-0.01627209223806858,-0.0003625284899892735,-0.0004385934383192876,0.004318326529487199,-0.02645004355944788
1982-06-01,-0.03466108901129172,-0.003200655642570271,-0.015140639898799,-0.009347976236779808,-0.008219777857987682,0.004341380200764683,0.004872386804646064,0.0002832608297467232,-0.0002361414954066277,-0.002420634729787707,0.004177853930741549,0.003532644361257553,-0.01087688918557278,-0.01340850089031413,-0.01682051723067114,-0.005753291770815849,-0.006429911738927509,-0.00447697370669306,0.0042721277755999095,-0.02996102258247433
1982-07-01,-0.02663964874430186,0.000547516051399753,-0.0001221647441769537,-0.002755341374276271,-0.003592945237681118,-0.03557417112646633,-0.01948689783337802,-0.0007236776873469353,0.001411430770531297,-0.002267156960442662,0.004383014049381018,0.003532644361257553,-0.001760424433729238,0.02936082488794076,0.02059227637912356,0.008749669417738914,-0.001521565764026657,-0.0004229212157619445,0.004220803712094551,0.1094688388037989
1982-08-01,-0.02372955990645309,0.01026541746236188,0.01420964310319019,0.001854182167963958,0.0006693686211896917,0.004341380200764683,0.003461363690717117,0.0005647242069244385,0.003701123641803861,-0.002267156960442662,0.004081377759575844,0.003532644361257553,0.005990809919741527,0.01513269754749533,0.02923970565018012,0.003168240189552307,0.004638497603488921,0.003616884001530707,0.004378360650854588,0.002873992365220478
1982-09-01,-0.004066481602528038,0.01753755364100589,0.01567177224272408,0.001578199254944516,0.0007714111930711334,0.004341380200764683,0.003461363690717117,0.00250037619844079,0.003893410321325064,-0.002267156960442662,0.004324568435549736,0.003532644361257553,0.007716521132897733,0.01540505999276843,0.02912534642737644,0.01223928295075893,0.007235328217539461,0.0041089893784374,0.004376111968813281,0.1027444213094394
1982-10-01,0.004354555340255611,0.01988243215550295,0.01846463087587872,0.005646921957980689,0.002909621852530861,0.004341380200764683,0.003461363690717117,0.002591449301689863,0.004334830678999424,-0.002267156960442662,0.004225831013172865,0.003532644361257553,0.009736989574271987,0.01786116007362483,0.02024318501525012,0.00173251423984766,0.007565772085706392,0.004338105439882054,0.004522930340963469,0.0388516681820152
1982-11-01,-0.01310054206371461,0.01735692944185519,0.009943460183130179,0.0008811285534487852,-0.0004753951809709882,0.004341380200764683,0.003461363690717117,0.003310189582407475,0.002746064681559801,-0.002267156960442662,0.003889015875756741,0.003532644361257553,0.004050977839355336,0.00904439875838992,0.01397417424364149,-0.00250313151627779,0.003636593855679889,0.0034970040259873353,0.0045740909040648875,0.01041954126526298
1982-12-01,-0.01794848950273362,0.01703368933842327,0.009285413958191087,0.00226593363440598,0.001096135670080945,0.004341380200764683,0.004872386804646064,0.002100098878145218,0.001497389748692513,-0.002267156960442662,0.004503265954554081,0.003532644361257553,0.004496126511642434,0.006924424836443623,0.002803241452891199,0.0002167249913327396,0.002797075617393444,0.003167942907074376,0.004582789490911908,0.02800392595401292
1983-01-01,-0.008989817532465166,0.01696155481958262,0.005171978651576445,0.001670871890697485,0.003344010001432748,0.004339751642151744,0.006553390091719539,0.002184112090617418,0.01019208692014217,-0.01326016522943974,0.003264150116592646,0.004489194601774216,0.006337011419306534,-0.01790748421797704,0.009927025854277105,0.03145197778940201,0.004108103056836921,0.00441447312196298,0.0046175905852107214,0.01852825028229419
1983-02-01,-0.008409554380032352,0.01860404446178262,0.01454148692178731,0.009807260518265849,0.01112992685798234,0.004339751642151744,0.006553390091719539,0.003116396255791187,-5.355104804039001e-05,-0.005560662597417831,0.003264150116592646,0.004911481402814388,0.01421660688394027,0.05123401141276308,0.04579581372856596,0.0211701188236475,0.01216629194326962,0.008180325304992693,0.004638229546185622,0.02867457084739129
1983-03-01,-0.01873919427730159,0.01318002876852695,0.007046346645641134,0.002071161695351664,0.002960396341127804,0.004339751642151744,0.006553390091719539,0.002586525864899158,-0.009280461817979813,-0.02006681822240353,0.003264150116592646,0.00469522038474679,0.006128678268337091,-0.0008490563852782572,-0.005054824264018309,0.03958602994680405,0.002401332799932317,0.003112273228860225,0.004673838940705927,0.06670996687022275
1983-04-01,-0.007968007348148426,0.01450760231780913,0.01689431549744669,0.00873638362199369,0.009921537746777821,0.004339751642151744,0.006553390091719539,0.003312185639515519,-0.003720086067914963,-0.01396361365914345,0.003264150116592646,0.004921654239296913,0.01436577809468442,0.04251678456032679,0.03288499525238883,0.03190775588154793,0.0105296611016903,0.007644886856856614,0.004765608360720005,-0.01278116339188314
1983-05-01,-0.03677180866717045,0.005774413365440663,-0.001412534813533679,-0.004776715468175294,-0.005013666652958687,0.004339751642151744,0.006553390091719539,0.001975290477275848,0.004901183769106865,-0.009896505624055862,0.003264150116592646,0.004336063750088215,-0.005431880258385539,-0.02916192075165417,0.02479204562692474,-0.007913625799119473,-0.002777648074734556,0.00028137783187108447,0.004739689938633442,0.02942669528486034
1983-06-01,-0.029835273935166,0.008426824494694249,0.003829942938496846,-0.001178894690401045,-0.001333287441615299,0.004339751642151744,0.006553390091719539,0.002598676132038236,-0.01261439360678196,-0.018026202917099,0.003264150116592646,0.004687491804361343,0.001238921695036369,0.009218175335006105,-0.0154383108283658,-0.009585894644260406,-0.002740933363349527,0.0019187989135373024,0.004776101450943511,-0.03841603054045315
1983-07-01,-0.04373759560847473,0.00435587958743308,-0.005848894977742917,-0.007792111830061853,-0.007932322340009887,0.004339751642151744,0.006553390091719539,0.001372066093608737,0.002086469903588295,-0.005827929824590683,0.003264150116592646,0.004219336435198784,-0.006336034510495799,-0.03038190952098917,0.02162430163543567,0.007013607770204544,-0.003314240333526999,0.001729267998598516,0.004712490063621867,0.008362790056645216
1983-08-01,-0.02496937939330804,0.01118213161424749,0.005080243074040967,-3.917508682396015e-05,0.0005663096152601944,0.004339751642151744,0.006553390091719539,0.002778196008875966,-0.008182328194379807,-0.01585059054195881,0.003264150116592646,0.004734460730105639,0.007519510596535803,0.01604718024629945,-0.0005322205781884704,0.0291432086378336,0.002602177411187747,0.003801950879372195,0.004717858151846901,0.006440115051334147
1983-09-01,-0.02741761282331287,0.01245824730066502,0.01205225812809694,0.006270222418145781,0.006754450801755001,0.004339751642151744,0.006553390091719539,0.002498054411262274,-0.004603538662195206,-0.009199559688568115,0.003264150116592646,0.004929120652377605,0.01224544871313539,0.04576854862404055,0.06003032040067755,-0.01293916348367929,0.007687755540179034,0.005599671535261693,0.004720387163446735,-0.0207679600907095
1983-10-01,-0.01808106645099578,0.007406278661660471,0.003115589914079771,-0.0001231809606328411,0.0004753141503171521,0.004339751642151744,0.006553390091719539,0.002946005668491125,-0.008187009021639824,-0.01326855085790157,0.003264150116592646,0.004621187224984169,0.003961433201546575,-0.004149458191888537,-0.005054824264018309,0.01368468720465899,9.398113307033235e-05,0.0030307977912854478,0.004683014220258823,0.01599876601611393
1983-11-01,-0.03254319646312037,0.01017384307392413,0.008445343663376684,0.002541223357038842,0.002812237621474735,0.004339751642151744,0.006553390091719539,0.003003994002938271,-0.01068836450576782,-0.01367866061627865,0.003264150116592646,0.00481078028678894,0.006447334432317067,0.02591430149186235,0.02271349550001088,-0.001469073933549225,0.002665034360092485,0.003801950879372195,0.004699581938847191,-0.01274220863076222
1983-12-01,-0.02823433309759568,0.006178086626052634,0.002154116170614629,-0.0004275682877082701,-0.0001418053853491502,0.004339751642151744,0.006553390091719539,0.002814019098877907,-0.01191160641610622,-0.01619927771389484,0.003264150116592646,0.004669557325541973,0.001686809362446865,-0.0005404366658184083,0.007966802499261226,0.001099988468922675,-0.001045522260268172,0.001920462766530747,0.004674082245031972,-0.01118110879751555
1984-01-01,-0.01871182056679947,0.005845272315039034,0.007277636169236236,0.0001978383618872585,0.001569704417885381,0.00437839223385659,0.006454124764803779,0.003488009329885244,0.00554850697517395,0.005153586156666279,0.001328684389591217,4.584947600960732e-05,0.005471713517807855,0.01532862004964866,0.01251903439888706,0.001924135372973979,0.003613705460159541,0.004765989195261435,0.004650935980736282,-0.04219376664880277
1984-02-01,-0.02432519163018913,-0.003704415686724903,-0.004829682159615738,-0.009194538741753404,-0.006175263981313371,0.00437839223385659,0.0055189109379696,0.0008797720074653625,0.004953546915203333,0.005007878411561251,0.001332308165729046,0.0006682057864964008,-0.007589801647887501,-0.01040311641252001,-0.03757439321962416,0.0003849185013677925,-0.005042029407498677,-0.0016597485926785553,0.004582649242209258,0.01007714514560367
1984-03-01,-0.02355154886139713,-0.001756018103827094,-0.005657187200637044,-0.01054829276895234,-0.007267493510820386,0.00437839223385659,0.004058987632262364,0.0009998171590268612,0.004948659334331751,0.004979423712939024,0.0008377162739634514,0.0008219168521463871,-0.006725237306766427,-0.009140354326768626,-0.02930355027610152,-0.02220244519412518,-0.005945450896929333,-0.003706602652232069,0.004590647052840108,-0.0005163648033386517
1984-04-01,-0.03927006052923586,-0.003618695529497538,-0.002649024616807987,-0.008281981175048716,-0.005354505695711911,0.00437839223385659,0.005074822966021352,0.001775554846972227,0.004937122110277414,0.004979278892278671,0.0007622484117746353,0.0005378569476306438,-0.009463705464657378,-0.006773906983679037,-0.01358869741525601,-0.006969394627958536,-0.004595293476815089,-0.0031338600731527625,0.00458322407049101,-0.06266084190415673
1984-05-01,-0.04129153236055687,-0.004198319207976035,-0.009500309002400856,-0.01328165522180528,-0.009779200011054881,0.00437839223385659,0.002730035125312195,5.069607868790627e-05,0.003788282629102468,0.004957906901836395,0.0007926551625132561,0.001501880586147308,-0.01395983685383435,-0.02810588010051205,-0.04563276917751401,-0.009228826500475407,-0.0097986549824171,-0.006713572854225721,0.004485627458045948,0.01491109695869703
1984-06-01,-0.02682127197472575,0.004085019653701563,0.002514392876070923,-0.003655408219934347,-0.001003079679855409,0.00437839223385659,0.0040928181927845,0.00303356209769845,0.005358018446713686,0.005064142867922783,0.0006138244643807411,6.140163168311119e-05,0.0003849129171668297,0.01351924006389238,0.01599243167334205,0.0004776745627168566,0.001756004487963435,0.0027739774868846866,0.004500736834133849,-0.02133770070033944
1984-07-01,-0.03059211747101565,0.002454064142972964,0.007089941175492427,0.001866653652404213,0.003808689196406111,0.00437839223385659,0.00429728951049317,0.002737145870923996,0.006017179228365421,0.00498101906850934,-0.00121105182915926,-0.000264105387032032,6.729741706470657e-05,0.01593979763864782,0.002193134416059064,-0.01363014057278633,0.00063332426820016,0.00259560500694848,0.004463344015704799,0.09838923835318113
1984-08-01,-0.009712981651119515,0.01063856921525294,0.008113048937330334,0.001280825990625931,0.002493879683735045,0.00437839223385659,0.01934567664764975,0.002992251422256231,0.005876459181308746,0.005219310522079468,0.0006058793514966965,0.0003536459989845753,0.006528402487352609,0.02040364685734955,-0.00262327202644817,0.02136039547622204,0.006078383145495801,0.004798851377968029,0.004599075076886123,-0.008325746217104545
1984-09-01,-0.01497997616672882,0.01297389238680619,0.009883922751967292,0.004924134007277155,0.005114289004827348,0.00437839223385659,0.005413756557548219,0.003016455098986626,0.006004634778946638,0.005239233374595642,0.0008558658882975578,0.000177314504981041,0.006502801759637085,0.01831552560512817,0.00111019035469948,0.007850351743400097,0.004798798992764143,0.005176761189711495,0.004580424541108359,-0.005238762832468017
1984-10-01,0.0007159279944456837,0.01681246552366921,0.01363004227596033,0.009476636318572668,0.009165728517037121,0.00437839223385659,0.006022467572590095,0.004425159655511379,0.006265243515372276,0.005193499382585287,0.0005910824984312057,-0.0001634652726352215,0.01551403896809994,0.02008664182043521,0.008433831062056536,0.03651538118720055,0.009816442078324304,0.007349537288714406,0.004566275856132024,-0.01983906360353822
1984-11-01,-0.01002653260129875,0.01652798543525976,0.008811579213741613,0.006141864352970736,0.006240211057756365,0.1752836096149203,0.02606606835812927,0.003515759948641062,0.005494301673024893,0.005167234223335981,0.0007856730371713638,0.0002991263754665852,0.01094060288626184,0.01167284447281513,0.0014612186565716,0.2473468333482742,0.03223302375331512,0.0061910377053635505,0.004531160259787175,0.01796532089712708
1984-12-01,-0.01613203734024589,0.01871358825586792,0.01194874143451058,0.005428973953900264,0.005906725637158612,0.15324400756961,0.02996904021850982,0.003108731936663389,0.005520076956599951,0.005211497191339731,0.00103396363556385,0.0008342773653566837,0.009833321733026132,0.007356246565812945,-0.0004088032205062103,0.2408960312604904,0.03015402394710364,0.0057134012968792815,0.004550462214725881,0.06767907826081646
1985-01-01,0.001265971500299209,0.01883009967229553,0.01545238000848213,0.009105976864633828,0.009576498563168796,0.09711331065454136,0.06709768713413262,0.008066821843385696,0.004218446556478739,0.004386414773762226,0.004908360075205564,0.01890155673027039,0.01321245078871928,0.01077647870478496,0.009275696972846286,0.03212505951523781,0.02026957564739028,0.010176488633976879,0.004641034117231033,0.007591577879072759
1985-02-01,-0.02007132605712778,0.01272410520760112,0.003306538333435826,-0.002139468434752493,-0.0008008014174511295,0.09711331065454136,0.06328631103724279,0.00474411528557539,0.003868237836286426,0.005009158980101347,0.004922013729810715,0.01254750788211823,1.748331977144066e-05,-0.01679152051090128,0.01580880255150645,0.03611084446310997,0.01372845705380427,0.004833064507693052,0.004645261257290978,-0.006423449643150633
1985-03-01,-0.01091885254262907,0.01435360440656083,0.01139071295993488,0.006009140529523203,0.006765056355266301,0.09711331065454136,0.06788010677333801,0.006293231155723333,0.004149794112890959,0.004491072613745928,0.004912600852549076,0.01622013747692108,0.00672510434355943,0.008580990605036785,0.005089902458046668,0.03895873948931694,0.01800091576527036,0.0067450803494128655,0.00462942619162511,-0.009887721006407611
1985-04-01,0.004590731852686061,0.01708375346029092,0.01368122700974842,0.008276879329261237,0.008562576761303349,0.09711331065454136,0.06357072353787657,0.007839005440473557,0.004161752760410309,0.00441261287778616,0.004910812713205814,0.01649534702301025,0.01341720353801258,0.01376782226311773,0.01504613625543556,0.04211682453751564,0.02094042000091722,0.0135492152738805,0.004608687409913635,0.05367627491379797
1985-05-01,0.00503263305979805,0.01954560999500036,0.02360574458938729,0.01570963092731051,0.01555056505641177,0.09711331065454136,0.06960414150816882,0.02309799380600452,0.004885764326900244,0.004815794061869383,0.004905058071017265,0.02414508163928986,0.02007629594615759,0.001075392121204671,0.03638367046824424,0.044431172311306,0.02562361615891325,0.019810952970578975,0.00467868396840705,0.00936392906062971
1985-06-01,-0.01023186509506116,0.0150551689647636,0.0121382516301338,0.005267196092949258,0.006188089380478604,0.09711331065454136,0.0681202338638729,0.004534778650850058,0.004089915659278631,0.004399455618113279,0.004914099350571632,0.0151582807302475,0.007698593069926946,0.002904709665915738,0.009313287796321415,0.04565874114632607,0.01827014044870185,0.006943341225202775,0.00468535810671506,-0.008810453659146622
1985-07-01,-0.01253218674842581,0.01189104767029527,0.0081941928798084,0.001948332543394569,0.003059449902635635,0.09711331065454136,0.0646152975964874,0.004351323004812002,0.003973881714046001,0.004685908555984497,0.004916868172585964,0.01190976798534393,0.00235787249979932,-0.007260908739806005,0.02155543395400542,0.04823104292154312,0.01681316466044069,0.004801388364285231,0.004666160650433606,-0.01267188024545229
1985-08-01,0.006123169645141105,0.01656599572616598,0.01272958294796844,0.007594897737070495,0.008147914239050296,0.09711331065454136,0.06381085062841145,0.006317487917840481,0.004190325736999512,0.004472662694752216,0.004908125847578049,0.01656483113765717,0.01409001458001428,0.01063757765639936,0.001035692283910656,0.04565101116895676,0.0199970906626536,0.009392745947724828,0.004641532751433769,-0.03930027872530033
1985-09-01,-0.006123999426449409,0.01464200391491336,0.008599563038662461,0.005069314358548543,0.005723505897657622,0.09711331065454136,0.06359299292891168,0.004242989234626293,0.003975971136242151,0.004454009234905243,0.004911702591925859,0.01154141128063202,0.009277458414743114,0.003050070283842264,0.03082251058771561,0.04677419736981392,0.01922918821882701,0.007161534468160042,0.004579203940828472,0.03811136583296401
1985-10-01,-0.009812388205979322,0.01505413389463069,0.01378901448092083,0.007906885777539941,0.008696882499429424,0.09711331065454136,0.0646152975964874,0.00803814921528101,0.004145701881498098,0.004422738216817379,0.004911348223686218,0.01761005818843842,0.01106023149868898,0.0114508860144703,0.01788582055144449,0.05661632120609283,0.02084402448087425,0.01125555875657964,0.004626699920845662,0.06294447934563735
1985-11-01,-0.005668686206206322,0.01443003449409529,0.01536158231824275,0.007411151370555331,0.008189971970547532,0.09711331065454136,0.06504381471518082,0.008167825639247894,0.004301028326153755,0.004378802608698606,0.004907942842692137,0.01897548139095306,0.01067828017972748,0.01064567494077156,0.02238510640901042,0.1460177451372147,0.02702119167446415,0.01066197756024952,0.004709186171800105,0.0409547756855612
1985-12-01,-0.006008244574621305,0.01269341299347726,0.01639783667921007,0.008213794245812932,0.008982768753600653,0.09711331065454136,0.0687888780731012,0.01149374339729548,0.004471882712095976,0.004439416341483593,0.00490684388205409,0.02079759538173676,0.01150659270044409,0.006916271099973243,0.04887473977004109,0.1645304411649704,0.03025745520470105,0.011500168048869785,0.004760380507271519,-0.001780023441243877
1986-01-01,-0.01314092130337582,0.009106515621468608,0.008931311384511436,0.002361547398238868,0.001713195073348012,0.006908760958766051,0.008103635514519128,0.006119598634541035,0.005501664709299803,0.005649576894938946,0.005660885013639927,0.004272392950952053,0.004042272000857446,0.0008626271431969347,0.02722319266877095,0.03159680217504501,0.007182066052419899,0.005655230954289436,0.00475115567800704,0.06815852723110771
1986-02-01,0.003459233481508811,0.0116804872897445,0.01944217370347807,0.01214650787074484,0.01155829847598911,-0.00182503105177721,-0.007012274915911844,0.006694692187011242,0.004302843939512968,0.02774234674870968,0.01121553592383862,0.004270742647349834,0.01439693613351066,-0.02082809681067952,0.03205059347946113,0.007652333937585354,0.008559207690004764,0.009433934930711988,0.0048404618351240835,0.04904118304689589
1986-03-01,-0.001807748716021934,0.008114275809439526,0.01148184514813868,0.004592058698989012,0.003744940756367506,-0.01649513553256848,-0.007947861354040263,0.006825211923569441,0.006343075074255466,0.01304667443037033,0.005660885013639927,0.004266870208084583,0.005935507406573195,-0.03278067585532501,0.006023871413471176,0.007355486508458853,0.001522455058337625,0.005798196210106561,0.0049026288129184175,-0.01942198404424963
1986-04-01,-0.004698954841760916,0.005711665343625267,0.006934409499547673,0.001414422053970237,0.001242528347461299,0.02240092189007679,0.01166647634150595,0.006024118047207594,0.006051801145076752,0.01209913473576307,0.005660885013639927,0.004283512942492962,0.001610508342321491,-0.004519753639066426,0.01563616833996618,0.04284360259771347,0.008397590384971333,0.00586789169541643,0.004868465030815654,0.04866698753872562
1986-05-01,-0.007423889337084238,0.004831553005431577,0.00487097412511709,-0.00205644650049255,-0.002554565257243884,0.009908990538088962,0.007988307777797672,-0.001590990461409092,0.00543155474588275,0.01261083874851465,0.005660885013639927,0.004233830608427525,1.356028073394924e-05,-0.009717404831533815,-0.02880489394888885,0.03436541929841042,0.002360482737837006,0.004532691806929551,0.004929893533631796,0.01072937682230057
1986-06-01,-0.01109512466095583,0.005736080162557329,0.0117932685583616,0.004062164464631552,0.002731589231639398,-0.00182503105177721,-0.007591486637379384,0.007672911509871483,0.006142744794487953,0.004682408645749092,0.005660885013639927,0.004272368736565113,0.004509319885143043,-0.02423211864995261,0.0263268924452352,0.007692479994148016,0.002908709527622792,0.004595864265446068,0.004938016059246179,-0.0644483275661896
1986-07-01,-0.00563275149368378,0.004986268481147419,0.007398369072986755,0.002102010115677563,0.001229026752024621,0.006908760958766051,0.006532762982017744,0.006656881421804428,0.006088822614401579,0.009639195166528225,0.005660885013639927,0.004283280111849308,0.004215452635545062,-0.001052307071330839,0.008816969772742782,0.03297977522015572,0.006300837609642035,0.005874853814020753,0.004840972222007807,0.06659445440728591
1986-08-01,0.001121631153120667,0.007275873129536213,0.01377831428302178,0.005783628959224959,0.004881794967882408,0.009873006268518385,0.006355606055077899,0.008052827790379524,0.006262154784053564,-0.001563473371788859,0.005660885013639927,0.004282078705728054,0.007331341344690937,-0.01310388481709016,0.02696618761781935,0.005362951662391424,0.00614505772163788,0.0060228918716392615,0.004927220102154844,-0.09149901632473804
1986-09-01,-0.004288364078344292,0.002447484558128908,0.003707623140702467,0.001106406358326577,0.0005699710442027862,-0.02393449652269107,-0.003390984263258546,0.005077164154499769,0.007470327895134687,0.01248453836888075,0.005660885013639927,0.004234575666487217,0.003036935060176337,-0.007581644140546471,-0.02921056427286109,0.01328328344970942,-0.0005829286604882894,0.0027422098091526223,0.0047927344167616875,0.05050951294575264
1986-10-01,0.002406799094304857,0.007145504064038095,0.01211316164977592,0.00542381972247542,0.004187914804243902,0.006908760958766051,0.00625679533043687,0.007478058803826571,0.007269271183758974,-0.006284418515861034,0.005660885013639927,0.004290285520255566,0.008229903113111732,-0.004378892257277044,-0.006113880202075546,0.00880973320454359,0.004337731342997741,0.005958840172038398,0.004856406810256104,0.01998608023223401
1986-11-01,-0.008790452734809773,0.005510954852601493,0.01162379251150884,0.005292368765859413,0.004461386884665092,0.006908760958766051,0.007131665834221247,0.006076238118112087,0.006182319484651089,-0.003975865431129932,0.005660885013639927,0.004287214018404484,0.008175442763701954,0.001948219836444455,-0.01657088630287365,0.01661050878465176,0.003783284584900909,0.00558591993312071,0.004877449471482777,-0.0317879010340973
1986-12-01,0.0007845677826545799,0.002595876086894266,0.007420668980976541,0.003279784192458744,0.002610548992282302,0.00530332368168121,0.00687292911298936,0.007054140325635672,0.006646859925240278,0.003469144459813833,0.005660885013639927,0.004303061403334141,0.003902866782372637,-2.953343777626141e-06,0.005166978918668622,0.02088296227157116,0.005371977786652228,0.004735020161001382,0.0048265253735583595,0.1219031945948467
1987-01-01,0.006895135793676149,0.004710437234101473,0.01305607035047289,0.00520545853862811,0.004001696310413718,0.006955597987818166,0.007461385563508527,0.005841171834617853,0.004894264973700047,-0.0101353544741869,-0.02548174001276493,0.09234968572854996,0.006214172338005038,0.01299965574267687,-0.01220601802050076,-0.01693879254162312,0.006613926709193318,0.005523315186622982,0.0049889063294824764,0.03673958398349628
1987-02-01,-0.0120368904851615,0.0003094051314641421,0.009040218419754647,0.000684318446536554,-0.001354220112279165,-0.003882817044442517,0.001245412703234466,0.006030813325196505,0.004443340469151735,-0.01139266416430473,-0.02609099261462688,0.09234968572854996,-0.0005304210628212375,-0.0004660076014046648,-0.001012611152805676,-0.004628576803952456,0.003294249573880573,-0.0004982143321129512,0.005032882337313521,0.02170829445146056
1987-03-01,-0.009446576025185074,0.0009432107260422175,0.009408526249205384,0.001226234384088708,-0.0005067606029922588,-0.003882817044442517,0.002981480064481272,0.005738848820328712,0.004756512120366096,-0.005057073663920164,-0.03216657787561417,0.09234968572854996,0.0005483111936609372,0.001520133224547278,0.002172245644624556,0.002305698813870549,0.004555692609850718,0.001373183804317993,0.005055946531109021,-0.01378018949791181
1987-04-01,-0.02128190100722593,-0.002901469741419315,0.004264476848176654,-0.005071371083909468,-0.00768719007817778,-0.009051883264130565,0.001203458917912782,0.00754607655107975,0.004117069765925407,-0.005174674093723297,-0.03190011158585548,0.09234968572854996,-0.00882583099093362,-0.01637815664105052,-0.001507778337479656,-0.003166743088513613,-0.0002166463812984182,-0.00411905708621154,0.0050299297686379986,0.004698225207038312
1987-05-01,-0.005227495344039296,0.002520985857763761,0.01072087136007315,0.001505318009560278,0.0004063395146095758,-0.003882817044442517,0.0008920101569233168,0.006985311396420002,0.004791128449141979,0.0005005478160455823,-0.02825497463345528,0.09234968572854996,0.004886616041249847,0.007201495705798007,0.02084324871827577,0.002934013260528445,0.007448267812062661,0.002727499559146103,0.005029472245104758,0.0451306903759703
1987-06-01,-0.01014927931566585,0.0007910997254470774,0.01398578925018075,0.00355384150639601,0.001674075737472431,-0.003882817044442517,0.001111994608883105,0.006113721057772636,0.00495265144854784,-0.006002497859299183,-0.02562191523611546,0.09234968572854996,0.003732503318092141,0.01231218125345052,-0.00493017821563962,-0.002473485888913274,0.005469835629669784,0.001393035173177768,0.0050847080827505775,0.04384925487409717
1987-07-01,-0.01444474232994454,-0.0007574974866621734,0.01123995309476922,-3.192631541009891e-05,-0.002420613198090723,-0.003882817044442517,0.00348676938267759,0.006474175490438938,0.004787749610841274,-0.002039172686636448,-0.02972811087965965,0.09234968572854996,-0.0008326731937876274,0.001040050018895291,0.008083421249655264,0.0007192565826699138,0.004627719251491478,0.00034366513362990743,0.0051380293300564185,0.03377512520917753
1987-08-01,-0.01473637202298701,-0.001169676998915292,0.0115813307620378,0.0003241924627566603,-0.001993927838904484,-0.003882817044442517,0.00348676938267759,0.005981350317597389,0.004807235673069954,-0.002967100124806166,-0.03041228279471397,0.09234968572854996,-0.000273405791121728,0.003554137433377349,0.02158987038944365,-0.000973894726485014,0.005454068425445885,2.539333581746614e-05,0.005177366000220047,-0.02687325062201508
1987-09-01,-0.02684845116953055,-0.004774439683869898,0.006218207926797405,-0.005022762585509759,-0.008116097783795982,-0.009051883264130565,-0.0001965487269954028,0.007467968855053186,0.004416896961629391,-0.008543343283236027,-0.03260961920022964,0.09234968572854996,-0.008955317340523114,-0.01301147414268024,-0.007808978123087269,-0.002751820487901568,-0.001077373519966254,-0.006415870354298514,0.0051334008196682835,-0.2475810943967578
1987-10-01,-0.03424865741020983,-0.003406696324519086,0.009463783809406974,0.001826427438472479,-0.0004257502843298816,-0.004127210676979092,-0.009919124752881087,0.005985242314636707,0.004919372033327818,-0.04420983791351318,-0.02635926753282547,0.09234968572854996,0.001782485678964853,0.008939752311427842,0.009620500970306204,0.006111950613558292,0.001143916000212094,0.001804456558718666,0.004787216579645783,-0.09139835786481945
1987-11-01,-0.01671742665043885,-0.005389013172367766,0.004734226580277775,0.0007508594785484053,-0.001302205249937169,0.00610939173348174,0.004818783675177357,0.005107396747916937,0.004894925747066736,-0.01192286796867847,-0.02665462903678417,0.09234968572854996,-0.001381173598037262,0.01142956991427441,0.01534392672112429,0.0005196821875870228,0.005168195802360059,0.00274254302941309,0.00465563576645226,0.06782161616233907
1987-12-01,0.004619635568299751,-0.002927589526800186,0.006365541819412577,0.0008414405170626554,-0.001160056936228778,0.00610939173348174,0.004818783675177357,0.005736010614782572,0.0048517812974751,-0.00267244316637516,-0.02898429706692696,0.09234968572854996,0.003232884344441453,0.0182764508280395,-0.002143648463694199,-0.003163057146593928,0.006634407113756466,0.003926259956370602,0.00474192808939746,0.0379306785383158
1988-01-01,-0.01243678934704769,-0.00832610812040881,0.008634675110961217,0.001932397711146061,-0.0007153005263891045,0.008180203299042574,0.006553189099465011,0.006747774314135313,0.007928716018795967,-0.004071375820785761,0.003439588705077767,0.006475499831140041,-0.002169228423807602,0.002433109397806325,0.0008968767345013517,0.008803882636129856,0.002144194413735158,0.002936349051442046,0.004787206057267745,0.04346283586599146
1988-02-01,-0.0161323022700935,-0.009964703533082084,0.004492906502969338,-0.001910215674031768,-0.005032476805017769,0.008180203299042574,0.008387146817416972,0.004914514720439911,0.007787325419485569,-0.002398994052782655,0.003439588705077767,0.006475499831140041,-0.007144666050763609,-0.0005391735814413261,0.001717961574498883,0.02521860599517822,0.001718201306127285,0.002578775139788325,0.0048398976510126,-0.03592533264366016
1988-03-01,-0.02653793900392841,-0.0120517926491489,0.0008121278047672808,-0.005929932455206708,-0.009277044983689232,0.008180203299042574,0.006844096838427528,0.003316259477287531,0.007570583373308182,-0.001435806858353317,0.003439588705077767,0.006475499831140041,-0.01420508918371759,-0.03356484551214199,-0.003009167678311427,0.009569281712174416,-0.003737748580204515,-0.0003118395267930181,0.004784434752652501,0.006074701546471302
1988-04-01,-0.0196947305255002,-0.006643309042046136,0.002062290141172396,-0.006172183503638042,-0.008439443943693926,0.008180203299042574,0.007605431868740204,0.004236520733684301,0.007608518004417419,-0.0007951123407110572,0.003439588705077767,0.006475499831140041,-0.007850163507749731,-0.0250042437246853,-0.001887399666513347,0.02504273504018784,-0.0007397374144422009,0.0006335889002306693,0.004786187832535408,0.003388637901081184
1988-05-01,-0.03211888583881294,-0.006021026108650929,0.0035358837371133,-0.004438105594645796,-0.007939739356555231,0.004290713261946509,0.009030461817795621,0.00435689277946949,0.007639328483492136,-0.001388493226841092,0.003439588705077767,0.006475499831140041,-0.008812601245253474,-0.01997031938013467,-0.003491719585353941,-0.00951501727104187,-0.003432971186953443,-0.0024401064060975163,0.004784291563971697,0.04149115671202108
1988-06-01,-0.008482922419038842,0.0008646338764538332,0.01116144214471764,0.001736224029096203,-0.001173422548816062,0.004290713261946509,0.01008833353813328,0.007119081448763609,0.00781107135117054,-0.0008878663647919893,0.003439588705077767,0.006475499831140041,0.002403111750976218,0.01425671988346517,-0.01029531686466147,-0.003141857217997313,0.002854064650352196,0.0029213502280269928,0.004834029863630301,-0.00935800954422775
1988-07-01,0.007251748577377204,0.001032312098942312,0.005898384233944831,0.002300249846604135,0.0009019800759326527,0.005068926433172595,0.01048196345982322,0.002785926219075918,0.007581895217299461,0.0004666040185838938,0.003439588705077767,0.006475499831140041,-0.001520237021472234,-0.02040777573951521,0.02798800275545623,0.002779008354991674,0.003907754816652156,0.003112757462076843,0.004814825480128463,-0.03811655726285997
1988-08-01,0.009086468858988145,0.001450574004490058,0.003526660336538189,0.004575314496043044,0.004720090248671545,0.005068926433172595,0.0100321159683821,0.003832472488284111,0.007449234835803509,-0.001194339711219072,0.003439588705077767,0.006475499831140041,0.002039377597093887,0.007983423198151363,0.02276855287066631,-0.006294032093137503,0.005309995504259131,0.004647702372357294,0.004756810098043344,0.03596920086440489
1988-09-01,0.01135666614220752,0.00919445827844133,0.009007567129289584,0.007997280888285982,0.008455732573021589,0.005068926433172595,0.00943416239215336,0.007086407858878374,0.007935126312077045,-0.001471852068789303,0.003439588705077767,0.006475499831140041,0.01175366756376274,0.02326220438904056,0.003980698948818809,-0.0005193706601858139,0.007653547794774511,0.007966203600181514,0.004798932082883238,0.02035395805306832
1988-10-01,-0.001922911430211102,0.005754217890010594,0.009098855228428722,0.006276790518885526,0.00514618435606249,0.005068926433172595,0.009637582081417012,0.006544369272887707,0.007880236022174358,-0.001868188846856356,0.003439588705077767,0.006475499831140041,0.00592716843882923,0.02149138682951702,0.005607390372817497,-0.00870034284889698,0.005366047053403507,0.005840693164419912,0.004819895729743325,-0.02054557292669041
1988-11-01,-0.009472286863866163,0.002342087450986829,0.002614788505485059,-0.0001917743934502433,-0.001465543418995616,0.005068926433172595,0.00959327071095104,0.003276897827163339,0.007670535705983639,-0.001474743941798806,0.003439588705077767,0.006475499831140041,-0.003246005605477276,-0.01734554453340873,0.01147374505794884,-0.01362618617713451,0.0003208284558611119,0.002478437978235944,0.004785756471793886,0.01269623081313188
1988-12-01,0.009688145460200831,0.008809534782980862,0.004070796699649005,0.001747761047618014,0.002088732589940093,0.01991541949642193,0.01178161711473666,0.00543574895709753,0.00774995656684041,-0.001274170586839318,0.003439588705077767,0.006475499831140041,0.006462784089942362,0.01185259068646459,0.004413562586825581,0.01455965731292963,0.007326076583814125,0.006469141960541202,0.004796388829779555,0.06352563628681249
1989-01-01,0.006906523952361215,0.008043981359875788,0.005414555388432784,0.004703100018955693,0.003833039437947959,0.02660423869401326,0.01539156109905883,0.004869889933615923,0.00946133304387331,0.004804122261703014,0.009796115569770336,0.09844435751438141,0.004640369033570339,0.02118111938381154,0.01779082028572675,0.01793790236115456,0.0162389393336408,0.008752657201874549,0.0048752200344198676,-0.03083350791901134
1989-02-01,-0.009633931132529694,-0.007074695159148849,0.0007500074211794485,-3.768945683678068e-05,-0.001503378192820766,0.02660423869401326,0.01570635056000817,0.002330268733203411,0.01222927775233984,0.005247322376817465,0.009796115569770336,0.0980776697397232,-0.003999056103521907,-0.01153402270595336,-0.01160783827729956,0.008659063838422298,0.008375606478585406,0.0015401380771914298,0.004827353106868351,0.01669711657347157
1989-03-01,0.01082792748098155,0.0139845183230033,0.002878528043417785,0.002030039341648467,0.002301171116705886,0.02660423869401326,0.01518748091090541,0.004037362989038229,0.00911570992320776,0.004407245665788651,0.009796115569770336,0.09909084439277649,0.005669132751098163,0.0156923717226591,0.003124004417883027,0.03455149754881859,0.01620613680573225,0.009455912746489048,0.004843243017800886,0.04373975616034766
1989-04-01,0.002026345871552065,0.006164743698439996,0.004993398365879208,0.00458922394416272,0.00356421648447814,0.02660423869401326,0.01539156109905883,0.004552507307380438,0.009426679462194443,0.004677824676036835,0.009796115569770336,0.09860192984342575,0.00394676317468251,0.02403335672760903,0.002634376171259668,0.01301266625523567,0.01462599670907368,0.005579071032159602,0.004895243703820333,0.03352334699090696
1989-05-01,0.002366134881685383,0.00821501702212532,0.007763709256687561,0.00626067871398657,0.005226878157590188,0.02660423869401326,0.04208688933078024,0.004813113249838352,0.009730297140777111,0.003427708987146616,0.009796115569770336,0.09845279902219772,0.005516540908110417,0.02623444247029067,0.01619340805512819,0.02340867184102535,0.01850604020632208,0.008972657081451216,0.004933465470558767,-0.01349475353026202
1989-06-01,-0.000979794986895155,-5.839655432920109e-05,0.008924829846199168,0.005555568044525411,0.004375378810552902,0.02660423869401326,0.01518748091090541,0.006329130381345749,0.0115187419578433,0.001698076026514173,0.009796115569770336,0.09815149009227753,0.002014867096974286,0.009766807086215572,-0.01937782664941948,0.01052300725132227,0.01187685709861347,0.007626980113772459,0.004908894511891006,0.07914865307665551
1989-07-01,0.006489698347373202,0.005548215818887019,0.003804688969664167,0.002147647202556304,0.00102975407125698,0.03946041801910216,0.04502316001216464,0.004843183327466249,0.009532369673252106,0.005020974669605494,0.009796115569770336,0.099061518907547,0.001570591745410438,0.01509944094034343,0.001172217210372491,0.03011569380760193,0.01748223051827337,0.0060189570831301106,0.005007749050592423,0.01267994392201607
1989-08-01,-0.007071408760542325,-0.0008616367735696673,-0.001349313472409681,-0.002106351332494177,-0.003500508183028835,0.01832819736454482,0.01371483923945879,0.001008274499326944,0.01166920457035303,0.005878563039004803,0.009796115569770336,0.09825444221496582,-0.003189733620046674,-0.01647104705033561,-0.02502473854171046,0.01407221984118223,0.007071694912779334,7.331886287863828e-05,0.00501795143738953,-0.01138077572695198
1989-09-01,-0.006101471993328333,-0.003241702715620801,0.004339849453391464,0.0007119337441881639,-0.0006439931407385205,0.02577928925287583,0.01866733886811468,0.004339506383985281,0.01051684189587831,0.005257513839751482,0.009796115569770336,0.09898825734853745,-0.002349917875851988,0.003846772889474215,0.008801830260890358,0.01917186751961708,0.01236750195630844,0.0047986816465714725,0.004996173579269554,-0.0304028742170824
1989-10-01,0.006311445266643984,0.009678116959032625,0.01104610724389251,0.003868440238258216,0.00391389712545593,0.02577928925287583,0.01379553345135028,0.004857792984694242,0.01114536728709936,0.002277108374983072,0.009796115569770336,0.09890662133693695,0.006249457726492297,0.01438488737374238,-0.00463279844918595,0.01826380006968975,0.01472757386323324,0.00973711626440148,0.004949225240017097,0.01349612056053213
1989-11-01,0.00565859488418835,0.01386390873224057,0.005699289077670786,0.0008748760388516442,0.0008024454113117821,0.02660423869401326,0.03620668192871525,0.005109748337417841,0.01048735808581114,0.00484510837122798,0.009796115569770336,0.09973966330289841,0.005403446475046619,0.01252689247581246,0.001073948759448005,0.03846845775842667,0.01732254836892819,0.007747702323720561,0.004960545631170097,0.01553077197139576
1989-12-01,-0.008840598170284403,-0.0007297050387032513,0.001546309617162705,-0.0005346006662782198,-0.001884852250384386,0.00627454610771889,0.008542991706774134,0.004369457717984915,0.01004551630467176,0.005717390216886997,0.009796115569770336,0.09906140714883804,-0.001066195689512293,0.002883002039331103,0.02439985741682835,-0.002522664144635201,0.009816123617885591,0.003626229878658009,0.004974527412043412,-0.07613919427130728
1990-01-01,0.0003516477745316576,0.00399436051341072,-0.002246553035575672,-0.000961906947969618,-0.0009361871827199761,-0.01475488915149386,0.004038342921705571,-9.186286479234695e-05,0.005394672974944115,-0.03958954662084579,0.002398636192083359,0.005427900236099958,0.0001642194337262079,-0.0178345820002072,-0.007712142879834885,-0.001806478598155081,-0.004010273077193304,-0.0005140250237561615,0.004867375864245062,0.007607461852911942
1990-02-01,-0.02169531571973487,-0.003549523923785811,-0.002765029873591557,-0.002077446398830882,-0.004012474166855004,0.006502620653718184,0.006601063928509922,0.002976484363898635,0.005500869359821081,-0.04011213779449463,0.002434102818369865,0.005427370313555002,-0.004942372344782467,0.007223468458508516,-0.003954513636104292,-0.007696080487221479,-0.003383682153063736,-0.0024212381362112194,0.004870990753412169,0.0205588137360594
1990-03-01,-0.01611010750150037,-0.003225133632044234,-0.00187986593740355,-0.003055166708084492,-0.005577034658102192,0.005507623352829188,0.006563169523668344,0.001451332587748766,0.00556676322594285,-0.03960830718278885,0.002542328089475632,0.005429307464510202,-0.005762684859475529,0.003849420233015179,-0.0127176498365523,-0.01138313859701157,-0.004275571527235808,-0.002467516322744021,0.004891659821900505,-0.0311847258830101
1990-04-01,-0.01699857403201736,-0.01312309857407401,-0.006762840988238332,-0.01024464027992165,-0.01257632214448402,0.006502620653718184,0.006559317626867305,0.001350461971014738,0.005476901307702065,-0.03940503299236298,0.002612275071442127,0.005434112623333931,-0.0129419452587664,-0.0208140435505164,-0.01348113236248187,-0.01042467635124922,-0.008052288580002119,-0.010334658315585435,0.004844190893341412,0.08608566643244142
1990-05-01,0.001172496775323897,0.006150885332807547,0.01108433660572809,0.005176256691787798,0.00438515567371018,0.007484340759651208,0.007594591230041552,0.007639124058187008,0.005488717928528786,-0.03905306756496429,0.002036376856267452,0.005423964001238346,0.006469508736287169,0.02227786557114496,-0.0007753657615082313,-0.007341831922531128,0.002825834685731271,0.005456340964883566,0.004950947102985433,-0.01354986856645243
1990-06-01,-0.01129321326147403,-0.004891532245614382,0.007002968014845961,0.002268749686705401,0.001267298837367627,0.005645803381828971,0.00733879539347845,0.004846465773880482,0.005579195916652679,-0.03908116370439529,0.002140061929821968,0.005427141208201647,0.0005009215977806181,0.01685733997783491,-0.01788751599306149,-0.007341831922531128,-0.00135128221304235,0.0022044058082636847,0.004926667817330003,-0.0107401686792438
1990-07-01,-0.0006794128722456411,0.001258751186487988,0.00440785569686835,0.001347577005209363,0.001261336853274037,0.006489343458762213,0.007455252935851122,0.005607251543551683,0.005574173759669065,-0.03968449681997299,0.002192885614931583,0.005430161021649837,0.003096119266796503,0.01322189141831904,0.002706276428865979,0.002609683899208903,0.001393415649826689,0.002901197847831241,0.0049061346109124755,-0.1019671712827726
1990-08-01,-0.04287025070952258,-0.02162249174316183,-0.006716834996097347,-0.01016752245715501,-0.01230892795065116,-0.006527853869664948,0.002788151494672974,-0.0006419895216822624,0.00535769946873188,-0.0401572659611702,0.002452428452670574,0.005430961959064007,-0.01447645169073235,-0.03779538668478312,-0.01344293940843912,0.0004598508239723742,-0.01188992642462176,-0.008442178726626177,0.004766248084873621,-0.0567774716929746
1990-09-01,-0.02168986294190905,-0.01169688676522268,-0.00205696886447981,-0.004058207534674271,-0.006177785440467168,0.006502620653718184,0.005920880253716335,0.006926645524799824,0.005633117631077766,-0.03889254480600357,0.002448874525725842,0.005432098172605038,-0.007752278407361327,0.01124964541737719,0.01409259042911113,-0.000469283084385097,-0.002161709077273229,0.0009897957206703725,0.004685798777974473,-0.009588567271659213
1990-10-01,-0.01545204480628176,-0.01139382220145787,-0.00154593145892746,-0.003527641109444139,-0.005593538582775011,0.006502620653718184,0.005372478962418516,0.008022542111575603,0.005700371693819761,-0.03845074400305748,0.002503891475498676,0.005432066973298788,-0.006924144387820144,0.013861860286016,0.02472352146079395,-0.0257490910589695,-0.002282350249474618,0.00047898000828560793,0.004667163835350929,0.05578458397432625
1990-11-01,-0.02096660359495406,-0.01252291946291627,0.002016186461398279,-0.002726903304041996,-0.005864557563430399,0.006502620653718184,0.006233478313524345,0.008729123510420322,0.005569679196923971,-0.0384608767926693,0.002284356392920017,0.005430360324680805,-0.007490625565905219,0.01534487024502617,0.001493922496414798,-0.01645144075155258,-0.003179958090027684,0.0017550544789065384,0.004733809754697703,0.0219216228909028
1990-12-01,-0.02238705759781104,-0.01173090940679,0.001931617051559184,-0.00379850268820809,-0.006746701456571531,0.006502620653718184,0.006194413789198754,0.009371137246489525,0.0055602234788239,-0.03815611824393272,0.002508107572793961,0.005429678130894899,-0.00903798896697456,0.01039570532191526,-0.01401741743296384,-0.01177302375435829,-0.004359638518888526,-0.0009334428183244529,0.004756189719718804,0.03803481373922679
1991-01-01,0.0188579486822941,0.01149875855379774,0.007618312787601641,0.003320456318465101,0.003824934885011479,0.007549302731294492,0.008491231450471258,0.005862699821591377,0.007408253848552704,0.005883984733372927,-0.04372243583202362,0.005978506989777088,0.007166011083027075,0.006277556123093119,0.00995616454243498,0.001198235200718045,0.004198120119967469,0.006721783603060097,0.0047994649135023,0.06393833608841779
1991-02-01,-0.003231838742167398,0.0005681800894562199,0.01031452828324702,0.001954206166205417,0.002955533365105147,0.008765453258558644,0.007547758286101467,0.00601276196539402,0.007458198815584183,0.005831896793097258,-0.04372243583202362,0.005978109780699015,0.004301052611055841,-0.002830687499275068,0.01411749482039788,0.01658875122666359,0.002663060211756226,0.005905003286898136,0.004876268642300891,0.0192697483612739
1991-03-01,-0.005910408291466246,0.00322615806847447,0.01006579314966932,0.002011688541509384,0.002740539656189468,0.008765453258558644,0.007202892354016946,0.006028808653354645,0.00762410880997777,0.005856658332049847,-0.04372243583202362,0.005978149827569723,0.004538787433703523,-0.004858859758805376,0.01878398731290412,0.01783374324440956,0.002885316547505761,0.005917404079809785,0.004894937228188016,-0.002122920858891256
1991-04-01,-0.009725298969702506,0.002517786625539294,0.01051974644298503,0.002053483126927352,0.002864618653453849,0.008765453258558644,0.006101967925298723,0.006360823754221201,0.00776246190071106,0.005885347258299589,-0.04372243583202362,0.005978220608085394,0.004710848410069527,-0.006884019448428789,0.00816012940437486,-0.003058061935007572,0.0005181919489601273,0.005298097834184558,0.0048858467384379125,0.03674805524318657
1991-05-01,-0.00853724871099068,0.0004498633273967469,0.009560316777544271,-6.777976642946548e-06,0.0009765939016538362,-0.001326894958441404,-0.001197534764981584,0.006034189835190773,0.007299809716641903,0.00582779897376895,-0.04372243583202362,0.005978098604828119,0.003000676826267371,-0.01256775483268677,0.02076078109525762,-0.002415243303403258,-0.0006178600825387924,0.0007132286145252915,0.004927065636891662,-0.0511099624068682
1991-06-01,-0.006903218058551257,0.003141371342265562,0.006681555945086876,0.001275673343341097,0.00183022704509735,-0.003553881748592281,-0.003747602349031336,0.0062218327075243,0.005172185599803925,0.005869761109352112,-0.04372243583202362,0.005978052038699389,0.004988002633922201,-0.01312673678038178,0.01721646759961535,0.001534026116132736,-0.0006965449554837111,0.0024857991936814558,0.004854666375853213,0.04128872485974784
1991-07-01,0.003437434770346963,0.01130223458339126,0.0109546951849825,0.004468256516159883,0.003816350414292211,-0.001326894958441404,-0.002327566273763718,0.006454934366047382,0.007696270942687988,0.005871964618563652,-0.04372243583202362,0.005978165660053492,0.009442750853992751,-0.005356960111735077,0.01366889104057454,0.004012737423181534,0.002148176824894396,0.005170110567361767,0.004901678064219529,0.0187210648993973
1991-08-01,-0.01253333536035914,0.001314000734637298,0.01303706751094838,0.002155549097919825,0.003234292039272894,-0.001326894958441404,-0.005084555512399752,0.007069880608469248,0.00762494932860136,0.006019075866788626,-0.04372243583202362,0.00597842363640666,0.005735481460946122,-0.009081177577411354,-0.0118852278884253,-0.02495952136814594,-0.003526526763326006,0.0017347749162785616,0.00491948655240919,-0.02159320014999307
1991-09-01,-0.01694301145850091,-0.006204277796418438,0.01241840383497214,0.0007745740196924492,0.003177089117186071,-0.003553881748592281,-0.00222070775237901,0.00694018229842186,0.007512839045375586,0.005983967334032059,-0.04372243583202362,0.005978367757052183,0.002965604188099869,-0.008171943027903961,-0.01953478239700039,-0.004216462839394808,-0.003676029703586325,-0.0007230668663432804,0.004885364690501337,0.008780766604364422
1991-10-01,-0.006615609204864099,0.004835451217098685,0.008826887258018595,0.00100466556701171,0.0006484341700024425,-0.001326894958441404,-0.004062333716291559,0.006265807896852493,0.007367927115410566,0.005970137193799019,-0.04372243583202362,0.005978042259812355,0.006077704773880886,-0.01363030209503773,0.00829942720274732,-0.005718130618333817,-0.001237576360647385,0.0029200583920551974,0.0048903716338353515,-0.04523197306799415
1991-11-01,-0.002932531678479698,0.003790384328980242,0.008611729651554663,0.002742978691060605,0.003320192955711971,-0.01600810301956885,-0.009903367529357028,0.007509230170398951,0.006018498446792364,0.005885350052267313,-0.04372243583202362,0.005978094413876534,0.006566732827734015,-0.004770300320889116,0.03054566527179351,-0.03647360950708389,-0.002052593192327003,0.003555288642346106,0.0048260297279279964,0.1041455134725565
1991-12-01,-0.005877737158308555,1.719168998355267e-05,0.01703993929998333,0.003195087928768242,0.004626773993435748,-0.005952793556804678,-0.005179277894514607,0.008942916989326477,0.007372878026217222,0.006160458084195852,-0.04372243583202362,0.005978580564260483,0.007708187017140343,-0.01940200216460022,-0.01196098857170143,-0.02586032450199127,-0.003557096630414571,0.0016061398093758974,0.004953362399395468,-0.02231324787607526
1992-01-01,-0.02099940392859208,-0.01040036204237581,0.006178454711918481,-9.696096598871273e-05,-0.001522879517776739,-0.02282540779914009,-0.001480718356778065,0.004812361672520638,0.007485357578843832,-0.06969662010669708,0.008077472448348999,0.00554214371368289,-0.00173756610653707,-0.02103840223379684,-0.03916690338001831,0.03226372599601746,-0.007787856769773033,-0.001501798937277402,0.004918449966264264,0.009393652275259722
1992-02-01,-0.00289073219297719,0.005960742060494015,0.01073655453339482,0.004252234347512211,0.004250361720446284,-0.005848051976813306,-0.0006185018157202246,0.006588798947632313,0.007725438568741083,-0.05321352556347847,0.01634909212589264,0.005539796780794859,0.009413859220120644,-0.008445633488944122,-0.004615469977010743,0.05754583701491356,0.003295675019062398,0.004896015564153535,0.004924172731365282,-0.02245812448143451
1992-03-01,-0.01117896033066593,-2.705328909267599e-05,0.01005642204461512,0.001358601627906211,0.0009488101885327914,-0.01014432293525622,-0.0006185018157202246,0.004148582927882671,0.007670826278626919,-0.06740204244852066,0.008484184741973877,0.005542285740375519,0.004228431378290817,-0.0149549650491876,0.0248205296836798,0.04379266873002052,0.0004203435920913084,0.002753592277894441,0.00488920172598495,0.0248141431955733
1992-04-01,-0.02014441417131947,-0.008172423857956794,0.005971525735893987,0.002410579892642314,0.0005918186992286516,-0.0166720476910591,-0.0006185018157202246,0.005921639502048492,0.00778724392876029,-0.05639699101448059,0.012286476790905,0.005539431236684322,0.0022487073306235,-0.01663911999379618,-0.005745839471226738,0.01937742345035076,-0.003890905715526361,0.0014202630149260757,0.004914616192145139,0.001643385743729946
1992-05-01,-0.01530008183822514,-0.001428277575272339,0.01131368671847435,0.006665946846942376,0.005428714225931761,-0.0166720476910591,-0.0006185018157202246,0.007120892405509949,0.007825554348528385,-0.04895813763141632,0.006129443645477295,0.005535671953111887,0.007693572219484194,-0.007713892627404188,-0.00225444939448237,0.04609131067991257,0.0006787127793620677,0.005482193089521824,0.004910449019599387,-0.01794018242866058
1992-06-01,0.005334706424547586,0.003055093429736598,0.01218295778618763,0.00559888634451482,0.005555675949865505,-0.008590290824813976,-0.0006185018157202246,0.006486394908279181,0.007120087742805481,-0.05086366832256317,0.006918251514434814,0.005540297366678715,0.008962321720817075,-0.006897321843056005,0.01765994806513577,0.05441103130578995,0.004490991859539984,0.005577281147190163,0.0048813769694107615,0.03691004659978539
1992-07-01,-0.01104706162020293,-0.00282465031024268,0.01121810512561138,0.007228686942397908,0.005807985447696298,-0.01629177058909507,-0.0006185018157202246,0.00729349022731185,0.007659090682864189,-0.04775367677211761,-0.006866566836833954,0.005532092414796352,0.007649602859453552,-0.01428597295284725,-0.01198424669613695,0.04764539003372192,-0.0007273752412089514,0.002456795299538064,0.00492207413539599,-0.02393076549544088
1992-08-01,-0.01684109917508719,-0.004248598422549499,0.01145371290161158,0.005096263632630847,0.003753646112042357,-0.0008423037415193341,0.0008321228541247124,0.006241228431463242,0.007859659381210804,-0.06379387527704239,0.002709761261940002,0.005539999343454838,0.004097509748318625,-0.01203720573205464,0.02693136655608195,0.04723581299185753,0.001499250054155215,0.003925577930180491,0.004885458856676654,0.008679558347049419
1992-09-01,-0.001139867860497343,0.005259102418130803,0.009419960977772682,0.005646344432066096,0.005440505094241321,-0.0004620266395553027,0.0008321228541247124,0.005553996190428734,0.007857471704483032,-0.04950636625289917,0.006040722131729126,0.005535950884222984,0.009779971976130685,-0.01818959131335259,-1.902339715106822e-05,0.05393842980265617,0.00287423143765818,0.005488227989232153,0.004890267601277886,0.00219189088453118
1992-10-01,-0.01781069205014145,-0.003649514176312611,0.005019063164318289,0.002187604841666985,0.0005377272953704625,0.002619341854609305,0.0008321228541247124,0.003845304017886519,0.007720029447227716,-0.06242583692073822,0.005332142114639282,0.005541002377867699,0.002598382476448783,-0.02251655659331699,-0.001769852679843623,0.04190980270504951,-0.001876870579446477,0.002392993659057884,0.0048868519345478265,0.03093430163345391
1992-11-01,-0.01046177586084148,-0.003376522508535935,0.008324368729438543,0.005416333436087908,0.003962764320579733,0.0004855332545391232,0.0008321228541247124,0.006433062721043825,0.007789370603859425,-0.05682863295078278,0.01150612533092499,0.005540052428841591,0.005327214297148417,-0.01401461399189113,0.002940231524018746,0.04749026894569397,0.001335368945890604,0.004644989308864075,0.004919781706607127,0.01099391927252619
1992-12-01,-0.008984345820218634,-0.001042599267934872,0.01060446317249567,0.0071876060997287,0.006015128310714792,-0.0004620266395553027,0.0008321228541247124,0.007060476578772068,0.007869580760598183,-0.04858401045203209,0.003372833132743835,0.005535283591598272,0.007603870379480012,-0.01116710168614835,-0.005183182446757363,0.04816201329231262,0.001801256991245141,0.004454058362171054,0.004927451072220662,0.004457541409306832
1993-01-01,-0.004403083992908171,0.001272761089041423,0.01008873439152104,0.008793973668002907,0.008453033669700283,0.005025585094335521,0.006707760093462753,0.01262189820408821,0.006247519515454769,0.006212031003087759,-0.01968121901154518,0.005771115887910128,0.008626555895826591,-0.01203629858548648,-0.006563672220954065,0.005665554665029049,0.002675140585410408,0.005991573445498943,0.004926858500136281,0.01114192781782315
1993-02-01,-0.008284154118551042,-0.002467587855677775,0.008748112048235729,0.00850969810074972,0.008023047756077623,0.005025585094335521,0.006707760093462753,0.01318057999014854,0.006400616373866796,0.006212037522345781,-0.01968121901154518,0.005771115887910128,0.006615614834162932,-0.01682095314711806,-0.01464135122700042,0.004663962870836258,0.001122679075764957,0.0059915767051279545,0.004934686043357549,0.01878082284170461
1993-03-01,-0.01049488512610818,-0.004258605032270588,0.004897156257917304,0.006047981950141841,0.005333867255247777,0.005025585094335521,0.006707760093462753,0.01077617891132832,0.005426621995866299,0.006203305907547474,-0.01968121901154518,0.005771115887910128,0.003307812312452269,-0.01856530366262765,0.003856856695669702,0.003030438208952546,0.0008365417336425205,0.004961370676126413,0.0049521025676322,-0.02732250163424292
1993-04-01,0.0006749665436093441,0.001455012080451457,0.01050974882972177,0.006459539549596872,0.005837767489809433,0.005025585094335521,-0.0100682844596696,0.01138162240386009,0.003043629229068756,0.006214413791894913,-0.01968121901154518,0.005771115887910128,0.006711805781604678,-0.01579707858370552,0.006059745396499207,0.009135427884757519,0.002045862369262462,0.0058044416888597804,0.004911556582453964,0.0235240013516776
1993-05-01,0.002905411285963326,0.004010568656636892,0.007625838828204634,0.005783331906588675,0.004943990162875233,0.005025585094335521,0.006707760093462753,0.01359701063483953,0.003126805182546377,0.006202423945069313,-0.01968121901154518,0.005771115887910128,0.007752823443671859,-0.01746995076481906,-0.005674828841755013,0.008322181180119514,0.002434302980256531,0.005398350491122824,0.004934909712653743,0.001266409897675059
1993-06-01,-0.009364198676893459,0.0008413126807512968,0.01023379255455187,0.008196563417324856,0.00743708493339312,0.005025585094335521,-0.0100682844596696,0.02009348385035992,0.006565926596522331,0.006213552784174681,-0.01968121901154518,0.005771115887910128,0.007271918714676553,-0.01923991150771217,-0.0067983954563594,0.006402401253581047,0.001181295540962595,0.005992334336042404,0.004930312595091114,-0.007097446594155371
1993-07-01,0.00340796852730043,0.0009088306534140106,0.01067172281242216,0.006124336793562488,0.005228524816104682,0.005025585094335521,-0.0100682844596696,0.01229553483426571,0.004282251000404358,0.006204931996762753,-0.01968121901154518,0.005771115887910128,0.006171733806015246,-0.01733380284336715,0.005208540237498433,0.007849919609725475,0.002004230609696217,0.005218532526801557,0.004915259079209704,0.03434937636728215
1993-08-01,-0.004401076380748933,-0.002425706030724172,0.008902356716531539,0.007947079395593318,0.007134932846222387,0.005025585094335521,-0.0100682844596696,0.01385752856731415,0.006835722830146551,0.006213070824742317,-0.01968121901154518,0.005771115887910128,0.005878406423928905,-0.0199669347873862,-0.01019626560414858,0.003586822422221303,0.0002758209209202159,0.005398350491122824,0.004952051725819793,-0.01010575440210382
1993-09-01,-0.009727562159935501,-0.008727514909386624,0.008182870482477657,0.005928883181427907,0.005178591807360917,0.005025585094335521,-0.0100682844596696,0.009981024079024792,0.00617959164083004,0.006192662287503481,-0.01968121901154518,0.005771115887910128,0.0009830686608630033,-0.0144865951279306,0.01137286161558351,0.002727400744333863,0.0003020299883239576,0.005102088450848219,0.004933252966608901,0.01708834746913212
1993-10-01,-0.009062098661142045,-0.005527901917365594,0.004762831155593268,0.005567754923819893,0.004666197281804743,0.005025585094335521,-0.0100682844596696,0.01081808656454086,0.005870792083442211,0.006205297540873289,-0.01968121901154518,0.005771115887910128,0.00226884773233629,-0.01854099566012611,0.009371319314817342,0.0025710454210639,1.148330668057466e-06,0.0047145142186990055,0.004948408944791599,-0.01089529924668306
1993-11-01,-0.01296445716553481,-0.00928264843005568,0.00512184450287437,0.00330103979950128,0.00238592140899016,0.005025585094335521,-0.0100682844596696,0.009591697715222836,0.005990330129861832,0.006172362715005875,-0.01968121901154518,0.005771115887910128,-0.001914178573450796,-0.02117500196064352,0.01113385286782838,-0.005936457775533199,-0.0016580310784314,0.00284348060424572,0.004928678299472204,0.01007377697526503
1993-12-01,0.007134445212156663,0.005702825380210358,0.009218195662463416,0.006488716634778333,0.006034040907876532,0.005025585094335521,-0.0100682844596696,0.01042590569704771,0.004327891860157251,0.006200341042131186,-0.01968121901154518,0.005771115887910128,0.009321053952394246,-0.01151199204166267,-0.004025851798895281,0.008535371161997318,0.002431133823855371,0.00590257839789333,0.004935077675934632,0.03058600778602676
1994-01-01,-0.001155004763391948,-0.001754434273275941,0.007773128547752499,0.007727068498149355,0.007279581116084998,0.005064754737199274,-0.004264413442038309,0.008775204420089722,0.006264615803956985,0.006589461117982864,0.007717727683484554,0.006612482946366072,0.005755035206678912,-0.01507205423864398,-0.004070244214864821,0.002926791552454233,0.002885606293624029,0.006009825505317949,0.0049669421853881625,-0.03003253039310807
1994-02-01,-0.01328595241269785,-0.01152873782976814,0.002558007818117806,0.002841532959636017,0.002134663556441128,0.005064754737199274,-0.005866575504601626,0.0001082047820091248,0.0069661820307374,0.006583864800632,0.006607609800994396,0.006612482946366072,-0.003019366154613567,-0.0250342084853756,-0.02825584257280494,-0.005762264598160982,-0.003329727757868093,0.0011214341692251265,0.004923518522139408,-0.04653046992611819
1994-03-01,-0.03527926286360197,-0.01811892056272913,-0.006381519364244997,-0.001201661275552299,-0.004210838945410123,0.005064754737199274,-0.005008666846798382,0.0003255307674407959,0.00831859465688467,0.006619708612561226,0.003337366040796041,0.006612482946366072,-0.01426648884408479,-0.0341560245179547,-0.01133165480402202,-0.006588051095604897,-0.0066415407099222,-0.004609752896104252,0.004859758932984195,0.01004215790044517
1994-04-01,0.007622101641593895,0.002534735982993303,-0.003827842942269869,0.004731544151938667,0.003677206259948194,0.005064754737199274,-9.151104322060548e-05,-0.03414604067802429,0.007079210132360458,0.006602202076464891,0.003337366040796041,0.006612482946366072,0.001798928377800383,-0.0129889337189166,0.02651275505642868,0.005901422817260027,0.001901273864919907,0.0042043752059434305,0.004866172793092438,0.01348205917971965
1994-05-01,-0.01608236545996829,-0.01248150027496486,-0.007925025809264939,0.002155133691133076,-0.0002298709996651563,0.005064754737199274,0.002251739181328187,0.010818250477314,0.007051841821521521,0.006660971790552139,0.003337366040796041,0.006612482946366072,-0.007332702713240893,-0.01496039084721829,0.02725216111170713,-0.01256681047379971,-2.337279876279312e-05,0.0022034364362306315,0.004876822838069728,-0.02816688933632583
1994-06-01,-0.007565398236268561,-0.007965542885170969,-0.00428936922624542,0.002233992933290787,9.005098575792098e-05,0.005064754737199274,0.006214323363876267,0.007407480850815773,0.006970877759158611,0.006669479422271252,0.003337366040796041,0.006612482946366072,-0.006036853854892305,-0.01570106829812735,0.03065349133521006,-0.003226087428629398,0.001904373777838003,0.002785679487043414,0.004836028131681584,0.0290912100953493
1994-07-01,-0.008310418174373658,-0.01025881190570508,-0.002745592349513197,0.006136156515513107,0.004388236614065451,0.005064754737199274,0.005604235150149477,-0.004671920090913773,0.006578139029443264,0.006579948589205742,0.003337366040796041,0.006612482946366072,-0.00281097170632106,-0.002074588357454377,-0.001757630548385934,-0.01085124164819717,5.125905261713581e-05,0.0007898677462050536,0.004865935877629387,0.03771225803549113
1994-08-01,0.01351970623047927,-0.0004979838092687532,-0.001132675633234179,0.004692942981450021,0.004617310102298409,0.005064754737199274,0.006344313880344272,0.003439188003540039,0.006094879005104303,0.006616769358515739,0.00416397862136364,0.006612482946366072,0.003898145534765873,-0.01242665321207057,-0.00761616021842714,-0.001911878469400108,0.002592445003689135,0.004390644361831024,0.004906387013291779,-0.02792439088636163
1994-09-01,-0.02230069845776,-0.01517588007823487,-0.001003769748004184,-0.000180818945340739,-0.00167962883772162,0.005064754737199274,0.001528770946716733,0.007210034877061844,0.007050786633044481,0.006685078144073486,0.004451440647244453,0.006612482946366072,-0.007636047050422493,-0.03133726636078148,-0.0367381850300391,-0.01380901597440243,-0.005703622596937535,-0.0005922943466724615,0.004866004752652598,0.018674789624328
1994-10-01,-0.002000550647247204,0.001030422832979145,0.002020792861203006,0.001655779228591555,0.000349218699999182,0.005064754737199274,0.006792569283940491,0.002229798585176468,0.005713151302188635,0.006702462211251259,0.007053037639707327,0.006612482946366072,0.002237189884795838,-0.01684962064310596,0.003748400862737464,0.01027643121778965,0.002664770062723263,0.002992795373766651,0.004882968861831561,-0.04071615234329407
1994-11-01,0.00317043865422998,-0.00163383600295789,0.002661080466070061,0.002127412946146063,0.001085122729610075,0.005064754737199274,0.006762508823422307,0.005845926702022552,0.005400439724326134,0.006799096241593361,0.004828743636608124,0.006612482946366072,-0.001733388390135544,-0.00871847335369973,0.02094576248552442,0.01083662081509829,0.004378418322588971,0.004946749186903699,0.004827019019862082,0.01115603101258826
1994-12-01,-0.01453203927192206,0.001819510595256489,0.002388016329093485,0.005896051493939704,0.005623756798400572,0.005064754737199274,0.006263385764505166,0.01280726119875908,0.006110682617872953,0.006612515076994896,0.003337366040796041,0.006612482946366072,-0.000346493635063394,-0.0003318753563768748,0.01343406680702049,0.01776908524334431,0.004908032961636638,0.005759904146170138,0.004834775162010031,0.02127739844728496
1995-01-01,-0.00439984595199281,0.004328115296378821,0.004329883707932704,0.006528830541155761,0.007105388835049891,0.005887304353567792,0.005949370727568523,5.101598799228668e-05,0.004576316569000483,-0.00975595973432064,0.004873797297477722,0.004386234562844038,0.005004858422221474,0.002807570869971798,0.0004520639793076524,0.009920443408191204,0.003252836804521669,0.00448127556592226,0.0048549007719063285,0.03428884969937881
1995-02-01,0.003978684848397217,0.002614849254143564,0.006514704609910096,0.006751427147769167,0.007275181490840856,0.005887304353567792,0.005949370727568523,-0.0004911497235298157,0.004506150260567665,-0.01059772633016109,0.005460803396999836,0.004386234562844038,0.005499041742195943,0.004061351343275399,0.01024461408424927,0.01111576240509748,0.004572287760858496,0.00547992256959789,0.004890883594556051,0.02491608387767031
1995-03-01,0.001616517810085233,-0.0001305497797877714,0.002436593752256753,0.004342436684151582,0.004528858950638304,0.005887304353567792,0.002504413278203058,-0.0006990600377321243,0.004173976834863424,-0.01001088786870241,0.005532965064048767,0.004386234562844038,0.001939421161575711,-0.003054945647471573,0.01492506089591922,0.01541628409177065,0.003362164006639416,0.0033391950565332413,0.0049153343885525265,0.02438665590270996
1995-04-01,0.004016554983202157,0.001552351683042604,0.004126264602266658,0.005375212801352986,0.005665225031743219,-0.001577761334248572,0.0002093180621480719,-0.0005653300322592258,0.004324513953179121,-0.01018433086574078,0.005451967939734459,0.004386234562844038,0.003412784674744328,3.693676381489805e-05,0.02040475150571376,0.01365418452769518,0.003768054928702057,0.004071409792734407,0.0049390799025941816,0.03464765585402357
1995-05-01,0.01059606827496181,0.005527116762543259,0.01140289456279512,0.01000143060432742,0.01046663350947447,-0.001577761334248572,0.0002093180621480719,0.001343562034890056,0.004473477136343718,-0.01173551939427853,0.006709850393235683,0.004386234562844038,0.009062095383111726,-0.0140256176906082,-0.01456362658762,0.0198480449616909,0.003257762577600685,0.005000296949443489,0.004975265744191539,0.01848729213521828
1995-06-01,0.002724705290861912,-0.001017075663154291,0.001368676331677409,0.003674851451559496,0.003455820406212277,-0.001577761334248572,0.0002093180621480719,-0.0002596396952867508,0.004182632081210613,-0.01057822071015835,0.005372016690671444,0.004386234562844038,0.0001250295381141596,-0.007941238323984138,0.002741060782026689,0.004947059322148561,0.0007383417995401606,0.0020466908112696603,0.004991703732501789,0.02817502413304125
1995-07-01,0.002721659004547156,-0.002379582417397797,-0.0007279973040743891,0.001995638602410811,0.001703060256306416,-0.001577761334248572,0.0002093180621480719,-0.00067479582503438,0.003657284891232848,-0.0009521450847387314,0.005134205333888531,0.004386234562844038,-0.001930971743545229,-0.01454706240609058,-0.00303934799544108,0.001574413850903511,-0.0002779905966430859,-0.00023273888144315403,0.005019873016099043,-0.000996016018596163
1995-08-01,0.00775093942321662,-0.000714429595300544,0.007415775001117733,0.005569350291044614,0.005618001661448942,-0.001577761334248572,0.0002093180621480719,-0.0008845827542245388,0.004367207176983356,-0.01065192930400372,0.005118338391184807,0.004386234562844038,0.0015930587939488,-0.00353983452696802,0.01520245202463383,0.003735388163477182,0.002724845377331413,0.0040512976702302686,0.005012572179891889,0.0365489185301133
1995-09-01,0.006857693629898041,0.0002446853302933323,0.003477408988937865,0.004796453525606354,0.004631858113275177,-0.001577761334248572,0.0002093180621480719,-0.0001514041796326637,0.004336358979344368,-0.01057464443147182,0.005472003482282162,0.004386234562844038,0.001415460005235025,-0.00434114816693636,0.007220827847896026,0.003851477988064289,0.001890926400220958,0.003664443488501077,0.005050798054255793,-0.007736711821456054
1995-10-01,0.003533500309133054,-0.004684622538073007,0.005747661950790537,0.00472678393473905,0.004362665391728082,-0.001577761334248572,0.0002093180621480719,-0.0007890397682785988,0.004815645050257444,-0.01113663148134947,0.005316087976098061,0.004386234562844038,-0.0009104489622592526,-0.01115020805653951,-0.009832368011693031,0.003273407695814967,-0.0002318609511805088,0.0017413628789815195,0.005035316807432898,0.03854289890586902
1995-11-01,0.005473748345113848,-0.002235750748784474,0.005441271503352834,0.005424645634454139,0.005063495819061826,-0.002758246382228005,0.0002093180621480719,0.0002364623360335827,0.004395715426653624,-0.01079005002975464,0.00538859236985445,0.004386234562844038,0.001694000778762524,-0.0009615950075717479,0.0030004020788641,0.0009303332772105932,0.001556161126625923,0.002347201428813312,0.005075833835363292,0.01329501638880721
1995-12-01,0.004632827631055901,-0.00124426894700524,0.004939459116683895,0.005199966496403112,0.004656143842726414,-0.002758246382228005,0.0002093180621480719,0.0001324359327554703,0.004449402913451195,-0.01101286988705397,0.005345561541616917,0.004386234562844038,0.001748978365405562,-0.005638843097564222,-0.0008530857314793262,-0.002081566490232944,0.0007569654955954295,0.000979148213776817,0.005085760384340882,0.02937811779484362
1996-01-01,0.00575184739549358,-0.00238950075669623,0.001760495595299742,0.003438745946174096,0.002598309866998966,0.004639778232681815,0.004136813416946979,0.005319602321833372,0.006600044667720795,0.005986039526760578,0.01163642108440399,0.01109868660569191,0.00512813773624773,-0.009967534635298026,-0.004010312613308907,0.008191813714802265,0.003744961756609541,0.004883957984464772,0.005115063589902405,0.005748654376939697
1996-02-01,-0.007103056084638338,-0.01084027962540459,-0.005539048243454849,-0.001081115186776534,-0.002230919092233986,0.004639778232681815,0.004136813416946979,-0.00104562658816576,0.007009445689618587,0.006017465144395828,0.01163168251514435,0.01118125393986702,0.005128137736247729,-0.03164193729164022,0.002193695709668317,-0.04694188013672829,-0.003405349366529496,0.0005740345607512785,0.005115826952296425,0.005651893127577053
1996-03-01,-0.00154709396744878,-0.005771293183613908,-0.0004920638962846542,0.002071522609329874,0.001277617949558003,0.004639778232681815,-0.02366077538072232,0.004449318163096905,0.006546665914356709,0.00599429477006197,0.01115067303180695,0.01111738570034504,0.00512813773624773,-0.01830325440979719,-0.01642732239074511,-0.04448466747999191,-0.00364444228756993,0.0016745702794439385,0.005116472037946583,0.01112426839474938
1996-04-01,-0.003529706918819535,-0.008006186701155188,-0.001885089026935113,0.00159672965073729,0.0006544580273479227,0.004639778232681815,-0.02366077538072232,0.006292911246418953,0.006288443226367235,0.005987123586237431,0.008954137563705444,0.01107347849756479,0.00512813773624773,-0.02241998555886178,0.009796914266236443,0.002644067164510489,0.0002221522257226012,0.003641922698596152,0.005123692947029278,0.02035678662726243
1996-05-01,0.001548626100142565,-0.005173112145509875,0.002219674240376257,0.003892995603314952,0.003289511119875656,0.004639778232681815,-0.02366077538072232,0.007849345915019512,0.006380192935466766,0.005986039526760578,0.00980868935585022,0.01109392568469048,0.00512813773624773,-0.01103130715752454,-0.008271140872580256,-0.001984617905691266,0.0007322476867748919,0.003591253361595304,0.005141979974256449,-6.970965929738778e-05
1996-06-01,0.002350301874639103,-0.002200494061353186,0.004788379295651483,0.005762755930538278,0.005226118786944903,0.004639778232681815,-0.02366077538072232,0.009747941046953201,0.006734960712492466,0.005986039526760578,0.009693369269371033,0.01134217530488968,0.00512813773624773,-0.006591917320498075,0.0227463006795776,0.0008845290285535157,0.003911100041420488,0.005177128261596317,0.005135730945918854,-0.04944974419432076
1996-07-01,0.01196060044621744,0.004295924979419031,0.007316607087140395,0.003737232225810029,0.003185821218170567,0.004639778232681815,0.006587448955743447,0.004926519468426704,0.006198566872626543,0.005986039526760578,0.02036778628826141,0.01106432732194662,0.00512813773624773,-0.006263892905350982,0.02600765020944532,0.01561342552304268,0.008171998324161833,0.006092303199693561,0.005070359119403597,0.01720309101221281
1996-08-01,0.006890011294047628,0.005219588522362587,0.003251340686049426,0.00306893606863989,0.002591957234722008,0.004639778232681815,0.006587448955743447,0.004768591374158859,0.006258417386561632,0.005986039526760578,0.01415953040122986,0.0110202394425869,0.00512813773624773,-0.01228009320974906,0.008626734046044087,-0.002297951374202967,0.004601169145242777,0.0051738631293051585,0.005084871956595953,0.05043444545131187
1996-09-01,0.009354405238442741,-0.001042288965462971,0.006752056986246631,0.006959441420349682,0.00660021268854433,0.004639778232681815,-0.02366077538072232,0.01047287974506617,0.006918382365256548,0.005986039526760578,0.00859762728214264,0.01154105365276337,0.00512813773624773,-0.004221879729023794,0.02422742564712443,-0.001282746088691056,0.004810609397357907,0.0066761348373954804,0.005139053047987489,0.02205682171355538
1996-10-01,0.008322970791945515,0.0003282023516423755,0.008801929891462034,0.008249020213369816,0.00797770482606085,0.004639778232681815,-0.02366077538072232,0.0113914106041193,0.007076675072312355,0.005986039526760578,0.007952362298965454,0.01165500935167074,0.00512813773624773,-0.004558302276032065,0.01592140869282352,0.001751634292304516,0.004810200389100763,0.007514518685638905,0.005159241316084825,0.06948667505874291
1996-11-01,0.01154718523063227,-0.002569738875299423,0.005934834884420709,0.006474230613828031,0.005660727514152121,0.004639778232681815,-0.02366077538072232,0.01122239883989096,0.006877513602375984,0.005986039526760578,0.008805140852928162,0.01142122689634562,0.00512813773624773,-0.00949943633668597,0.01741228876754232,-0.001405708026140928,0.003998365254934854,0.005960437205590644,0.005235912870009329,-0.0241106686172917
1996-12-01,-0.0002097564566288165,-0.01149203268312413,0.0005566368903160137,0.001270395746070683,0.0003124145190483221,0.004639778232681815,-0.02366077538072232,0.004738494753837585,0.00691760890185833,0.006005239207297564,0.01467861235141754,0.01108570769429207,0.00512813773624773,-0.02295835384548614,-0.006434403119931477,-0.04619127511978149,-0.00347584816078792,0.0009135163181933484,0.005200976463476828,0.05629866417661625
1997-01-01,0.0115766251626656,-0.003276403960668723,0.001382722542891773,0.00376321412035606,0.002953539307831174,0.004440457713069528,0.00471524803409921,0.00687407236546278,0.006732472684234381,0.005790999159216881,-0.03964518755674362,0.007109790574759245,0.005274796694144149,-0.02489094319804817,0.01157663336539877,0.04339292272925377,0.002985684983620175,0.004995022364121679,0.005261734712838468,0.003230217742286036
1997-02-01,0.004510989508685552,-0.003814923472247705,0.002183050092906775,0.004455872245931774,0.003732229668550342,0.004440457713069528,0.004981638788176672,0.007590916007757187,0.006789764389395714,0.004409004002809525,-0.03829008713364601,0.007109790574759245,0.005274796694144182,-0.02033594690948019,0.002369655052867238,0.04096939414739609,0.002273537585692245,0.004448164979500651,0.005259321984844937,-0.0464346379810189
1997-03-01,0.01179826932466616,-0.0006438299681367299,0.002190329254858941,0.001435052548497982,0.0005636624793532476,0.006078547450184503,0.005057648855398388,0.003927329555153847,0.006478806957602501,0.006345158442854881,-0.04023546352982521,0.007109790574759245,0.005274796694144056,-0.04192624535889702,0.02592572459126374,0.04306584224104881,0.002652838757057959,0.005166222774771222,0.005198000561397887,0.0542328112530891
1997-04-01,0.01271923580593973,-0.001354245263612489,0.00421984639118707,0.006014276845582541,0.005352332209071426,0.004440457713069528,0.003820310451716769,0.009207208640873432,0.006984717212617397,0.003537146374583244,-0.03524764254689217,0.007109790574759245,0.005274796694144269,-0.007593266360059165,0.005104679677309341,0.03211211785674095,0.003856360142314445,0.005189738185726805,0.005256098678331171,0.0552980099945012
1997-05-01,0.01458631251988416,-0.0001303756270674269,0.00421643706319018,0.005635092125248169,0.004900799535602128,0.004440457713069528,0.004981638788176672,0.008793682791292667,0.006881594657897949,0.003713900223374367,-0.03748408332467079,0.007109790574759245,0.005274796694144226,-0.0118559538858647,-0.0006314625776813463,0.03741056099534035,0.003615199266668461,0.0049412191618894,0.005315319875155039,0.03826723624115176
1997-06-01,0.01512974460537984,0.001315743351323417,0.004913227253610172,0.006258077504688503,0.005403092787892012,0.004440457713069528,0.004981638788176672,0.00941282045096159,0.006965883076190948,0.003290219232439995,-0.03620373830199242,0.007109790574759245,0.005274796694144273,-0.008446912946125845,-0.001580937337013813,0.03764281794428825,0.004119170086987024,0.005128217741160472,0.005354270130906808,0.07362891522469671
1997-07-01,0.02142671539709793,0.002906117034547094,0.01067582536604989,0.009693185032132907,0.008757484646726826,0.004440457713069528,0.004981638788176672,0.00881970301270485,0.00714825838804245,0.001231631264090538,-0.03194298595190048,0.007109790574759245,0.005274796694144425,0.005862270484762329,0.01561836575069424,0.03630900010466576,0.007394515893735262,0.0071290244814008474,0.005434877740226514,-0.06082938737769908
1997-08-01,-0.001790428240335547,-0.01092179421967348,-0.001009801928288768,0.000702221938626256,-0.0008701838597894793,0.004440457713069528,0.003663585252220236,0.003329788334667683,0.006477606017142534,0.008540937677025795,-0.04076740890741348,0.007109790574759245,0.005274796694144011,-0.05013346328966263,0.01878979955839647,0.03942539542913437,-0.0004836688284985775,0.0034966867934439596,0.005356735918153488,0.04839646244320606
1997-09-01,0.02609194364926382,0.006676243360992489,0.006896012657379226,0.006100221107839623,0.004787509568488791,0.004440457713069528,0.003820310451716769,0.009249327704310417,0.006980398204177618,0.001959985122084618,-0.03451809659600258,0.007109790574759245,0.005274796694144299,-0.005020642858441227,0.01198270101884684,0.03431769460439682,0.006009290811064144,0.006388232234416056,0.005407430531257201,-0.03754390393370907
1997-10-01,0.005428635738939404,-0.007036287754205064,0.006750462152650437,0.00533939912695805,0.003875052038777667,0.004440457713069528,0.001658976592185592,0.00824692565947771,0.006869039963930845,0.003277858719229698,-0.03438976407051086,0.007109790574759245,0.005274796694144273,-0.02097254316086423,0.01276318779754716,0.03225082904100418,0.002555426051693352,0.005307097910551162,0.005356899549533711,0.04108804158029175
1997-11-01,0.008206136117676503,-0.006195254112963631,0.001793177697273305,0.0041430960698084,0.002447489764742423,0.004440457713069528,0.003820310451716769,0.007319222204387188,0.006838648580014706,0.005044072866439819,-0.03602949529886246,0.007109790574759245,0.005274796694144193,-0.01324802909337537,0.006925352182918674,0.02827444858849049,0.002260263812514986,0.004742265289754674,0.005398886790462922,0.01311218410047991
1997-12-01,0.007925643648162832,-0.003792134385815428,0.003260713962771023,0.004868436629381706,0.003195196209408986,0.004440457713069528,0.004981638788176672,0.007748796604573727,0.006891814526170492,0.005007548257708549,-0.03601692616939545,0.007109790574759245,0.005274796694144212,-0.00857538755516811,0.004952376538404325,0.03274120017886162,0.00312587263845087,0.004967007663290499,0.005407939956319749,0.007130172661730172
1998-01-01,0.007675964255912236,-0.001859381525265564,0.005606085992148016,0.004924600752310862,0.003114294716833294,0.00493013952610099,0.006821826408883254,0.008806920610368252,0.007615200709551573,0.01931563019752502,0.00739264115691185,0.008115946315228939,0.005423010968345282,-0.01212317405368788,0.01654015818568457,-0.006525168661028147,0.00536091847223891,0.006213956200515635,0.005409958986455049,0.06519796710245475
1998-02-01,0.01124842328771144,-0.004297979939490479,0.003082566409685927,0.003688214056944644,0.001626621811551234,0.00493013952610099,0.006821826408883254,0.007452811114490032,0.007489489857107401,0.008866285905241966,0.007377231493592262,0.008058829233050346,0.005423010968345273,-0.0152427187923702,0.004413802193370829,-0.0139636741951108,0.002935929958694007,0.005176575247223132,0.00547996836364006,0.04617312629137806
1998-03-01,0.00944577607992688,-0.005314430839489691,0.004044474406026132,0.004038957006038136,0.00179674082779133,0.00493013952610099,0.006821826408883254,0.00793725810945034,0.007639803923666477,0.01306905224919319,0.007388674654066563,0.00809650868177414,0.005423010968345276,-0.01424736201411697,-0.0008062491209758124,-0.001720225438475609,0.003658997214262789,0.0051765752472231336,0.005527562700397648,0.00732444048982122
1998-04-01,0.005339697517422873,-0.005204364060763744,0.004105185735947966,0.004356580897466301,0.002149404221892866,0.005884841627836034,0.006821826408883254,0.007975967600941658,0.007662530988454819,0.01294812187552452,0.007388351485133171,0.008091552183032036,0.005423010968345278,-0.01380909493091883,-0.0008062491209758124,-0.001522806356661022,0.003550284815097585,0.005381354242884075,0.005529661856693705,-0.02211875961676844
1998-05-01,0.01879624379056311,0.00229773518332615,0.005320748621785893,0.005351544823745757,0.003257100706957422,0.00493013952610099,0.006821826408883254,0.008858006447553635,0.008067618124186993,0.02065866999328136,0.007403613533824682,0.008096803911030293,0.005423010968345282,-0.009095839290773903,0.01893042509744113,0.006188605912029743,0.007581640859892613,0.006505216160456498,0.005497399987996549,0.03616094950423096
1998-06-01,0.005698768227359721,-0.008199667435681214,0.00597384258105014,0.004288177543147004,0.001716862870999373,0.00493013952610099,0.006821826408883254,0.008839909918606281,0.007751495577394962,0.01962152123451233,0.007381010800600052,0.008119928650557995,0.005423010968345282,-0.01786977122562141,0.01654015818568457,-0.004925323650240898,0.004506993136356152,0.005836305404204931,0.005533138390696122,-0.01425307104116285
1998-07-01,0.00264866057619674,-0.01212682585973681,0.003608809997767676,0.002811753516645456,0.0001816882608273417,0.00493013952610099,0.006821826408883254,0.007790530100464821,0.007645628415048122,0.01205342635512352,0.007408005185425282,0.008106839843094349,0.005423010968345273,-0.02134626402732534,-0.0112943557936556,0.006655791774392128,0.001957416577974824,0.005176575247223132,0.005510104386700944,-0.1584494147953003
1998-08-01,0.001066235630781717,-0.006345889241105596,0.008471667114530297,0.003168590349323286,0.0005783518002437961,0.004041349413754678,0.004736207788621312,0.005681832320988178,0.007751776371151209,0.02199207060039043,0.007350420113652945,0.00813322700560093,0.005423010968345281,-0.0452525202420227,-0.0257335735226725,0.0007999275112524629,0.0001164177489272327,0.004388778601187995,0.005319453783000942,0.05697363568661802
1998-09-01,0.0306014460349781,0.002979341002426899,0.007279452923671173,0.0082858184455303,0.006418140320367541,-0.01312522036063681,0.004736207788621312,0.009281755425035954,0.00836109183728695,0.02110488712787628,0.007329293061047792,0.008079567924141884,0.005423010968345286,0.009625042589634421,-0.01884921848462858,-0.01691995374858379,0.005038166428444669,0.007304372992359483,0.005379447025629997,0.07247343546762516
1998-10-01,0.02518100501277892,-0.005147781228356563,0.003112796863527969,0.002498153139797323,-3.233810339975732e-05,0.005884841627836034,0.004736207788621312,0.006171922665089369,0.00814073160290718,-0.005319021642208099,0.007299256045371294,0.008113790303468704,0.005423010968345271,-0.02222695134394246,0.03036315098701733,0.005865516141057014,0.005004018176744428,0.005644263554701143,0.005457282279042985,0.05710967970899026
1998-11-01,0.0152112145572374,-0.00298325432852037,0.004778337864277139,0.007446155431374054,0.005559543789945935,0.00493013952610099,0.006821826408883254,0.008737428113818169,0.007379176095128059,0.01631823368370533,0.007389000616967678,0.008060615509748459,0.005423010968345287,-0.002080356210546062,0.007039942663945534,0.007774652447551489,0.006737854196122646,0.007209559379536797,0.005517134419749761,0.05486233399159007
1998-12-01,0.01116257348731944,-0.008128157550855594,0.004120406195497461,0.004077721269256243,0.00131254609343193,0.005884841627836034,0.006821826408883254,0.007948718965053558,0.007656297646462917,0.009097732603549957,0.00736707728356123,0.008094683289527893,0.00542301096834528,-0.01671310300479701,-0.01248525528726439,-0.003060167655348778,0.002411297021278715,0.005653926298090656,0.005574246919254205,0.0381166048385133
1999-01-01,0.01379357471270037,0.003580853106173126,0.005754404738214022,0.005624972537798813,0.005624972537798813,0.005590062533959893,0.004875548804645959,0.009334726259112358,0.005464614368975163,0.01940983161330223,0.00561164878308773,0.007954765111207962,0.005624972537798813,-0.02337448874338772,0.013864619707219,0.03013287484645844,0.00742924709094156,0.005624972537798813,0.00561186814228225,-0.03595509940963743
1999-02-01,-0.001252053580261432,0.000884024891034077,-0.0003123776778100416,0.005624972537798813,0.005624972537798813,0.005590062533959893,0.004875548804645959,-0.001014580950140953,0.00405191583558917,0.01812588609755039,-0.003983985632658005,0.007954765111207962,0.00562497253779881,-0.04246528201221039,0.009434494232615592,0.04319034516811371,0.003872105027189523,0.005232805669302926,0.005563869334485576,0.03474557339941271
1999-03-01,0.009382493247956529,0.00299369047549242,0.00455953349912549,0.005624972537798813,0.005624972537798813,0.005590062533959893,0.004875548804645959,0.01147412322461605,0.005392516497522593,0.01902864500880241,0.004337597638368607,0.007954765111207962,0.005624972537798812,-0.02948058181560493,-0.0001868334139209474,0.03896648436784744,0.006360185174588496,0.005607517535879352,0.005597527586002216,0.03258102135869468
1999-04-01,0.00746152450890241,0.002273837771059345,0.005107995549812705,0.005624972537798813,0.005624972537798813,0.005590062533959893,0.004875548804645959,0.01193585805594921,0.005378967151045799,0.01901019923388958,0.005531113594770432,0.007954765111207962,0.005624972537798812,-0.03427810666115168,-0.004018584664387375,0.03581411391496658,0.005594513282379204,0.005607517535879352,0.005628614560394719,-0.02712557882073969
1999-05-01,-0.001016325977468764,0.000320803180086893,0.002890761245962711,0.005624972537798813,0.005624972537798813,0.005590062533959893,0.004875548804645959,0.003003144636750221,0.004868754651397467,0.01831632666289806,-0.002745289355516434,0.007954765111207962,0.005624972537798811,-0.04111185241727607,0.02994312029322311,0.04548605903983116,0.005953174751443663,0.005232805669302926,0.0055909227383220675,0.0496061034936374
1999-06-01,0.009929641164288787,0.002458141133078774,0.004110596018467066,0.005624972537798813,0.005624972537798813,0.005590062533959893,0.004875548804645959,0.01086175348609686,0.005071987397968769,0.0188381839543581,0.005610764026641846,0.007954765111207962,0.005624972537798812,-0.04261554000296675,-0.02917670895656177,0.04086710885167122,0.003828201321015822,0.0056178682822203285,0.0056415149001097864,-0.03467805860190223
1999-07-01,0.007659619992189066,0.001556651504497427,0.003978181290970788,0.005624972537798813,0.005624972537798813,0.005590062533959893,0.004875548804645959,0.01855473592877388,0.004823907744139433,0.01855954900383949,0.005289414897561073,0.007954765111207962,0.005624972537798812,-0.03596369171381874,-0.036156956796774,0.04314299672842026,0.004171231415188058,0.005607517535879352,0.005595223770945594,-0.00879528986148775
1999-08-01,0.02215068365790272,0.002587369587112131,0.003839851910019901,0.005624972537798813,0.005624972537798813,0.005590062533959893,0.004875548804645959,0.01262396201491356,0.00529015064239502,0.01860686019062996,-0.002422362565994263,0.007954765111207962,0.005624972537798812,-0.02744074555951673,-0.03538405522363219,0.04820209741592407,0.005209319133310276,0.005607517535879352,0.0055787208883395925,-0.03237419715099421
1999-09-01,0.02741479367111292,-0.001884960668075024,0.005130086984594185,0.005624972537798813,0.005624972537798813,0.005590062533959893,0.004875548804645959,0.01458205282688141,0.005538566038012505,0.01857798174023628,0.003255352377891541,0.007954765111207962,0.005624972537798812,-0.01100698872568321,0.02409481064167454,0.0510990284383297,0.01075600108676157,0.005624972537798813,0.005535246755419393,0.05836851467816945
1999-10-01,0.01613597861049525,0.002918261926535901,0.004022706336227824,0.005624972537798813,0.005624972537798813,0.005590062533959893,0.004875548804645959,0.01295654103159904,0.005441985558718443,0.01905400119721889,0.002074774354696274,0.007954765111207962,0.005624972537798812,-0.02450393101841431,-0.006550914281623101,0.04542843624949455,0.007017070876759939,0.005607517535879352,0.0055956967187177345,0.01671381117760356
1999-11-01,0.01255896815079448,0.003032509848214704,0.003463128076747206,0.005624972537798813,0.005624972537798813,0.005590062533959893,0.004875548804645959,0.01155363023281097,0.00525836693122983,0.01894525438547134,0.002513986080884933,0.007954765111207962,0.005624972537798811,-0.02939062195545363,0.009899669344077268,0.04652828723192215,0.007478654524369344,0.005624972537798812,0.005608403135242175,0.05710637758949196
1999-12-01,0.01666554328225572,0.002730819548048602,0.002483575570293132,0.005624972537798813,0.005624972537798813,0.005590062533959893,0.004875548804645959,0.0102933207526803,0.00488857738673687,0.01882703974843025,0.0006257779896259308,0.007954765111207962,0.005624972537798811,-0.03411577675347573,0.015834030598917,0.04803569987416267,0.007597743878805313,0.005624972537798812,0.005667190777313237,-0.05529424482982085
2000-01-01,0.002956690476262271,0.001228554843280446,0.006386458686991725,0.005610588134338587,0.005610588134338587,0.005576009208081615,0.005358512742848896,0.005626172758638859,0.02227502129971981,-0.004351250827312469,0.005776131991297007,0.007617473602294922,0.005610588134338586,-0.04118344023278613,0.02636238907971229,0.01057721581310034,0.004439856490321583,0.005610588134338587,0.005597679448228705,-0.021705841502511
2000-02-01,0.02213348625627166,0.001974009565124684,0.006193301388510845,0.005610588134338587,0.005610588134338587,0.005576009208081615,0.005358512742848896,0.007068315986543894,0.01561754196882248,-0.00868968665599823,0.005780212581157684,0.007613819092512131,0.005610588134338586,-0.02625407131190745,0.01868739445487196,0.01517124008387327,0.005816365610233075,0.005695400357748136,0.005566582043956792,0.08964572806122328
2000-03-01,0.01674671475639852,0.002058404776646452,0.006991201142948738,0.005610588134338587,0.005610588134338587,0.005576009208081615,0.005358512742848896,0.006563961505889893,0.01867200993001461,-0.01208652555942535,0.005775120109319687,0.007617572322487831,0.005610588134338586,-0.02753762079110544,0.001267949512057252,0.008899716660380363,0.003920924419972426,0.005610588134338587,0.005662235224863808,-0.03678871714623953
2000-04-01,0.004064838835954522,0.0007023866143000797,0.002844193412797691,0.005610588134338587,0.005610588134338587,0.005576009208081615,0.005358512742848896,0.006427915766835213,0.002370355650782585,0.002645723521709442,0.005786766298115253,0.007614545989781618,0.005610588134338584,-0.0373341977420594,-0.02727466763443751,-0.0107353962957859,-0.0009450780767537588,0.004711675789401709,0.005613995506260281,-0.02714185680431871
2000-05-01,0.02144036233158438,0.002446238181676353,0.003125818370485297,0.005610588134338587,0.005610588134338587,0.005576009208081615,0.005358512742848896,0.006665709428489208,0.003251256421208382,-0.0007945150136947632,0.005792190320789814,0.007615058217197657,0.005610588134338584,-0.03803233806527237,-0.04045965619163665,-0.006210665218532085,-0.0004621409289849066,0.005467260975465255,0.005576815197167683,0.02089460720306168
2000-06-01,0.03313743758806701,0.003161096658759995,0.005255313895678984,0.005610588134338587,0.005610588134338587,0.005576009208081615,0.005358512742848896,0.008903181180357933,-0.002395084127783775,-0.01092785224318504,0.005788990296423435,0.007611231878399849,0.005610588134338586,-0.0007210418700811221,0.01038943448835105,0.01836463995277882,0.006645852128232088,0.005610588134338587,0.005594182308285477,-0.01687464710055117
2000-07-01,0.01574430908771569,0.00226100157910354,0.004495287981862276,0.005610588134338587,0.005610588134338587,0.005576009208081615,0.005358512742848896,0.007498947437852621,-0.007849620655179024,8.099526166915894e-05,0.00579378753900528,0.007613686844706535,0.005610588134338585,-0.01501986819280512,0.02670901335446774,0.01053990516811609,0.005352108235028815,0.005610588134338586,0.005568736295364936,0.05592080737964994
2000-08-01,0.01835307951927603,0.003003008812897191,0.005252092697837626,0.005610588134338587,0.005610588134338587,0.005576009208081615,0.005358512742848896,0.006323019042611122,0.0107931811362505,-0.008701130747795105,0.005792491603642702,0.007616360206156969,0.005610588134338585,-0.0234627856704098,0.01260378442214639,0.002778496826067567,0.004257367762664216,0.005610588134338586,0.005625695651795123,-0.05848325945378953
2000-09-01,0.01332629733438531,-0.002646690405482668,0.00119873464775332,0.005610588134338587,0.005610588134338587,0.005576009208081615,0.005358512742848896,0.006993738003075123,0.003706729039549828,0.009597711265087128,0.005773789715021849,0.007612226530909538,0.005610588134338583,-0.01166235417386974,-0.01343991524456912,0.01317741069942713,0.003837747735327122,0.005610588134338585,0.005553256154500677,-0.009215549632337356
2000-10-01,0.01752578676320065,-0.006940617081844479,0.004843656007553289,0.005610588134338587,0.005610588134338587,0.005576009208081615,0.005358512742848896,0.006015404593199492,-0.002711701206862926,-0.01323948800563812,0.005766849033534527,0.007613564841449261,0.005610588134338584,-0.01815205718788496,-0.01305730106345667,0.006126770749688148,0.00134732211230528,0.0055932986712101,0.005536587073477158,-0.0870873182545224
2000-11-01,0.009468856585949155,-0.0126005585850624,0.00571341375607942,0.005610588134338587,0.005610588134338587,0.005576009208081615,0.005358512742848896,0.005134612787514925,-0.0230337381362915,-0.02066976204514503,0.005808040499687195,0.00761566823348403,0.005610588134338584,-0.005621279165965177,-0.008259240135292572,0.008013911545276642,-4.148676911369079e-05,0.0055932986712101,0.005432163279420789,0.0006166638681208165
2000-12-01,0.0181232485628448,-0.0108886621542267,0.005285091746247598,0.005610588134338587,0.005610588134338587,0.005576009208081615,0.005358512742848896,0.007739804685115814,-0.01552348956465721,-0.02082683145999908,0.005809055641293526,0.007614601403474808,0.005610588134338585,-0.002180916022846256,0.009477485286906088,0.007190816104412079,0.002474155661406984,0.005610588134338586,0.0054267404197233795,0.02687927482733297
2001-01-01,0.01124651597261059,0.00890902354736883,0.004386742830684193,0.005463440424691127,0.008032525014217877,0.005545681331649367,0.006256798106384446,0.008949793875217438,-0.009426984935998917,0.008266699500381947,0.007974093779921532,0.007114562205970287,0.005463440424691109,0.001244327486218895,0.01833801458444648,0.004760744050145149,0.006407838637412521,0.0066856801561773664,0.005450871504546337,-0.1007406530931931
2001-02-01,-0.0007512998385833386,0.003905053837595631,0.004319040446679724,0.005463440424691127,0.005105860275175435,0.005545681331649367,0.006256798106384446,0.005243137013167143,0.00541455764323473,0.007964004762470722,0.007945219054818153,0.007114562205970287,0.005463440424691109,-0.01065877854174909,-0.01043308740667225,0.005995230749249458,0.003368303780548291,0.005438999033962919,0.005331555184773597,-0.06962281967052379
2001-03-01,0.003187117812161036,0.003440446566699334,0.005020321363881445,0.005463440424691127,0.004324547984070303,0.005545681331649367,0.006256798106384446,0.005470999982208014,0.007966570556163788,0.007487949915230274,0.007974093779921532,0.007114562205970287,0.005463440424691106,-0.01887387046449916,-0.003175488899289735,0.01256842818111181,0.004077189954440311,0.005467220203449571,0.005247431307270456,0.07075855598905902
2001-04-01,0.002773287282095777,-0.005023360613366266,0.005826278005120028,0.005463440424691127,0.004355274413713028,0.005545681331649367,0.006256798106384446,0.00927296094596386,0.001066691242158413,0.007635988295078278,0.007974093779921532,0.007114562205970287,0.005463440424691105,-0.02792559240991262,0.01696348810426123,0.01186814531683922,0.004039448553453675,0.005685979668384697,0.005320874272160354,0.002954094361713467
2001-05-01,-0.006803203779254502,-0.004607614500555561,0.005747938965936394,0.005463440424691127,0.006967690836466716,0.005545681331649367,0.006256798106384446,0.007735599763691425,0.01050563529133797,0.007490305230021477,0.007974093779921532,0.007114562205970287,0.005463440424691122,-0.02197971649576273,0.01729185253333468,0.01222037430852652,0.004524179901690642,0.006612244471425581,0.005318223902719764,-0.02801026102128864
2001-06-01,-4.75020331985182e-05,-0.002026903892702271,0.00577955404417103,0.005463440424691127,0.006068168183965672,0.005545681331649367,0.006256798106384446,0.006075358018279076,0.01138238795101643,0.006762071512639523,0.007964160293340683,0.007114562205970287,0.005463440424691122,-0.02389801620654241,-0.0150853300935904,-0.0031253257766366,0.001855784030883034,0.005662617687910198,0.005280943718241008,-0.01215979025496712
2001-07-01,0.007352839489897192,0.003486661130696494,0.005504223527990148,0.005463440424691127,0.008953781607942298,0.005545681331649367,0.006256798106384446,0.00835280492901802,0.01550894603133202,0.006472129374742508,0.007974093779921532,0.007114562205970287,0.005463440424691135,-0.009918137777309911,0.01510521455955253,0.005092066712677479,0.006483034116240416,0.006364463740563477,0.005261456864639657,-0.06853719979051837
2001-08-01,-0.002566976049114586,4.951124318800394e-05,0.005773809604058906,0.005463440424691127,0.006969494079547175,0.005545681331649367,0.006256798106384446,0.006980970036238432,0.01753155514597893,0.006612591445446014,0.007955196313560009,0.007114562205970287,0.005463440424691128,-0.01807314117848949,-0.0127910681905154,0.001583439763635397,0.003116831544182483,0.005659745467854136,0.005179092292479883,-0.08686819477370387
2001-09-01,-0.01497756765107759,-0.01107693734533085,0.006485349838627493,0.005463440424691127,0.004295690536873648,0.005545681331649367,0.006256798106384446,0.008515458554029465,0.01991431042551994,0.006703484337776899,0.007974093779921532,0.007114562205970287,0.005463440424691125,-0.03446606018149152,-0.0007418586979088781,-0.01665358245372772,0.0003635189772874233,0.005504560878170247,0.005076475473008106,0.01655545787978019
2001-10-01,0.002320549203928143,0.002650019957848161,0.006629076644960637,0.005463440424691127,0.01083750306202783,0.005545681331649367,0.006256798106384446,0.010019576177001,0.01738543063402176,0.004454268142580986,0.007974093779921532,0.007114562205970287,0.005463440424691151,-0.01554493156391917,0.006180749460023136,0.004454828798770905,0.005450317924409456,0.0058632153958362515,0.005089258304196048,0.07364245913821894
2001-11-01,-0.008768938718354685,-0.01334806917495865,0.007837478293955832,0.005463440424691127,0.005870796857788478,0.005545681331649367,0.003205503755743863,0.009360277093946934,-0.01756035163998604,0.00721882376819849,0.007974093779921532,0.007114562205970287,0.005463440424691121,-0.02554441068089099,-0.0127475761072543,0.01580976694822311,0.0001809074102084674,0.005504560878170247,0.005165513255068154,0.007310737522005934
2001-12-01,-0.01772703549237079,-0.0146994756767815,0.007747255732170322,0.005463440424691127,0.006700791614381985,0.005545681331649367,0.006256798106384446,0.0141988517716527,0.01608993485569954,0.005944013595581055,0.007974093779921532,0.007114562205970287,0.005463440424691132,-0.03283408873621232,0.004333385162492728,0.01109895948320627,0.002416913036445493,0.00610040585098275,0.005167896837586974,-0.01592239678946017
2002-01-01,-0.001411556288797956,-0.01167519757338145,-0.005695734827273061,0.005156550096247604,0.005156550096247604,0.005234011687959723,0.00530891638236144,0.01032847538590431,0.008091998286545277,0.00673391530290246,0.004319727420806885,-0.00738014280796051,0.005156550096247606,-0.02244577499311688,-0.03524988319447481,0.01381524279713631,-0.000909772008290341,0.005156550096247604,0.005144489186502571,-0.02107125671122814
2002-02-01,-0.005138115054903695,-0.01256951750832538,-0.004800945164724281,0.005156550096247604,0.005156550096247604,0.005234011687959723,0.00530891638236144,0.007483465597033501,0.01144881825894117,0.006730455905199051,0.003020994365215302,-0.007422653958201408,0.005156550096247606,-0.02176370749462443,-0.02884383906195525,0.01663068495690823,-0.0005757363000233261,0.005156550096247604,0.005115425166660297,0.03558228499462441
2002-03-01,-0.01782972031245478,-0.006351225241811754,-0.007147641957976806,0.005156550096247604,0.005156550096247604,0.005234011687959723,0.00530891638236144,0.01005398575216532,-0.002636512741446495,0.006757390685379505,0.005543626844882965,-0.007577604614198208,0.005156550096247604,-0.03770052630867489,-0.002465779770401291,0.01527715846896172,-0.001129016927281921,0.005156550096247604,0.005149164767798684,-0.06423895550549422
2002-04-01,-0.009338027176267815,-0.007395312840261883,0.001404091103673178,0.005156550096247604,0.005156550096247604,0.005234011687959723,0.00530891638236144,0.01335175428539515,0.01012429688125849,0.00672425888478756,0.008330881595611572,-0.009626124985516071,0.005156550096247606,-0.02641707875987405,0.01243317345533801,0.01735134795308113,0.002684739922268077,0.005195280892103664,0.0050724079975848655,-0.009329455238924513
2002-05-01,-0.001286575729261222,-0.01233620709575712,-0.002398088261129256,0.005156550096247604,0.005156550096247604,0.005234011687959723,0.00530891638236144,0.008374164812266827,0.007228241302073002,0.006745405495166779,0.001849710941314697,-0.006592472083866596,0.005156550096247606,-0.02054754091169869,-0.001913085887802231,0.006507374346256256,0.0007277190804141517,0.005156550096247604,0.005056494336550048,-0.07542238126249365
2002-06-01,-0.007366696685366273,-0.01202370118900025,-0.006509505101712107,0.005156550096247604,0.005156550096247604,0.005234011687959723,0.00530891638236144,0.008945243433117867,0.006302216090261936,0.006725422572344542,0.004966787993907928,-0.008415182121098042,0.005156550096247606,-0.02301362054896002,-0.003805186704322206,-0.006157608702778816,-0.0008962032877838416,0.005061669045077766,0.004967665555535651,-0.07816940098981892
2002-07-01,-0.00701010997921481,-0.01206604437845918,-0.006315603308012595,0.005156550096247604,0.005156550096247604,0.005234011687959723,0.00530891638236144,0.008992446586489677,-0.0005893316119909286,0.006719815079122782,0.00761125236749649,-0.009626124985516071,0.005156550096247606,-0.02419502113629693,0.01403352211722863,-0.008030411787331104,-0.000278939542338754,0.005156550096247604,0.004876003960667565,0.005536318757260772
2002-08-01,0.008305881055627701,-0.009507869300638534,0.001277232103415556,0.005156550096247604,0.005156550096247604,0.005234011687959723,0.00530891638236144,0.007318592630326748,0.01682224497199059,0.00672092055901885,0.008316084742546082,-0.009043778292834759,0.005156550096247607,-0.01443232258247718,0.02787074377690618,-0.00235562352463603,0.004206542781144324,0.005195280892103665,0.004876731179606544,-0.116776202958188
2002-09-01,-0.004061056711675285,-0.01064628416371055,0.0003777953990586726,0.005156550096247604,0.005156550096247604,0.005234011687959723,0.00530891638236144,0.007182671688497066,0.008538668043911457,0.006718539167195559,0.008275061845779419,-0.009034695103764534,0.005156550096247606,-0.01698739874945614,0.01414566941808551,-0.02018020860850811,0.0006463337865298146,0.005156550096247605,0.004742899568893899,0.08349344610425521
2002-10-01,0.007908940591920727,-0.01071078931285638,-0.009804209734312057,0.005156550096247604,0.005156550096247604,0.005234011687959723,0.00530891638236144,0.00973127968609333,0.0037568723782897,0.006727353204041719,0.005220428109169006,-0.00837191566824913,0.005156550096247604,-0.02891981692528691,-0.005576327446941984,0.01052625477313995,0.0004062905008794967,0.005156550096247604,0.004829438631020669,0.05594493126849404
2002-11-01,-0.002907847697757624,-0.00993130956894428,-0.001838388210897014,0.005156550096247604,0.005156550096247604,0.005234011687959723,0.00530891638236144,0.01041278708726168,0.001089842990040779,0.006745504215359688,0.0002503469586372375,-0.007423506118357182,0.005156550096247606,-0.0232572426928032,-0.02994886617159721,0.006970408372581005,-0.001489105779838259,0.0031231965431441915,0.004885547843575525,-0.06183077741555
2002-12-01,-0.001150923144074934,-0.0101455826007152,-0.0005066927821742537,0.005156550096247604,0.005156550096247604,0.005234011687959723,0.00530891638236144,0.01091305073350668,0.01396725419908762,0.006699335761368275,0.009654521942138672,-0.009626124985516071,0.005156550096247607,-0.02167872083641203,0.02604913567187063,-0.005488534457981586,0.002793706116260111,0.005156550096247606,0.004812393978159817,-0.0280390306992531
2003-01-01,0.002048891073688937,-0.0009383449440878468,-0.007446783362013835,-0.002673445274783286,-0.003253515898518695,0.004746587400865171,0.003681089496851275,-0.00586863374337554,0.009389876388013363,0.005645837634801865,0.004004755057394505,0.01093286275863647,0.001260545926386608,-0.01945283750481392,-0.0421250902307212,-0.009223069995641708,-0.003079454701082365,0.00016110049114938056,0.004776412132949069,-0.0163669774642052
2003-02-01,0.001248240049500023,-0.002198022636133738,-0.002769911502352595,-0.0001617731231627166,-0.001033739395642226,0.004746587400865171,0.003842703826557859,0.00523326825350523,0.008992061018943787,0.01327591203153133,0.00637908186763525,0.01093286275863647,0.003182415109658257,-0.01933507939582683,-0.002560838699719875,-0.02952035702764988,1.583815852159495e-05,0.00221532757957914,0.004753279321573627,0.009357619209812328
2003-03-01,-0.01121788838058711,-0.01176488667952045,-0.00604081944542607,-0.003601437503932506,-0.004854413922795106,0.004746587400865171,0.004139531388617188,0.006324229761958122,0.01339498721063137,0.008759111166000366,0.001809871755540371,0.01093286275863647,0.000416940742029968,-0.03090159001389586,-0.01795877699026327,-0.003367510158568621,-0.002448950056919372,-0.0014752847082693265,0.004758311387025253,0.07852307209356539
2003-04-01,0.003361448205710348,0.004990575677809176,0.003587085542054793,0.004862901864223688,0.003327239054322632,0.004746587400865171,0.003930688559564272,-0.05875653028488159,0.01374863833189011,0.01119760796427727,0.007099480368196964,0.01093286275863647,0.005919792542924232,-0.02330649299586739,0.01644260817389906,-0.01369829848408699,-0.0001008628325288616,0.00480474463254443,0.004838840601770385,0.05088112154390546
2003-05-01,0.01264254787152807,0.0112294482460542,0.006974830537652399,0.00896418956685158,0.008866493972206721,0.004746587400865171,0.00429089742281274,0.0250324010848999,0.02156494557857513,0.01189909316599369,0.00711283553391695,0.01093286275863647,0.0102677145670677,-0.02186302558837791,-0.003415050227257601,-0.02505459263920784,0.005887011203263588,0.00891534176952915,0.004889050286549158,0.01183892420535171
2003-06-01,0.0036211931475909,0.005245609647762755,-0.002093070508994115,0.002425657692359511,0.00181733866734865,0.004746587400865171,0.00429089742281274,0.008012053556740284,0.01647914573550224,0.00903647392988205,0.002970232628285885,0.01093286275863647,0.004240743511878837,-0.03265326917300625,0.03234692582976705,-0.01090781204402447,0.003781973137712983,0.004265820467345789,0.0048966209553060235,0.01677165315203531
2003-07-01,-0.0001935303507146716,-0.0004199656435573476,-0.01153583214855059,-0.005520970578251932,-0.00687352243961338,0.004746587400865171,0.004296892738319639,-0.05030125007033348,0.02507559768855572,0.001677148044109344,0.001812143251299858,0.01093286275863647,-0.002057388325760447,-0.02602450826099059,-0.01371692211295445,0.01083613093942404,-0.003579157944344791,-0.0003067479971360096,0.0049095426443122574,0.01871063840555012
2003-08-01,0.0156066667467325,0.0167976882293723,0.007100874046421057,0.008287894504119035,0.008249887425772078,0.004746587400865171,0.004840421794806141,-0.002287726383656263,0.01432104408740997,0.01152938604354858,0.006827733479440212,0.01093286275863647,0.009376704755743157,-0.02046557774037207,0.001217589224565753,0.007372280582785606,0.006528394809761856,0.007811084004278842,0.004924543835357081,-0.01149784521378589
2003-09-01,0.01717665037293948,0.01501274934868168,0.01280413847832778,0.01158378780340631,0.01161785616591934,0.004746587400865171,0.004840421794806141,-0.003700607921928167,0.01952887140214443,0.01249544508755207,0.007477830164134502,0.01093286275863647,0.01159349988661093,-0.01521241569085903,-0.003148021178439427,-0.01792106404900551,0.006239286988987011,0.01125832528102139,0.004906712794044223,0.05327175161716312
2003-10-01,0.01504057697407979,0.01104463344446062,0.0006899165976528123,0.003720086439010502,0.003173832012712,0.004746587400865171,0.00499425979608244,0.008405735716223717,0.01851879805326462,0.005223292857408524,0.002550737932324409,0.01093286275863647,0.004899061767013877,-0.02858381999843149,0.01312159875536314,0.006135697010904551,0.005288366094848197,0.005108776326745482,0.004959169452203788,0.00851763393533558
2003-11-01,0.01852466466732844,0.01998709513227637,0.003877802822629578,0.007643053449833796,0.007768385864249397,0.004746587400865171,0.00499425979608244,0.007716458290815353,0.01565338671207428,0.008927209302783012,0.005480957217514515,0.01093286275863647,0.007881899171884543,-0.02293971850074909,0.04367389160452746,0.01036452408879995,0.00970208248622198,0.00782514251806697,0.004963024776670886,0.04978421185617834
2003-12-01,0.02623115691842354,0.023007126473384,0.004078345542362565,0.008600156590473775,0.00884405431252281,0.004746587400865171,0.00499425979608244,0.0087534599006176,0.01440314948558807,0.0119139738380909,0.006557900924235582,0.01093286275863647,0.008748137789108996,-0.02269519499822933,0.01397220614824399,0.009220980107784271,0.008894322686761928,0.008798757106570205,0.005011532554895462,0.01810057932991623
2004-01-01,0.02448324729411079,0.02512353248984376,0.007192670444359292,0.01052332746663845,0.01020813997328152,0.005111331147644877,0.005511487980907769,0.007295612245798111,0.005546087399125099,0.001857384108006954,0.005745181813836098,0.005680011119693518,0.01010757033712208,-0.01960864211466981,0.004013173075551482,0.01433280110359192,0.007695182242802618,0.006468926129097695,0.005025682875733322,0.01359754958655113
2004-02-01,0.01921221168688055,0.02041672523030803,0.007901960252407678,0.009956449811964014,0.0097839975430289,0.005111331147644877,0.005511487980907769,0.007376625202596188,0.005848422180861235,0.001837524818256497,0.005745181813836098,0.005680011119693518,0.009431888667285487,-0.02253187044198364,-0.006361484000754242,0.01114242151379585,0.006003930282920551,0.006612523691728711,0.005034939751230966,-0.01569315351962276
2004-03-01,0.03337994328930324,0.02953133751099279,0.009397244038938893,0.0106718386645692,0.009382512180411787,0.005111331147644877,0.005511487980907769,0.007507395464926958,0.00541133526712656,0.001705225557088852,0.005745181813836098,0.005680011119693518,0.009458024085822272,-0.01768804373106308,-0.01639194953626489,0.01252991054207087,0.007308924087250358,0.006626288639381528,0.0050125793485655355,-0.01660223897012703
2004-04-01,0.02783451412647695,0.02197307022963295,0.0003757560263105758,0.004151787589433006,0.003500847433129849,0.005111331147644877,0.005511487980907769,0.001258362550288439,0.006286337040364742,0.002382930601015687,0.005745181813836098,0.005680011119693518,0.003720681093944689,-0.01923439478572368,-0.02301634761454604,0.02140012755990028,0.004542605244519356,0.004631559368538941,0.004989287518480737,0.01273826689058028
2004-05-01,0.03569571733036847,0.03420071624300539,0.005600714827891696,0.009495750244739353,0.008213776650558119,0.005111331147644877,0.005511487980907769,0.007473579607903957,0.005692638922482729,0.001978658605366945,0.005745181813836098,0.005680011119693518,0.008867624701572954,-0.01817392867241941,0.03326351160478103,0.01208780519664288,0.01040278608281102,0.0066093807108700275,0.004997628723402265,0.01870268218252987
2004-06-01,0.0210155011002431,0.02111320433438946,0.007633875295039703,0.009827250705949192,0.009490056676412211,0.005111331147644877,0.005511487980907769,0.007235016673803329,0.005889952648431063,0.00185437360778451,0.005745181813836098,0.005680011119693518,0.008742418048532513,-0.02178360090227159,-0.001917186618587497,0.01455933414399624,0.006606762985987781,0.006562484661117196,0.0050123653400249825,-0.03430475872796249
2004-07-01,0.04214403647802265,0.03961273841086502,0.008494195264368329,0.01247681228619534,0.01073737986995091,0.005111331147644877,0.005511487980907769,0.007088420912623405,0.005269460845738649,0.00152489123865962,0.005745181813836098,0.005680011119693518,0.009735319688899409,-0.007934670286011612,-0.00549926217265306,0.01723684929311275,0.01018338649324085,0.006416801363229752,0.004970134272282783,0.002803259999844436
2004-08-01,0.0428163722482959,0.04513887932537224,0.005832599946611226,0.01431332718402209,0.01240755106587664,0.005111331147644877,0.005511487980907769,0.006282511167228222,0.004843916278332472,0.002060025231912732,0.005745181813836098,0.005680011119693518,0.01089307739545638,-0.00789343651764286,0.01792472638687331,0.0169091671705246,0.01209854555905908,0.006057555556919724,0.004967809299887464,0.009662487200729639
2004-09-01,0.04142359847591889,0.04461224653708144,-0.001295420197789124,0.009246829451206173,0.008970379155405809,0.005111331147644877,0.005511487980907769,0.006610880605876446,0.005867261439561844,0.001751709496602416,0.005745181813836098,0.005680011119693518,0.006098746663995821,-0.01224591672614572,2.249210207782456e-05,0.004777716938406229,0.008618033500267519,0.005712596466764808,0.004972841108998763,0.01375965996339682
2004-10-01,0.01009386172155644,0.01424305648933836,0.004091711426475471,0.003162273887176471,0.003977398540057315,0.005111331147644877,0.005511487980907769,0.007071602158248425,0.005362239666283131,0.001981958281248808,0.005745181813836098,0.005680011119693518,0.006967816993445567,-0.01875624592213239,0.002131065063563173,0.006136857438832521,0.004281975487885972,0.00543686382359545,0.004982248837964928,0.03865963433004715
2004-11-01,0.01672813488260412,0.01429060195510883,0.001145447909192231,0.004656703751053461,0.005004104093439292,0.005111331147644877,0.005511487980907769,0.00632718950510025,0.00592516828328371,0.002133885165676475,0.005745181813836098,0.005680011119693518,0.004454815423996972,-0.02576062494061972,0.009121908316871355,0.004975112155079842,0.004440653660179318,0.005311409564276323,0.005018267432074106,0.03167474400738688
2004-12-01,0.02379031813091222,0.0229289001778683,0.006494956452521674,0.009399455210158938,0.009225258915880054,0.005111331147644877,0.005511487980907769,0.007089512422680855,0.005291957408189774,0.001805418403819203,0.005745181813836098,0.005680011119693518,0.008912147513273551,-0.01555940960364556,0.006445238758664675,0.00833663996309042,0.007263025363468523,0.006470097605593175,0.0050467465737143976,-0.02570700470765978
2005-01-01,0.018510683695832,0.01790732140018202,0.00596910722828743,0.008937191290128953,0.008783766511915697,0.005098309938989546,0.006232114142794882,0.007152508478611708,0.006090103648602962,0.007366257254034281,0.005859208293259144,0.006028646137565374,0.008267749665596652,-0.01526018840722184,-0.01523546614835322,0.00808288436383009,0.00561188734337848,0.006692311310703295,0.0050139250675443085,0.01933072181733278
2005-02-01,0.02487817844334852,0.02431307778544765,0.001167344999064719,0.005276138210159959,0.00479906847499261,0.005098309938989546,0.006232114142794882,0.006863100919872522,0.005007654428482056,0.007485426962375641,0.005847810767591,0.006028646137565374,0.005399985024360885,-0.02007463347929262,-0.00446190721808053,0.01431073341518641,0.006135690559553664,0.005623897895975942,0.00502918817708566,-0.01898906056777928
2005-03-01,0.02345760192231872,0.01967817508193185,0.002818189672667755,0.004738433457710994,0.004373208918213559,0.005098309938989546,0.006232114142794882,0.006843559443950653,0.005236311815679073,0.007264888845384121,0.005848673172295094,0.006028646137565374,0.004816561158937489,-0.01873689288091681,0.01177857276953887,0.0002729517873376608,0.005984331586524927,0.0055424924939870834,0.005003609637421268,-0.02120926428519204
2005-04-01,0.02712582509160173,0.02437623995965418,0.009899574371769127,0.00989187538109987,0.00881138209209224,0.005098309938989546,0.006232114142794882,0.006870939396321774,0.00641906913369894,0.005948442034423351,0.005857968702912331,0.006028646137565374,0.008474027793565014,-0.006036809626060154,-0.02405012350982708,0.001051041181199253,0.006374907638862524,0.006325591638246911,0.004975723601333381,0.02939117900779661
2005-05-01,0.01871412781490606,0.01751407116540605,0.007971213236015344,0.008379825496605792,0.008294521671948935,0.005098309938989546,0.006232114142794882,0.005728899501264095,0.006117589771747589,0.00606776587665081,0.005855239927768707,0.006028646137565374,0.00811340585492782,-0.009178485197864504,-0.005566389627221122,0.008839169517159462,0.006513126576791553,0.006174851957271236,0.005001669887631429,-0.0006786021057572002
2005-06-01,0.02299286497358498,0.02306406820809943,0.000721683796936037,0.006269584245104244,0.006498965326436948,0.005098309938989546,0.006232114142794882,0.006452436093240976,0.005997409112751484,0.006709173321723938,0.005856974050402641,0.006028646137565374,0.005065524314083246,-0.01088720500551969,0.01180364845244803,0.004527701064944267,0.007026993635849146,0.006130380140180128,0.004995639874899594,0.03438166520980837
2005-07-01,0.01365144504068233,0.01216291401995849,-0.00316801704212215,0.001885880458569258,0.002644834288102284,0.005098309938989546,0.006232114142794882,0.006796648725867271,0.005277160555124283,0.006979994475841522,0.005841419100761414,0.006028646137565374,0.002410217010827276,-0.02606492806813455,-0.004391124990523656,0.001768916728906333,0.002697151907700619,0.005187735247056915,0.005026802149910101,-0.01159933536452094
2005-08-01,0.01311640676697559,0.01096547082495947,0.005103284982318134,0.006154468105419135,0.006489917730279763,0.005098309938989546,0.006232114142794882,0.005769065115600824,0.005771188996732235,0.00606776587665081,0.005856852047145367,0.006028646137565374,0.005720365456559918,-0.01506680795959401,-0.001073426338523418,0.005286661442369223,0.004845017704140178,0.005814020521938801,0.005009189716102442,0.005042102702669163
2005-09-01,0.02007274612270396,0.02048995670176023,-0.002114217858486471,0.001992744481499928,0.001924340820010077,0.005098309938989546,0.006232114142794882,0.006911843083798885,0.004982925951480865,0.007310500368475914,0.005839143879711628,0.006028646137565374,0.002292435778380056,-0.02542019322569934,0.0113049175686189,0.01179650332778692,0.00529641982621196,0.005933895008638501,0.005009224544659655,-0.01868987541080869
2005-10-01,0.01913740642043904,0.01472870729349363,0.002782971776452548,0.002986426091234437,0.00277314099231131,0.005098309938989546,0.006232114142794882,0.006286852993071079,0.004894012585282326,0.007083069067448378,0.005842901300638914,0.006028646137565374,0.002733484473785698,-0.01970920420581915,0.0168612309600155,0.007298918440937996,0.005691186775540094,0.005935773719102144,0.004984172641958314,0.03487876760534394
2005-11-01,0.01608799711099068,0.01509525945936907,0.002165839257528437,0.005178750076174313,0.0054600696555513,0.005098309938989546,0.006232114142794882,0.005739585962146521,0.005097686313092709,0.006291248369961977,0.005852445494383574,0.006028646137565374,0.005054082354333795,-0.01277002310677999,-0.0004534208037665995,0.005619470961391926,0.00511112883273297,0.005539770308471613,0.005015740324073821,-0.003155206707374474
2005-12-01,0.02203590071009112,0.01889350551380964,0.001686931388320434,0.006195201702403036,0.006409700676506898,0.005098309938989546,0.006232114142794882,0.006900924257934093,0.005733481608331203,0.00606776587665081,0.005857857409864664,0.006028646137565374,0.006055651047878034,-0.01241995341370583,0.03375721823730435,0.009530172683298588,0.008378964244877302,0.006131483789526923,0.005007121181635585,0.02290161382475498
2006-01-01,0.01375346342581153,0.01411315080695414,-0.003696985863412588,0.002294853308723286,0.002949461674779826,0.005256125673985501,0.006913678409472307,0.00597422756254673,0.005463358946144581,0.01408362574875355,0.004674412310123444,0.005844034254550934,0.002794226448983431,-0.02048322164044631,0.006604926755735758,-0.001871544518508017,0.004041737081512382,0.00535974231006504,0.0050259773382669015,-0.001066836929986955
2006-02-01,0.004990248893113511,0.008479380780108474,0.001602529254783033,0.003861938260267539,0.004485989238909811,0.005256125673985501,0.006913678409472307,0.006569497287273407,0.005208519287407398,0.01393087673932314,0.003880182281136513,0.005835528485476971,0.003873892168026136,-0.01387680636948238,0.0139811942762969,0.007157230284065008,0.005134375309385205,0.005232322480696449,0.005019563849563476,0.009433143236771078
2006-03-01,0.00537221913091491,0.006684290426556523,-0.006336092315365452,-0.0009172455165599273,-1.099937828003689e-05,0.005256125673985501,0.006913678409472307,0.004410956986248493,0.005862286314368248,0.01374821085482836,0.004435733892023563,0.005841085687279701,-0.0006015239787281329,-0.0284918866425903,0.002870202430157872,-0.0009841015562415123,0.001503308776129382,0.004423345439136028,0.005024204837352338,0.008294685807709687
2006-04-01,0.00486551952054449,0.006464701173426343,-0.003270648874447916,0.0007557660449470094,0.001546416144656088,0.005256125673985501,0.006913678409472307,0.00413111224770546,0.005645183846354485,0.01395745016634464,0.004600906744599342,0.005840315483510494,0.0009086731091167283,-0.02734831461610215,0.003950961354135472,-0.001019038958474994,0.002074925466860832,0.004366009496152401,0.005027640216522882,-0.03232228234300207
2006-05-01,0.01848951710538061,0.01668494370574411,0.003348806923103219,0.00381606455411599,0.003590996009508143,0.005256125673985501,0.006913678409472307,0.007401191629469395,0.005321008153259754,0.01411014422774315,0.004062017425894737,0.005843481980264187,0.003668701783888661,-0.009549422230207253,-0.01841894669656404,-0.001642981776967645,0.004305957929880676,0.0046590715499401185,0.004988448272598932,-0.002702044128859058
2006-06-01,0.02109760187649674,0.02242434130901372,0.001862425638369204,0.00430700375804911,0.004045150858616172,0.005256125673985501,0.006913678409472307,0.006588907912373543,0.0052218372002244,0.01421512570232153,0.003951443359255791,0.005845289211720228,0.004658741114286325,-0.00650141765882545,-0.001503961348447058,-0.001652236096560955,0.006045628557521944,0.004940289157255362,0.004980386959809143,0.001562523643791501
2006-07-01,0.01486061786478637,0.01816570727466525,-0.0007481352867339261,0.006053596622385856,0.006117538277766198,0.005256125673985501,0.006913678409472307,0.003819143399596214,0.005206279456615448,0.01409928593784571,0.004126681014895439,0.005829393398016691,0.004305899790696048,0.004460614005379683,0.001099220601911335,0.01157078985124826,0.006946027268283275,0.0055427595360010955,0.004976808045342109,0.01987097899499005
2006-08-01,0.01575891924356478,0.01715863752832524,0.005840575915511963,0.007369785767413765,0.007273447223939952,0.005256125673985501,0.006913678409472307,0.005767812486737967,0.005106662400066853,0.01412218995392323,0.00436033122241497,0.005834142211824656,0.006540953643537987,0.001909562869084903,0.01642942305439185,0.00952889584004879,0.008448196465265295,0.006727316026505148,0.004992387722067683,0.02195401096972303
2006-09-01,0.0140532933932463,0.01493258840363607,0.002034837116712157,0.005106017077888429,0.005367813462058679,0.005256125673985501,0.006913678409472307,0.006107819732278585,0.005154282785952091,0.0140933757647872,0.004408028908073902,0.005839207675307989,0.004739737687057204,-0.006391440211608106,0.0162884359068075,0.008969231508672237,0.007054564580895503,0.005603510568683334,0.005010111466318106,0.02792048321776141
2006-10-01,0.01767608830523799,0.01780220031192336,-0.001024038998346267,0.004216598342770855,0.004589445273984982,0.005256125673985501,0.006913678409472307,0.005347568541765213,0.005149479489773512,0.01404651906341314,0.004638059064745903,0.005842791870236397,0.004305318015490734,-0.00843524211712269,-0.01743317885348859,0.00644511915743351,0.004708533221954741,0.005202802581879506,0.005034026259378068,0.0141313309851657
2006-11-01,0.01823421209827993,0.02020210535877995,0.0004196259897879156,0.005363775052809563,0.005627149755032548,0.005256125673985501,0.006913678409472307,0.005639728158712387,0.00496299285441637,0.01407360751181841,0.004564831033349037,0.005840208847075701,0.00536029560157592,-0.004603730339201825,0.02512897627897296,0.004664987791329622,0.007978035629762268,0.005495462403921056,0.005043512499968044,0.009484850364371807
2006-12-01,0.00891479197688023,0.01070640871643467,-0.006554204043931014,-9.099278285323517e-05,0.000873370431794019,0.005256125673985501,0.006913678409472307,0.003405855968594551,0.005407443735748529,0.0138972969725728,0.004635054618120193,0.005846175365149975,0.0004846184544705437,-0.02727461267296055,-0.002776056090790586,0.002473561558872461,0.002007407268222524,0.004020455293357372,0.005048138893576798,0.01120196331262231
2007-01-01,0.009098449227502671,0.0107789364617666,-0.001727336415906912,0.002333222869329458,0.002908731580486847,0.005137281231066589,0.005471545253433637,0.004622664302587509,-0.007128791883587837,-5.04455529153347e-05,0.002178904600441456,0.005885069724172354,0.002334636385469498,-0.01649542986508325,0.007614574993503527,0.002734102541580796,0.002231007215865476,0.0028214170610338213,0.005054542456968104,-0.02386882813893694
2007-02-01,0.02368955720048518,0.02229669413377855,0.005351443281697831,0.006445623418899225,0.006152813092557882,0.005137281231066589,0.005471545253433637,0.008381715044379234,-0.00240374356508255,-0.0007192145567387342,0.002825668081641197,0.005885585211217403,0.006012022877562408,-0.002147288343637534,0.01439315188536799,0.01783809065818787,0.007788184056551011,0.005948804044389905,0.0050244765831677874,0.007038332714961426
2007-03-01,0.01438986477329171,0.0153137973657085,-0.004031257472033653,0.0002045328325037607,0.0006920541163240694,0.005137281231066589,0.005471545253433637,0.004139635246247053,-0.02501284144818783,-0.00043315882794559,0.0027646254748106,0.005885048769414425,0.000934705753823489,-0.02482406297901833,0.01289555030541545,0.00427188677713275,0.001112450448249165,0.0034521303605288267,0.0050265678148726615,0.03875912945335486
2007-04-01,0.009583133160305325,0.008225565690610167,0.003788959882666257,0.004677815936981623,0.004982555724735601,0.005137281231066589,0.005471545253433637,0.005572221241891384,-0.0009232889860868454,-0.001060728449374437,0.00450839102268219,0.00588525366038084,0.004030630357685867,-0.006273517130239327,0.01033860670280567,0.01013447716832161,0.004629931404241635,0.0050599184779010955,0.005061560098730008,0.02948920313238488
2007-05-01,0.005384067011450538,0.00482090865741247,-0.002579813932274829,0.0008631480794355183,0.001660416595188015,0.005137281231066589,0.005471545253433637,0.004384767264127731,-0.01646826229989529,-0.001458012731745839,0.001935581676661968,0.005885034799575806,0.0009733687976228086,-0.02480368701964249,-0.0139319080536399,0.005114477127790451,-0.001100692971464551,0.0017979991359249915,0.005086873718454003,-0.02085127971859367
2007-06-01,0.003923936374659018,0.002425431590830916,-0.001454800390133913,0.001375676145190508,0.002134281923655001,0.005137281231066589,0.005471545253433637,0.004918918944895267,-0.006155896931886673,-0.001276010880246758,0.002806417644023895,0.005885246209800243,0.001108609256013171,-0.02651754138871359,-0.03541505607544147,-0.002724709920585155,-0.002397291938339958,0.0017549790344227544,0.00506002262793946,-0.03568910801279201
2007-07-01,0.01646954794097538,0.01535001036235988,-0.002559365286691762,0.001569439298717817,0.002158198483700927,0.005137281231066589,0.005471545253433637,0.006263504736125469,-0.01240223366767168,-0.0003859605640172958,0.002720925956964493,0.005885501857846975,0.002924700387274472,-0.02275892179346981,0.002233006713694608,0.01377114932984114,0.002615520640009427,0.0028228131721194823,0.005017882885808404,0.01098525724400445
2007-08-01,0.02551241479457011,0.02534093311339888,0.002623549256519007,0.005781293143688193,0.005560887083404568,0.005137281231066589,0.005471545253433637,0.006324789486825466,-0.002398472279310226,-0.0008188053034245968,0.005811195820569992,0.005885307677090168,0.006543545078629872,-0.005467469361604712,0.01739440768086171,0.0135607598349452,0.007641447656916493,0.005796244482129093,0.005024047528740426,0.03259385242353172
2007-09-01,0.01560378830703211,0.01508995970654799,0.002906193153366922,0.005908847283811337,0.006009100131272777,0.005137281231066589,0.005471545253433637,0.004484420642256737,0.001677542924880981,-0.001035007182508707,0.002193363383412361,0.005885135848075151,0.005831664770569219,-0.009018882594520728,0.00867041610986597,0.004334705416113138,0.004946879649042217,0.005304413242250113,0.005052499339777361,0.01401614583383508
2007-10-01,0.006087603148985248,0.00830509739049411,0.001006539150302985,0.003715555204564746,0.004405907069876158,0.005137281231066589,0.005471545253433637,0.006425652652978897,0.002711044624447823,-0.0009076406713575125,0.004738340154290199,0.00588536262512207,0.004520628857993706,-0.01734971706680583,0.007156711565544012,0.01765783503651619,0.004060484139215815,0.004937810692678395,0.005061740212451648,-0.04545541961112112
2007-11-01,0.01653716776753186,0.01784193717609341,-0.001967906149408779,0.003258090893312353,0.003890477279950261,0.005137281231066589,0.005471545253433637,0.00784319918602705,-0.00718449242413044,-0.0008790891151875257,0.005406791344285011,0.005885689053684473,0.004067221356551631,-0.02973136440879722,-0.01015597102840182,0.03043553419411182,0.003491006975632644,0.004602251293809111,0.00500971430120183,-0.009533037027425521
2007-12-01,0.004480812699073407,-0.003217692964624145,-0.0007532244628626348,0.003131312273683729,0.003920184211478921,0.01797677550216314,0.03715663249321228,0.006869527045637369,-0.00142965093255043,-0.002550817094743252,0.001946032978594303,0.00588524155318737,0.002262458765232766,-0.009143446133734563,0.007258097712881789,0.03111569210886955,0.006556745984718724,0.0035257482425813252,0.004994752622880197,-0.06581722137547072
2008-01-01,-0.001161789461961895,0.001765650777417922,-0.01043130734151569,-0.00633992739244979,-0.006085442296922661,-0.005348430752886038,0.003303139394614693,0.003321524942293763,0.003811072558164597,0.003315979614853859,-0.0003068211954087019,0.0009724302217364311,-0.005835767558761308,-0.02209751741461012,-0.002857202089344146,-0.02610550634562969,-0.004379994646275549,-0.0020094957756530206,0.004921975671186105,-0.03402199566679021
2008-02-01,0.0001868877499641578,0.0001189878450324755,-0.007722264450482945,-0.007351255284138113,-0.007228538938299845,-0.005348430752886038,0.004338192734587387,0.002939267549663782,0.003574092872440815,0.003755326382815838,0.0002072933129966259,0.001472216565161943,-0.007016902189201558,-0.01980741875410933,0.01157197063058076,-0.009267134591937065,-0.002223606832363194,0.00015293779749831664,0.004881992127717958,-0.00470494886645295
2008-03-01,0.005416609002053861,0.001539002907176453,-0.007159030530602315,-0.005714888965465891,-0.005575739388805871,-0.005348430752886038,0.003303139394614693,0.003212504554539919,0.004052239935845137,0.002906400710344315,-7.531675510108471e-05,0.001147132832556963,-0.005261882743472421,-0.02120075404766622,-0.01249088930342652,-0.01800142787396908,-0.003703208189016506,-0.0026685997492867527,0.004872159367723936,0.04578599368613871
2008-04-01,-0.003695447584877959,-0.003875336854046738,0.0002784762622589755,-0.007526447990858255,-0.0079124335072478,-0.01609938050451993,-0.0006091501292900704,0.004492302425205708,0.004321879241615534,0.005249001085758209,0.0007499570492655039,7.628928869962692e-06,-0.009055654168179928,-0.01264673370223288,0.01699166038927459,0.01456610020250082,-0.0009227236785315158,-0.00030076060021005387,0.004914079279935426,0.0111079716081298
2008-05-01,-0.02051631866075828,-0.01944289794559313,-0.01273591826899423,-0.02070106350355064,-0.02124326180904087,-0.005348430752886038,0.004338192734587387,0.002411810215562582,0.003005663631483912,0.004233776591718197,0.0003055247943848372,0.001680257264524698,-0.02208585132165913,-0.03272390611989683,0.05781925226829949,-0.001076905289664865,-0.005130004760717682,-0.003212668021275451,0.004920418985491408,-0.08827172188072344
2008-06-01,-0.01465664336524393,-0.007930312719283893,-0.00789143574251443,-0.01410665333634381,-0.01433914417326267,-0.005348430752886038,0.003303139394614693,0.003094522282481194,0.00423456309363246,0.002616286277770996,0.001859056064859033,0.001805092673748732,-0.01358608381733389,-0.02532566803771382,0.00490091085562815,-0.005845010280609131,-0.005450988223903522,-0.005596720516747584,0.004825130497898142,-0.009035405609599624
2008-07-01,-0.005699665566968617,-0.007491630559337688,-0.005519027869368969,-0.01330746747525052,-0.01357415901013968,-0.005348430752886038,0.004432805037907521,0.002666661748662591,0.003419843269512057,0.003296701237559319,0.0003829225897789001,0.001798426266759634,-0.01285529605318212,-0.0199898326472777,0.01650631143662624,0.006996265146881342,-0.002767848325045231,-0.002482754081553569,0.004810972646920105,0.01335032672646991
2008-08-01,-0.0149271876062716,-0.01254244972879367,-0.005573263548711477,-0.01581646327505151,-0.01620005802763486,-0.005348430752886038,0.003303139394614693,0.003523808438330889,0.004175679758191109,0.004665819928050041,-0.0002216529101133347,0.0002943058498203754,-0.01526326857678833,-0.02225227327179715,-0.01112312370518739,-0.0210999883711338,-0.00777533790033513,-0.008348193626949434,0.004819686273531892,-0.09064416260953057
2008-09-01,-0.02658481313227536,-0.02560240265698202,-0.03022831402512965,-0.03005911792410176,-0.0303226684807783,-0.07831840454276065,-0.001397496123844269,0.006098982878029346,-0.003004968632012606,0.02006943337619305,0.0001001788768917322,0.002000381704419851,-0.02917116764618202,-0.04180091266198543,-0.005087607494932194,-0.009138375520706177,-0.01765295450038478,-0.0173703890888441,0.004722373481602164,-0.1841965036234147
2008-10-01,-0.02011020711597745,-0.004004583100265417,-0.01055135240740386,-0.01503584391742175,-0.01533054481829849,-0.1089448927219786,-0.03534663519960176,0.003052333602681756,0.001692934427410364,0.004182856529951096,0.000841106753796339,-0.0004441076889634132,-0.01400221652320257,-0.01488182957935857,0.001461402074677253,0.006158147938549519,-0.01382896448408785,-0.007277967753834639,0.004529991733022718,-0.0771517067936839
2008-11-01,0.006551563373562317,0.01963722006731388,0.01378666982244189,0.006425831303255887,0.006211549312273487,0.03295861233298911,-0.003468275849364383,0.01663594879209995,0.00544342678040266,0.005775943398475647,0.02858101576566696,0.007752017118036747,0.008719986512051626,-0.01839041277617872,0.02360079671884837,-0.006369921378791332,0.009615748205817757,0.007151790245799532,0.004446897431367879,0.01162861585627587
2008-12-01,0.01491144122837393,0.02919706558535198,0.02391253602682676,0.01624018835994163,0.01611116472861761,0.03521600188788715,-0.02285615599792507,0.02445829845964909,0.007803691551089287,0.004455078393220901,0.006692598573863506,0.007752017118036747,0.01997043483781559,-0.01469478071406203,0.02576939167614232,0.0827622190117836,0.01735632442041331,0.01617567654427962,0.004454195925702134,-0.08623349779793028
2009-01-01,-0.05451049613219512,-0.0418148468165207,-0.02151689278885804,-0.04609195910187328,-0.04378034778547565,-0.01544620077026857,-0.004013375213314157,-0.0138684744015336,-0.007259953767061234,0.005612161010503769,0.004957965575158596,-0.0620335191488266,-0.04319907869325895,-0.1164032813495037,0.01195424420242825,-0.006861210335046053,-0.02839220409472781,-0.018481546779563304,0.004362127201109615,-0.1093573813835425
2009-02-01,-0.06966677132869654,-0.04866240673024946,-0.01353613764179623,-0.05250408593705534,-0.04912768479667272,-0.01355355477449029,0.006295408632768408,-0.02529347687959671,-0.02846929244697094,-0.005148339085280895,-0.001826497726142406,-0.05650948360562325,-0.04929500896497825,-0.1129853046161564,0.02617866080904898,-0.007684297394007444,-0.03136176703036872,-0.026881384663283825,0.004246793013904085,0.08390102206589004
2009-03-01,-0.07068843056925778,-0.06128284269743067,-0.01945516717030343,-0.06545545177694047,-0.06128896407465725,-0.146739035579459,-0.09358818442174219,-0.04367762058973312,-0.08061077445745468,-0.005093412473797798,-0.004478134214878082,-0.05389481782913208,-0.06044917130203439,-0.1122061716124944,-0.1021478989325339,-0.04274391755461693,-0.06398749970352915,-0.06128590338604396,0.004327496386803766,0.08985093956024685
2009-04-01,-0.05671165992504905,-0.04215149219053741,-0.0009567306009109133,-0.04847082634742213,-0.044396389709495,-0.01426896824002004,-0.005595557370007138,0.04895716160535812,-0.02748156897723675,-0.007356845773756504,0.009806880727410316,-0.06638138741254807,-0.04657553263327456,-0.1193128076209753,-0.0275396065670451,-0.01070421747863293,-0.0286962217821339,-0.027510587772140924,0.004414058576250571,0.05309948146724417
2009-05-01,-0.05228369316959338,-0.02624052042052729,0.01243149093525996,-0.03626575644749894,-0.0325013797324151,-0.01593364651866839,-0.0034738140882908,-0.004499244503676891,-0.04872747510671616,-0.01257311087101698,0.003685521893203259,-0.06461010873317719,-0.03475715975867702,-0.1268922913732693,-0.02281084082278848,-0.002278770785778761,-0.02923317496897697,-0.024525680621657886,0.0044632854952505645,0.002476929874892573
2009-06-01,-0.06477183109033849,-0.04017493845499664,0.00459469108886649,-0.04649255795253232,-0.04280792830549547,-0.007126431247307738,0.002149254163500333,-0.00991775095462799,-0.01375112868845463,-0.009527717716991901,-0.004732948262244463,-0.05870027095079422,-0.04420403290707105,-0.1360453493214892,-0.02229117306531195,-0.03020980954170227,-0.03275062020043697,-0.02625049130350711,0.004461279075432021,0.07173682861834953
2009-07-01,-0.03315144386629183,-0.01401191401154884,0.02285691284771541,-0.02103798986838682,-0.01728844755080009,-0.004279444816007687,-0.003144352454004601,-0.01246266160160303,-0.0167816374450922,-0.01016192976385355,-0.0002522892318665981,-0.06419979780912399,-0.01944691658975281,-0.1032814173726128,0.0694842786765792,-0.005574707873165607,-0.01454585992061349,-0.013237287806575935,0.0045291656037296174,0.0340598566463715
2009-08-01,-0.04205622509719033,-0.02370727602509363,0.003482100310122352,-0.02943995012109095,-0.02628118626384807,0.003693938791844586,0.002526003027974576,-0.0189230814576149,-0.02340332604944706,-0.005158059298992157,-0.003326914273202419,-0.06014101207256317,-0.0278420684306607,-0.1197831545591947,0.0001139563902940469,-0.006312620360404253,-0.02353492971806667,-0.02116320375353098,0.0045589344455064735,0.03577860103456502
2009-09-01,-0.03663623072922075,-0.02022942326917122,0.006639550896744719,-0.02465587399987389,-0.02174044227559621,0.003693938791844586,0.002526003027974576,-0.01705721393227577,-0.0130141694098711,-0.006858726963400841,-0.003593584522604942,-0.05955204367637634,-0.02351118625099581,-0.1094596977040689,0.01085826840784741,-0.005319301504641771,-0.01986938331960539,-0.015035691671073433,0.004590374190309151,-0.01852876646876668
2009-10-01,-0.01173535346650834,-0.006204610858769734,0.00946601119252597,-0.006993724042848202,-0.005766184086353539,-0.03564477757532807,-0.0001357772047386816,-0.01350180339068174,0.01041543856263161,-0.006730979308485985,-7.374025881290436e-05,-0.06128514558076859,-0.006795668461776413,-0.0635263863270596,0.02191534166866229,-0.0007190597243607044,-0.01108227617891704,-0.00646779508362786,0.004567115497493179,0.05851416106588216
2009-11-01,0.0003034119911545386,-0.001960133269746272,0.001752591869530292,-0.00122092954967081,-0.0009356108667454826,-0.009159471512449792,0.001440007440442055,-0.01841503754258156,-0.0187006164342165,-0.005239240825176239,-0.000759584829211235,-0.05999878793954849,-0.0009193534289271572,-0.0381453730394385,0.0001139563902940469,-0.01725870370864868,-0.01056892970343374,-0.001590531409708541,0.004621333633742816,0.01880212696259618
2009-12-01,0.01072979994592561,0.008581189424753208,0.004973718468547396,0.01054562048155782,0.01012455420662556,-0.03066434928222237,-0.00321735293412321,0.04752789437770844,0.01478895358741283,-0.004800284281373024,0.008675389923155308,-0.06203490495681763,0.01002770461760506,-0.0323141982647099,-0.01815046121545442,0.01301606837660074,-0.000761916095300536,0.008628289673954258,0.004635571378048894,-0.03650467689413312
2010-01-01,0.01519211223486544,0.00786217722007466,0.01010677111417238,0.009624066611837413,0.01111051056842331,0.005112172501161022,0.004302916703631845,0.005899173207581043,0.006653823889791965,0.004418288357555866,-0.008080602623522282,-0.01099330652505159,0.01154582562239095,-0.02096904642658396,0.004835987619965627,0.01440673973411322,0.004439225613150431,0.006276498548686504,0.004594307337655532,0.0299664861174698
2010-02-01,0.01962825596490242,0.008731014834000492,0.00985245938399949,0.01051984309715074,0.01219136999664795,0.005112172501161022,0.004302916703631845,0.00546635128557682,0.006215971894562244,0.004099177196621895,-0.007890972308814526,-0.01099330652505159,0.01393821987420127,-0.01866800276062383,0.008504946528138805,0.03098118863999844,0.006374475394131468,0.0073604592113505245,0.004619730362485005,0.05922128465811842
2010-03-01,0.01889346906882097,0.009136903932586805,0.009917304507454476,0.01228804775187458,0.01294820593452534,0.005112172501161022,0.004302916703631845,0.006500586867332458,0.00611177459359169,0.001162083935923874,-0.006504141725599766,-0.01099330652505159,0.01255389716613558,-0.01015503760198562,0.02473686675195413,-0.002996261697262526,0.005813467635318329,0.006306180730462074,0.004674386572991145,0.01575366892283395
2010-04-01,0.01523996526137092,0.009057897058727268,0.01451643374155909,0.01537809008922503,0.01613110905746185,0.005112172501161022,0.004302916703631845,0.007627850398421288,0.006969914771616459,0.004405967891216278,-0.007582021877169609,-0.01099330652505159,0.01558233942960751,-0.01867636675159484,-0.005449393301116346,0.004431856796145439,0.004753464077825727,0.006041043636388741,0.004685465855340987,-0.08360117630526609
2010-05-01,0.008513018559462342,0.002971427657989512,0.002334270368746186,0.00511341435681153,0.006205750521056149,0.005112172501161022,-0.003467872345735666,0.001087052281945944,0.006490586325526237,0.004516697954386473,-0.00856917817145586,-0.01099330652505159,0.006067445296667133,-0.02788856235729298,0.01331247189442736,0.009091648273169994,0.001243564786988362,0.0048144352277737475,0.004597267411624097,-0.05511599955649041
2010-06-01,-0.0008195036389638524,-0.002377758583023483,0.01490400787049942,0.011622309264138,0.01240061310912567,0.003803128431050763,0.006251652774394633,0.007592000998556614,0.008577287197113037,0.004312267526984215,-0.007098251022398472,-0.01099330652505159,0.009824742397955916,-0.01729279155903481,-0.008662506454260324,0.02542069740593433,0.003591536824563754,0.005281960150689424,0.004537673332813604,0.06797912581026096
2010-07-01,0.01434451116312895,0.0007276990384116212,0.003398812958779546,0.0109760927346874,0.01071301825849959,0.003803128431050763,0.006251652774394633,0.00827291700989008,0.007423581089824438,0.003537662792950869,-0.006387444213032722,-0.01099330652505159,0.01065510874547805,-0.01122026577325518,0.03085829855813456,0.01391298696398735,0.006017153375492398,0.006837616932109536,0.004600925030198896,-0.04659429668011841
2010-08-01,0.001690714995093123,-0.005941537495402867,0.00235406197371537,0.007489664456659731,0.006308747107984274,0.003803128431050763,0.006251652774394633,0.006686352659016848,0.008187437430024147,0.00453517958521843,-0.008246797136962414,-0.01099330652505159,0.002332734388556044,-0.01372023985952876,-0.006782542361253116,0.01109086442738771,0.0009403821781813954,0.0030785952023830664,0.004549933773515312,0.0864262643387545
2010-09-01,0.01118789810549395,0.0005754229256744684,-0.006416013063833554,0.004765304737585496,0.003903949502313108,0.003803128431050763,0.006251652774394633,0.004608363378793001,0.006243342533707619,0.002878984436392784,-0.007131991907954216,-0.01099330652505159,0.002187626041645192,-0.01814980246997605,-0.002638411998136442,0.01477315090596676,0.00099058111300412,0.0033410564337217736,0.004631402759152366,0.03789881809087795
2010-10-01,0.01546715806993916,0.007390364959492546,0.001737461569811884,0.008053439650682281,0.00829587172127507,0.005112172501161022,0.003988254684983811,0.002163383411243558,0.005488074850291014,0.00114575691986829,-0.006481807678937912,-0.01099330652505159,0.006386455625338305,-0.0128770931096696,0.02649974060420464,0.01712288334965706,0.004906175662768096,0.005300123675726018,0.004664471760476149,-0.00014999625037496
2010-11-01,0.01284190975555586,0.008090013958457234,0.008566336350533024,0.01020234769625581,0.01061787237183116,0.005112172501161022,0.006251652774394633,0.006922151893377304,0.00603345176205039,0.002540985122323036,-0.007385088130831718,-0.01099330652505159,0.007304500239036029,-0.01435189801641581,0.03409299793414505,0.02161030285060406,0.006716025158589093,0.0071133260662066666,0.0046596907594723255,0.0647978365775096
2010-12-01,0.02209044328966301,0.009554439506423353,0.009909809347540148,0.01303939401171116,0.01385399685363128,0.005112172501161022,0.003988254684983811,0.005466392263770103,0.005543035455048084,-0.001047043828293681,-0.005325822159647942,-0.01099330652505159,0.01271864428635721,-0.004004622381712418,-0.009646992436703016,0.00279297074303031,0.004565735350744429,0.005289282382465562,0.00471935161841879,0.02298156444298796
2011-01-01,0.008926455299727031,0.008635883860776546,0.002307595898670555,0.007324076090874668,0.007628328119338341,0.01113307042640877,0.006765766901360442,0.004411911126226187,7.361546158790588e-05,0.004352101590484381,0.02943363040685654,0.02212113887071609,0.005729586778704642,-0.0205350682679653,0.03301241544916657,0.01448274683207273,0.009112703427812882,0.007476202105106505,0.004737450937372773,0.03189273603584019
2011-02-01,0.01572244070930163,0.00915117156607241,0.01074014792665991,0.01313270692014862,0.01387539314377014,0.01431809173372567,0.006765766901360442,0.005701731890439987,0.0131972823292017,0.004350460600107908,0.03083764389157295,0.02047255262732506,0.01254159520959598,-0.01987980730475268,-0.01041638325179596,0.01783323287963867,0.009896501735773276,0.0128371510648723,0.004764337358262346,0.0005298066329762485
2011-03-01,0.01098490085699603,0.007767691880579195,0.007193725782762344,0.008730378405167306,0.009099248825402056,0.01036045231313673,0.006765766901360442,0.006016631610691547,0.02588284946978092,0.004354043398052454,0.02979324944317341,0.02170667797327042,0.005938545542471011,-0.02278744189057137,0.02457926707874337,0.009879857301712036,0.01039161530579549,0.008914813615284681,0.004760148900571656,0.02891497006819109
2011-04-01,0.01596846554166593,0.00931027381400389,0.01344461818826732,0.01439350717725529,0.01521976867765872,0.008119957034543457,0.006765766901360442,0.004573955200612545,0.0132018867880106,0.004348776768893003,0.03168053552508354,0.02016297541558743,0.01366795252560503,-0.02118941121404529,-0.02629987683601722,0.01017542742192745,0.008346536183150757,0.011688657104969025,0.0047840173009349165,-0.0113744444216935
2011-05-01,0.01465548330118141,0.0084140237114411,0.01367117059252445,0.01336151670810683,0.01400096659657661,-0.01282697941183643,-0.006900653898638179,0.006912298500537872,0.009804919362068176,0.004361283499747515,0.03316912800073624,0.020158551633358,0.0112400394680297,-0.02116579399507616,0.0005492069744680486,-0.008975982666015625,0.006276823648575599,0.009109471536754638,0.004768066203479212,-0.01668848128623534
2011-06-01,0.02170756735732687,0.007568498310272245,0.00826746943507481,0.007425786335190494,0.009134972457974136,-0.01402437596243673,0.0004683285587368153,0.005203465931117535,0.02265270613133907,0.004343791399151087,0.02848549745976925,0.02243491634726524,0.01059586972804387,-0.0166474785485747,0.02098206003256776,-0.006744003854691982,0.00824094194488286,0.007917983872673527,0.004746905900234918,-0.02002925297383884
2011-07-01,0.03237549031708847,0.007662067663491483,0.02151588065032661,0.01874891739155413,0.02132498698158954,-0.01006673654184779,0.0004683285587368153,0.004532407037913799,0.02849824167788029,0.004350258037447929,0.03280095756053925,0.02030158415436745,0.02285133780722105,-0.01469677596536634,0.005362036564607747,0.01063997484743595,0.01291680979643665,0.014694446119495039,0.004722495891491988,-0.05585103354001558
2011-08-01,-0.005358971204135109,-0.004137805718895968,-0.001016818314721504,0.005654523029300536,0.006069373286640291,-0.06690189066987368,-0.005325864575433355,0.00593014620244503,0.01761461608111858,0.004312317352741957,0.03662829473614693,0.02137383446097374,0.002605533634521172,-0.01783887277516974,0.03222025989070376,-0.005133332684636116,0.001668458920732908,0.0034589254936315643,0.004662876275909795,-0.07292878565567487
2011-09-01,0.01100246752866149,-0.006575200895910557,0.008038515108570482,0.0116559248469401,0.01239112088664749,0.002185349654353485,-0.008919530975394213,0.003890093881636858,0.003396753221750259,0.00436425069347024,0.03512347117066383,0.02050907164812088,0.00931984539279663,-0.01613317171298946,0.006892419199076188,0.05878378450870514,0.009745322759818677,0.007465467153823335,0.004586581623076378,0.1034677254601278
2011-10-01,0.01897935369615071,-0.004446974756744526,0.00166640294584001,0.008463262184562954,0.00786847434204787,-0.01679097953552375,-0.02461542875843898,0.003554340684786439,0.03982453793287277,0.004340896848589182,0.02676471695303917,0.02081261202692986,0.005496293379505269,-0.005326632550968236,-0.01307508738360621,-0.03630470111966133,0.002325692930586324,0.00394761876668781,0.004683714377336743,-0.002733733246055837
2011-11-01,-0.01292946595654662,-0.007266465285588773,-0.02121042126204431,-0.008170347696686696,-0.01069523238437026,-0.08390774131794952,-0.04106596699447022,0.004203996155411005,-0.01302406378090382,0.004333002958446741,0.03541982173919678,0.02124933898448944,-0.01817621156235446,-0.05094561551510474,-0.04470891169183398,-0.05100662261247635,-0.01861880663892411,-0.01297676486872522,0.004676435233447252,0.009385815108490469
2011-12-01,0.008739906769820428,-0.004494731693411061,0.00444234844057891,0.01313930134029648,0.01272021620494942,-0.006963186875224842,-0.0364090012856695,0.004041111096739769,-0.005657607689499855,0.004356894642114639,0.03238034248352051,0.02037382684648037,0.006610622798559737,-0.02520628493716555,-0.04807698322509514,-0.004129550885409117,-0.001508298498025924,0.004199002869427204,0.004681052272540431,0.04421782216543264
2012-01-01,0.0319065864200504,0.007471232364262182,0.008726247720284304,0.01184198782979234,0.01182389006255614,0.004692068096422134,0.0007634672094764069,0.005230214912444353,0.001692848512902856,-0.002286794828251004,0.03742098435759544,-0.01639607734978199,0.01229647623854622,-0.01578552289572504,0.03261238593081561,-0.001174427103251219,0.008177222967383697,0.006350723638353267,0.004719775847362069,0.04242710563989539
2012-02-01,0.01864035419009676,0.01027442795269349,0.01143329503407913,0.01288637572809278,0.01359165524776045,0.004692068096422134,0.005753002175738629,0.005177583079785109,0.005061041563749313,-0.001861272612586617,0.03705604746937752,-0.01639607734978199,0.0119004498035957,-0.008415707901607608,0.03210707262073485,-0.00239538075402379,0.008719058396507865,0.008013715064216059,0.00475667147338216,0.03234133517066269
2012-03-01,0.007414660395113203,0.00893366656815283,0.0008641312988685586,0.004640985428124928,0.004653943481186033,0.004692068096422134,0.005496223378241904,0.00456997798755765,0.009994922205805779,-0.002069878624752164,0.0366056002676487,-0.01639607734978199,0.00203632090856342,-0.02063410025838208,0.02734659086113946,0.003738126019015908,0.005117947541432767,0.00464746445465548,0.004783635954024663,-0.006048253867540266
2012-04-01,0.01251908186528713,0.008534047604616143,0.01160745009131408,0.01118534185388533,0.01153614646102198,0.004692068096422134,0.005753002175738629,0.008349297568202019,0.00872597936540842,-0.002033513737842441,0.03378355875611305,-0.01639607734978199,0.008251222769384623,-0.0112792933869575,0.00879553062065754,0.01682438515126705,0.007553014244046012,0.008630013485012283,0.004773057936620792,-0.06165202441378294
2012-05-01,0.0171027633645297,0.0070878371920877,0.01024596687031126,0.01117650696091747,0.0126212405362087,0.004692068096422134,0.005753002175738629,0.008286964148283005,0.01570487394928932,-0.0001104265684261918,0.03281226381659508,-0.01639607734978199,0.01198020632526266,-0.003905872536694641,-0.02210717061627811,0.00611216900870204,0.006316019710822923,0.007687400670185352,0.004708252978230154,0.04053318169495813
2012-06-01,0.032830186432987,0.01017737365999321,0.01033630756070094,0.01221156405575258,0.01396796800246809,0.004692068096422134,0.004931560223957025,0.006795041728764772,0.003641962772235274,-0.002081017242744565,0.03664209321141243,-0.01639607734978199,0.017574658174862,-0.004413095093503339,0.04161027169367205,0.03167872875928879,0.0127624746679054,0.010256840610347075,0.004743170062749381,0.01425787174669949
2012-07-01,0.03019946429294293,0.01140343154093072,0.02212411945786772,0.02210019249209857,0.02340133904033498,0.004692068096422134,0.005753002175738629,0.01009324379265308,0.007144005037844181,-0.001495883101597428,0.03790746256709099,-0.01639607734978199,0.0246061431872771,-0.00741978296828914,0.006099493660623484,0.02102350629866123,0.01257723301380108,0.0107483376667919,0.004752434621351086,0.02248530021907157
2012-08-01,0.01097677378459263,0.009696043235550986,0.002511289857586888,0.007028801376746913,0.007050474825972122,0.004692068096422134,0.005496223378241904,0.005750310607254505,0.006807206198573112,-0.00248319492675364,0.03681211918592453,-0.01639607734978199,0.005189462126908732,-0.01955668992543094,0.00810893687277384,3.058517904719338e-05,0.004482145782726807,0.005623266992748205,0.004769684490609569,0.02470968390824111
2012-09-01,0.008492090327148281,0.009264080852377284,0.004502969532805815,0.006887517348233205,0.00691449009163737,0.004692068096422134,0.005496223378241904,0.005247564986348152,0.008183165453374386,-0.002373459981754422,0.03709548711776733,-0.01639607734978199,0.004510228283237133,-0.01945213653718933,0.03974521011533114,-0.001735969679430127,0.006317090752173017,0.005371894182295028,0.0047890625269726705,-0.01810104610988584
2012-10-01,0.01696051235652837,0.009583319179281818,0.0148599358739561,0.01426351801639715,0.01494141670956488,0.004692068096422134,0.005496223378241904,0.006910664960741997,0.00171763461548835,-0.001670703059062362,0.03736303374171257,-0.01639607734978199,0.01237409560252627,-0.009353585311982243,0.06619561452637741,-0.003141305642202497,0.01092477285588812,0.008246992070011908,0.004766839120529119,0.005215850821902554
2012-11-01,0.01632004118748551,0.009172062302019852,0.001254619255073713,0.004693757257273525,0.005634139867783369,0.004692068096422134,0.005496223378241904,0.005770928226411343,0.006799085065722466,-0.001371375052258372,0.03478267788887024,-0.01639607734978199,0.007342143825652368,-0.02705347965072099,0.008311809751683852,0.02579145878553391,0.005702505177213302,0.005702534047097356,0.004767274631393689,0.00837399907904625
2012-12-01,0.01415232010398296,0.00957201754787244,0.005124049169289842,0.009349281078489126,0.009647384108522523,0.004692068096422134,0.004112062122654752,0.007072287611663342,0.005804798565804958,-0.002263681730255485,0.03613521158695221,-0.01639607734978199,0.009836937292270786,-0.01001302709317202,0.02306543707479974,0.008155424147844315,0.007377905770834977,0.007613855879753828,0.004770769519424361,0.05093526609949159
2013-01-01,0.009455818075031031,0.00934664467494556,-0.0006735252555606485,0.003708868714997003,0.004125750270575559,0.004788745256890264,0.00553461970592755,0.005517599638551474,0.002244632923975587,0.005048845894634724,0.02697119489312172,0.04452984035015106,0.002699189612763185,-0.01886538361299898,0.01170574118150614,0.01461104489862919,0.008171851701446277,0.005283222766593099,0.004815459254739044,0.01292609688613364
2013-02-01,0.009263265454846282,0.00961628349563729,0.008105813515679018,0.009887711841992722,0.009984963388924364,0.004788745256890264,0.00553461970592755,0.005806926172226667,0.002389168133959174,0.005036217160522938,0.02701494097709656,0.04506285488605499,0.0086401187917986,-0.02001587003187097,-0.007652025351547811,0.008145557716488838,0.008225580694664156,0.008125685616083927,0.004823303198289716,0.03689107858374874
2013-03-01,0.009775520832983099,0.009365686643158908,0.008178913469078663,0.008729627309195825,0.00884501459569309,0.004788745256890264,0.00553461970592755,0.005799132864922285,0.001439478946849704,0.00504699582234025,0.03065842390060425,0.04479272663593292,0.006942763899588171,-0.02014440493823842,0.02172882315233223,0.0106703070923686,0.01013452344935171,0.008454270389137243,0.004854286556150063,0.01943000886294531
2013-04-01,0.01443536291966073,0.009855224628876093,0.01250527618708324,0.01373809023013148,0.01362434123450845,0.004788745256890264,0.00553461970592755,0.006118715740740299,0.003960502333939075,0.005002499558031559,0.02290021814405918,0.04542346298694611,0.01285298813877848,-0.01313460695606134,-0.03831720698890652,0.003525997512042522,0.007675889414540448,0.007986970184808196,0.004868355786175927,0.02285678214292756
2013-05-01,0.002917896008085331,0.008726432286385552,-0.003903229866162254,0.0007496796702943995,0.001294323859253359,0.004788745256890264,0.003769614057040668,0.002600137144327164,0.003196136793121696,0.005041141994297504,0.03022889420390129,0.04326833784580231,-0.0006469752592623348,-0.01498443571269052,0.00589371234992181,-0.006045324727892876,0.005430942868957085,0.0030570164006035135,0.004885702388255726,-0.01369332713200245
2013-06-01,0.000771248265331495,0.007489638598725284,-0.0008828798039470362,0.001425632849300681,0.001951106755071111,0.004788745256890264,0.00553461970592755,0.005117030348628759,0.002144319703802466,0.005021995864808559,0.02664033137261868,0.04453909397125244,-0.001594426013610574,-0.02389581271407812,0.02388145851272513,0.01157630886882544,0.007156775721392008,0.004905370560849411,0.004867803515885535,0.04942805591132284
2013-07-01,0.01503808237588199,0.009668462085124412,0.01029947583245288,0.01219394980512619,0.01203562841147908,0.004788745256890264,0.003769614057040668,0.005205945111811161,0.001608972204849124,0.005089635960757732,0.03424492478370667,0.04361928999423981,0.01116628023756224,-0.0114450585240491,0.04065994755454572,-0.01814921014010906,0.01123716781295686,0.009983968958788645,0.004910691150529844,-0.02964510596560362
2013-08-01,0.005723143600397065,0.008217098471822185,0.006176154123465547,0.008043715296744018,0.00813949004411181,0.004788745256890264,0.003769614057040668,0.005818028468638659,0.001573862740769982,0.005046097096055746,0.02909246645867825,0.04418344795703888,0.005535012126108461,-0.01831931509537377,0.02644283609597923,-0.02200686000287533,0.007638971043468229,0.005770586034517862,0.004877464422533562,0.03116915541202952
2013-09-01,0.02159610077108789,0.009413812865529331,0.007239725699355631,0.01114446446171277,0.01001639187647285,0.004788745256890264,0.002555439990864867,0.00609517190605402,0.001644952455535531,0.005053140688687563,0.02930067665874958,0.04499641060829163,0.01274511119729335,-0.01972662653777045,0.01914193009039928,-0.03050114959478378,0.008469018649648146,0.00832676928244248,0.0049027206098433565,0.04523145852892539
2013-10-01,0.01593815999396047,0.009550072617209951,0.01159653644923065,0.01354003858291938,0.01334545693208189,0.004788745256890264,0.00553461970592755,0.006177918519824743,0.002368795918300748,0.005104095675051212,0.02979251742362976,0.04445074498653412,0.01283689094285906,-0.01702728791538391,-0.0175686159955706,0.0006341442931443453,0.008816427086663102,0.007863995568517346,0.004941423813220594,0.0303546020137471
2013-11-01,0.01169205458845734,0.009288606510170865,0.005519954474372042,0.009482574274914734,0.009496917616864768,0.004788745256890264,0.00553461970592755,0.005393548868596554,0.002113946946337819,0.005084473639726639,0.0329069122672081,0.0434734970331192,0.00878236209474569,-0.01314575652668889,0.03264590227706007,0.02240679226815701,0.01221657195599123,0.009035484302458277,0.004965789276500102,0.02561901261761946
2013-12-01,0.01328323423017007,0.009471019444521795,0.008282734959121206,0.0119191051790181,0.01177473911222789,0.004788745256890264,0.00553461970592755,0.005187181290239096,0.002008722396567464,0.005095988977700472,0.03475059196352959,0.04319079220294952,0.01123191079056928,-0.01088103607199508,0.04065994755454572,0.02265804447233677,0.01368477134151998,0.010351465117545536,0.004985572057478185,-0.03528526718927552
2014-01-01,0.02129749972693076,0.008690133660129261,0.01200290801955992,0.01174747324279423,0.01330781378112426,0.004921541727510749,0.001035723940868822,0.006530808750540018,0.02073694579303265,0.01269673649221659,0.001187662011943758,0.005481118336319923,0.01516528389239041,-0.00769160283523038,0.009086182745914554,-0.0076270941644907,0.008035570945097175,0.008888158203021908,0.004947035369203779,0.04474389380939165
2014-02-01,0.01357454818802712,0.00929613672807416,0.01167686641220663,0.01232395519293488,0.01282965235896932,0.004921541727510749,0.006106619993709799,0.00605778768658638,-0.009529152885079384,0.01503092236816883,0.001187662011943758,0.005481118336319923,0.01206031442610367,-0.01817364219366592,0.02648739092446856,0.008564606308937073,0.007368520474075972,0.008930371518505616,0.004985082078993634,0.008027691687228986
2014-03-01,0.007458279091814408,0.009006827351856945,0.008293090269581468,0.009717580746387384,0.009975824647568403,0.004921541727510749,0.006106619993709799,0.005944841075688601,-0.006214029155671597,0.0150736877694726,0.001187662011943758,0.005481118336319923,0.00898483865439609,-0.02151933895687687,0.03444564608350318,0.004736867267638445,0.006475066057177705,0.006782449542762104,0.0049879881053625326,0.006538576839582357
2014-04-01,0.007481528625775842,0.008948233046225012,0.01065856232945598,0.01093333965509775,0.01125324763740961,0.004921541727510749,0.001035723940868822,0.006093823350965977,-0.004769470542669296,0.01435668393969536,0.001187662011943758,0.005481118336319923,0.01012978100784241,-0.02065113946980236,0.004419256816163219,-0.0136554054915905,0.003614030432575765,0.00578747084364295,0.004989467674765413,0.02304247136811078
2014-05-01,0.00993498977174368,0.009027224263331801,0.00911296559659341,0.01043741335657777,0.01064073560779274,0.004921541727510749,0.001035723940868822,0.005951340775936842,0.009587271139025688,0.01374869607388973,0.001187662011943758,0.005481118336319923,0.009759823571627644,-0.01989872271981874,-0.01124699007688958,-0.01130491867661476,0.003648492168739968,0.007489282519634322,0.005006677401832473,0.02042988151150812
2014-06-01,0.008859134086859295,0.008977503412314009,0.007590107326886877,0.009316624675001885,0.009507246844484953,0.004921541727510749,0.001035723940868822,0.005736051592975855,-0.01293319836258888,0.0152939772233367,0.001187662011943758,0.005481118336319923,0.008424617558390768,-0.02085544281056654,0.02367493030108938,0.00341149396263063,0.004976818239216137,0.006663079459931366,0.0050213661676512126,-0.01406849887887307
2014-07-01,0.00887665104252699,0.008217354464896066,0.007492874856954067,0.008704590938489428,0.008828349162465289,0.004921541727510749,0.001035723940868822,0.005847441032528877,-0.003168994560837746,0.0152034405618906,0.001187662011943758,0.005481118336319923,0.006413302681746398,-0.02126544563620806,0.03451225292132837,-0.005095450673252344,0.005449525800573199,0.006130371857137638,0.005003202642392863,0.03900915231432656
2014-08-01,0.01743707133673462,0.009760258762523174,0.01206278018761663,0.01352963396994784,0.01394471787292909,0.004921541727510749,0.001035723940868822,0.006312713492661715,0.00888432189822197,0.01309293229132891,0.001187662011943758,0.005481118336319923,0.01379318304681897,-0.01470466139018229,-0.002037438970215606,-0.02193544805049896,0.005172881904033083,0.007598517695441842,0.00503552768960953,-0.01402793298464303
2014-09-01,0.003761252972315101,0.007677672803469983,-0.0002956191304575723,0.003564538398868203,0.003261473849707652,0.004921541727510749,0.001035723940868822,0.005016094073653221,-0.009273197501897812,0.01518259104341269,0.001187662011943758,0.005481118336319923,0.0003717101139981277,-0.02547611562448115,0.04124055080097865,-0.01220875047147274,0.002840515459046099,0.0034130061242879277,0.00501742373835193,0.02368722931315426
2014-10-01,0.01105188222512971,0.009091286140240431,0.008977619388067104,0.01086569176959367,0.01103835252643864,0.004921541727510749,0.001035723940868822,0.006065570749342442,0.01106813177466393,0.01362709514796734,0.001187662011943758,0.005481118336319923,0.01034445942624828,-0.01784461541156953,-0.008895829019282719,-0.02406549267470837,0.003371887378673387,0.0075215950687047735,0.005035137026373564,0.0272551800664515
2014-11-01,0.01123583749990837,0.009158415809398123,0.006112101667977021,0.00937736257203431,0.00935587977848709,0.004921541727510749,0.001035723940868822,0.006108842790126801,0.01684361137449741,0.01369494572281837,0.001187662011943758,0.005481118336319923,0.008714146339921925,-0.01904932101554287,0.01158483163428973,-0.01449517533183098,0.005079220303670536,0.007413124003949473,0.005056198678544255,-0.002473055482397976
2014-12-01,0.01240202495778686,0.008282684074215963,0.006510555773879718,0.00942975544135098,0.009374545040573603,0.004921541727510749,0.001035723940868822,0.006794414948672056,0.01688057370483875,0.01395505107939243,0.001187662011943758,0.005481118336319923,0.007559281603650688,-0.01688309082363158,-0.001237303124457626,-0.02479647286236286,0.003806129114409515,0.006652485361275887,0.0050490687030130595,-0.02987175120496339
2015-01-01,0.03084214436782262,0.009166700055437182,0.01561308479333058,0.01539691636293305,0.01465570181483771,0.005109059526032324,0.005227752204276015,0.009846442379057407,0.005593118723481894,0.02882459387183189,0.005917237140238285,0.01117139775305986,0.01506915268490232,0.00169898671746678,-0.007533123561636914,0.03099944815039635,0.01234991331146671,0.010508920066058634,0.0050160310304416525,0.05544416758128565
2015-02-01,0.01136139240158355,0.009267608160826661,-0.0002779738615574,0.004946283415625183,0.005016318759242567,0.005109059526032324,0.005227752204276015,-0.0008643283508718014,0.004953689407557249,0.03208639845252037,0.006144197657704353,0.01117139775305986,0.004659773428153494,-0.008952671801551152,-0.003664000225395718,-0.02355965971946716,0.00391407732548365,0.004985004083399908,0.005063694675574776,-0.01510348557731825
2015-03-01,0.006041358430801836,0.008140678798535828,0.007185529653614815,0.007628645432431642,0.007587690767828524,0.005109059526032324,0.005227752204276015,0.006886140443384647,0.005309918895363808,0.02170490473508835,0.006061764899641275,0.01117139775305986,0.007305234866369935,-0.0216707389223098,0.01632613673668348,0.01122540980577469,0.006952555251661077,0.007245382259992375,0.005044651068159391,0.009058844488346146
2015-04-01,0.01395544521292843,0.009022691265418555,0.003608929697776394,0.004565375289788138,0.004742309797420935,0.005109059526032324,0.005227752204276015,0.002934091258794069,0.005204403772950172,0.02794547379016876,0.006138500291854143,0.01117139775305986,0.005662655259361188,-0.01840124560314021,0.01391332834749991,-0.001658725552260876,0.006196340144495487,0.005216077988613094,0.005048438043084095,0.01244227288988735
2015-05-01,0.00219268996387898,0.008768058925924334,0.0009265011723804829,0.004040187599893962,0.004303914248167657,0.005109059526032324,0.005227752204276015,0.003514362499117851,0.005229794420301914,0.02626223117113113,0.006108790636062622,0.01117139775305986,0.004736620714378616,-0.02462406078480792,0.008785979894840241,0.006475669331848621,0.004889309329780419,0.00516840586515417,0.005055406784692769,-0.01952946460850407
2015-06-01,0.01407876670770246,0.007599154935733805,0.002716512982876177,0.0027447530088466,0.003046269790077204,0.005109059526032324,0.005227752204276015,0.002973026130348444,0.005067598540335894,0.02984922751784325,0.006110187619924545,0.01117139775305986,0.004283957789010018,-0.01603690176053918,0.01043314065305362,-0.02059853076934814,0.004610960789327055,0.005088329033184109,0.0050322571882773295,0.02107632560191631
2015-07-01,0.02156149141291016,0.009740138571182557,0.01052822295380551,0.009879337420033954,0.009686729110212828,0.005109059526032324,0.005227752204276015,0.004566575866192579,0.005434032995253801,0.01890324056148529,0.006052620708942413,0.01117139775305986,0.01087761757783418,-0.01471542295955434,-0.00535470290927145,0.0160412210971117,0.007794331993094213,0.009713433840697693,0.005047350385279812,-0.06197115298275305
2015-08-01,-0.001722827807343977,-0.007334045632912091,-0.007506581333114291,-0.0005997087570573205,0.001084704878634787,0.005109059526032324,0.005227752204276015,0.01259772479534149,0.005130243021994829,0.03460843116044998,0.006034329067915678,0.01117139775305986,-2.313847977367806e-05,-0.02161668977078363,0.0228944522951882,-0.01299759652465582,0.003253594149828272,0.0030968822023335553,0.004984363070084292,-0.02485637599886649
2015-09-01,0.007664183796079446,-0.006399380140488141,-0.003165182049049193,0.002779952674276553,0.00414371339668524,0.005109059526032324,0.005227752204276015,0.009753324091434479,0.005209214519709349,0.03368363901972771,0.006030159071087837,0.01117139775305986,0.002834185178200832,-0.01741846808885439,-0.006510852640542237,-0.00560403149574995,0.003406791675992859,0.004626386461358782,0.004956343596780114,0.08015039418282847
2015-10-01,0.01403131932724435,0.001464845903866086,-0.001594902175227762,0.003890100318114046,0.004690352288803823,0.005109059526032324,0.005227752204276015,0.004528442397713661,0.005188604816794395,0.03546479716897011,0.006049560382962227,0.01117139775305986,0.005150835880153177,-0.01306967770658143,0.0178071871738633,-0.01636793836951256,0.005546358555658226,0.00512994770309275,0.005026882105772654,0.003364334275426322
2015-11-01,0.01976866910266941,0.003705915695621911,0.0002125686223769076,0.00584132309962635,0.006595416666534427,0.005109059526032324,0.005227752204276015,0.004395824857056141,0.005227556452155113,0.03583937138319016,0.006081025116145611,0.01117139775305986,0.005637426223545265,-0.01637078114606288,0.02367238963552035,0.005732516292482615,0.007990464467764349,0.0056849712580139405,0.005025323954104101,-0.01536747713112178
2015-12-01,0.01330849193418658,0.0004918672755018227,0.0003367928441189386,0.004792676070703931,0.005680882429327338,0.005109059526032324,0.005227752204276015,0.004475274588912725,0.005216238554567099,0.03310374170541763,0.006076076067984104,0.01117139775305986,0.003769957462238753,-0.0205931559228288,0.0117164459383514,0.0167136937379837,0.00666232451061459,0.005221995379421557,0.0050062295710655005,-0.05044636943707182
2016-01-01,-0.002342837840230719,-0.007226511945818311,-0.01034940240708333,0.002092077339895648,-0.0003371054633143772,0.004929481950188556,0.00470028139500411,0.008062896318733692,0.01059609837830067,0.005569582805037498,0.00212138332426548,0.006078231148421764,-0.0002871431031486477,-0.01970406128300926,0.04599995893348201,-0.02195994928479195,0.001746436266620802,0.002106730332080564,0.004954356232423651,-0.001841510558636046
2016-02-01,0.009578906414291918,-0.00624453031433339,-0.001252681856869211,0.006456906289245455,0.004772486499761298,0.004929481950188556,0.005150194663079096,0.005654355511069298,0.008478322997689247,0.005527486093342304,0.001740926876664162,0.006078231148421764,0.00336948336753262,-0.01448191051788191,0.02217201895013216,-0.0209248773753643,0.002562800043560566,0.005039838306633826,0.004948004955048828,0.06496959198043006
2016-03-01,0.005508316406284297,0.001096967057974328,0.009171207489291844,0.01204229075989461,0.01127179073201674,0.004929481950188556,0.004712003415338503,0.006393013522028923,0.01139014400541782,0.00559820793569088,0.003405259922146797,0.006078231148421764,0.009652269831002933,-0.01668790545312122,-0.009204259459721035,-0.001668036915361881,0.003980561396718366,0.0055532621709875885,0.00500404751996515,0.003543006276168052
2016-04-01,0.01641671153359906,0.003557246440701206,0.005218979952369274,0.008712896737553592,0.00798402006501349,0.004929481950188556,0.005150194663079096,0.003987068310379982,0.007472415454685688,0.005557799711823463,0.002471951767802238,0.006078231148421764,0.006654474954665666,-0.02031101333713512,0.01155964128405041,-0.0008774547604843974,0.004660165367294623,0.005388389832096368,0.0050026846083571315,0.01822114327585582
2016-05-01,5.231680096200869e-05,0.007578951696462709,0.003510272867541411,0.006447251587241188,0.006051234639613845,0.004929481950188556,0.005150194663079096,0.005477026104927063,0.007349133491516113,0.005462769418954849,0.002009261399507523,0.006078231148421764,0.00562686680737895,-0.02682212581515866,0.01806986694486174,0.001090948702767491,0.003628855150516603,0.005469897761940956,0.00501500376834548,0.002576420203074923
2016-06-01,0.006220956968902114,0.009350942727020396,0.009386638331029942,0.009866712892087633,0.00969867448661574,0.004929481950188556,0.005150194663079096,0.007686266675591469,0.009101697243750095,0.005489593837410212,0.004607953131198883,0.006078231148421764,0.01020553629186089,-0.006978839016738531,-0.002771636093544506,0.00474472064524889,0.005797945367632665,0.0061495940586619394,0.0050127332063666435,0.03571720558411572
2016-07-01,0.01405286803620364,0.009952349255607168,0.01098262580709342,0.01076223448583383,0.01090187338610226,0.004929481950188556,0.005150194663079096,0.007188753224909306,0.008672294206917286,0.005370112601667643,0.003488700836896896,0.006078231148421764,0.01026143122646255,-0.01392944690965243,0.002701392478559222,0.006649274844676256,0.006450773202685403,0.006919014034792781,0.005041295506252922,0.001049239397765653
2016-08-01,0.01235737658957735,0.008958942021643119,0.006288027489947008,0.007917295475689088,0.007742945086271049,0.004929481950188556,0.005150194663079096,0.007206140086054802,0.008146551437675953,0.005430835299193859,0.002923298627138138,0.006078231148421764,0.007157752694098918,-0.01203814880938842,0.02247656787241656,0.007805344648659229,0.00678317726754163,0.0071819463900768595,0.005037585416932766,0.0002499187776985689
2016-09-01,0.01849579649741811,0.0086032157071696,0.003805962010797579,0.005253366593536989,0.004684958184084072,0.004929481950188556,0.005150194663079096,0.006771393120288849,0.006453276146203279,0.005420229863375425,0.002665745094418526,0.006078231148421764,0.005572044367036704,-0.01778151304919147,0.02044860008477886,0.01066902466118336,0.00607625044017433,0.005496137115206065,0.005033140044008687,-0.01832321826235554
2016-10-01,0.01707942013824305,0.008146880692474576,0.002686935522934291,0.003840493818269459,0.003263342813334865,0.004929481950188556,0.005150194663079096,0.007715282030403614,0.005985035095363855,0.005439844913780689,0.003028944134712219,0.006078231148421764,0.004375965826926919,-0.01242852683393779,0.01823181115935599,0.007595905102789402,0.005694952636021285,0.005295019788429892,0.005011473663390538,0.03496444058495285
2016-11-01,0.0003821436755037551,0.008524385337642826,-0.004759482895605047,0.0009678744145632905,0.0001155017911834057,0.004929481950188556,0.005150194663079096,0.008340826258063316,0.008017384447157383,0.005603323690593243,0.002653481438755989,0.006078231148421764,0.000592627097774202,-0.01754002711320712,0.0004583643748137634,0.005633069202303886,0.002196711217577019,0.0037914816944722724,0.0050392335956626075,0.01891801083542865
2016-12-01,0.009889325445262487,0.00968788569399069,0.005933395296970977,0.008083975594940217,0.008140442241142054,0.004929481950188556,0.005150194663079096,0.007369527593255043,0.007858682423830032,0.005404554307460785,0.002414017915725708,0.006078231148421764,0.008025373563664829,-0.01627529684183395,0.005850224619019679,0.006465977989137173,0.005312874600265946,0.0062721045687794685,0.005052084315329056,0.01889464433839233
2017-01-01,0.005464504604641943,0.00923828505655741,0.002884309611493817,0.006125214513617482,0.005815582986860739,0.005041032875256606,0.005376236980086574,0.009386839345097542,0.00860666949301958,0.02123400010168552,0.005839714780449867,0.006300189532339573,0.006265114667776943,-0.02515783701604107,0.02619478465268705,0.005963940173387527,0.00653616139743232,0.006044577343502505,0.0050648896437500215,0.03830142751574801
2017-02-01,0.01099687087812375,0.00943072869481679,0.01050488798881199,0.009804148429189303,0.01002049430346355,0.005041032875256606,0.005376236980086574,0.008941316977143288,0.009899379685521126,0.02076620422303677,0.005525363609194756,0.006294265855103731,0.009707594584044056,-0.01797239109942732,0.006882383753500092,0.00432850094512105,0.007221688667686631,0.009186022835980039,0.005095607331247247,0.001258703701542622
2017-03-01,0.005527434940418107,0.007896295360993247,0.004044953880700876,0.005729863203399322,0.005359758799882977,0.005041032875256606,0.005376236980086574,0.00881914421916008,0.00725578423589468,0.02233248762786388,0.005294676870107651,0.006377071142196655,0.005231151350142324,-0.02338275863198059,0.02219993816722418,0.005946017801761627,0.006190568051444262,0.0056286490719087146,0.005092064483943734,0.0102343637059016
2017-04-01,0.007692384983922565,0.009253273696130474,0.00716356575845432,0.00891950466221033,0.00897939007940257,0.005041032875256606,0.005376236980086574,0.009177813306450844,0.00923866219818592,0.02097398787736893,0.005439890548586845,0.006320983171463013,0.008741168741677963,-0.01873419359368374,0.01556658288346584,0.013033552095294,0.007636489766517066,0.008830336701944146,0.005096808302414175,0.0139452893898453
2017-05-01,0.007781530681052765,0.009066130450941519,0.008922974685012365,0.009696908365850142,0.009853737652536469,0.005041032875256606,0.005376236980086574,0.009049576707184315,0.01019873283803463,0.02099381014704704,0.005330417305231094,0.006336273159831762,0.009349350508804567,-0.01678850524791824,0.01882797848953914,0.01336645521223545,0.008275165050670387,0.009057853579062917,0.005104963584522406,0.005183424683759812
2017-06-01,0.006165405272583982,0.008957886103805962,0.006392139658341921,0.008521313833146919,0.008569444848854014,0.005041032875256606,0.005376236980086574,0.00879241619259119,0.01178717240691185,0.02188928425312042,0.005084745585918427,0.006411685142666101,0.00798802302696414,-0.01616950162774102,-0.00072115467858066,0.004675006493926048,0.006172571022990779,0.006401912400504011,0.005105035832311759,0.01988884635534805
2017-07-01,0.006490538785161995,0.008841208129319308,0.004848388048505464,0.007665696384112743,0.007551162038732696,0.005041032875256606,0.005376236980086574,0.008864009752869606,0.01103775203227997,0.02197942510247231,0.005063708871603012,0.006416482850909233,0.007094561621194303,-0.01796920967004925,-0.0004444788810587794,0.001195759163238108,0.005565767130289618,0.006453510818035614,0.005118636393970486,0.001537739825918602
2017-08-01,0.003336776863982829,0.008610068448254977,0.003425239368287375,0.00744912928902104,0.007127360709094361,0.005041032875256606,0.005376236980086574,0.01025549322366714,0.009729471057653427,0.01899407617747784,0.005715427920222282,0.006295824889093637,0.007239483061705176,-0.02199555094707599,0.01237671350526432,0.005760113708674908,0.005921056070666656,0.006711592799093998,0.005115345128742497,0.01895205045976504
2017-09-01,0.004928189903818284,0.008606551663178516,0.004477212147720825,0.00702340026037962,0.006889422093971422,0.005041032875256606,0.005376236980086574,0.008298286236822605,0.01096314005553722,0.02206309884786606,0.004882685840129852,0.006492195650935173,0.006194495311344629,-0.01426746170336977,0.025269327670376,0.002234840067103505,0.00715454086882232,0.006343345481139901,0.005128051010589166,0.02297316916872017
2017-10-01,0.00509521545655485,0.008537356200964675,0.00622064018484936,0.007854806419522853,0.007734328851284134,0.005041032875256606,0.005376236980086574,0.008810508996248245,0.01068587228655815,0.02188116125762463,0.005061343312263489,0.006404108833521605,0.007153637655256049,-0.01818897439146003,-0.002832536513518687,0.0001584646524861455,0.005312075191093666,0.006312374509185483,0.005144422678624148,0.03000781178544953
2017-11-01,0.002175992505080784,0.008365968832611271,0.00171717381485625,0.006405221765423637,0.005998066978064117,0.005041032875256606,0.005376236980086574,0.009286489337682724,0.007804567459970713,0.02156742103397846,0.005260663107037544,0.006412390153855085,0.005803443224014948,-0.02318001487937789,0.01278406406086295,-0.00442542415112257,0.004774580818642575,0.005900755101039533,0.005167212219510331,0.01028861681485626
2017-12-01,0.01219301301525418,0.009184804419504096,0.008294103576009751,0.01024739421948223,0.0103825236871341,0.005041032875256606,0.005376236980086574,0.008801069110631943,0.01314268261194229,0.02168755978345871,0.005067329853773117,0.006404205225408077,0.009448883143244855,-0.01286310910786681,-0.004573202982472583,-0.01372639555484056,0.005881758178500411,0.008547586343320847,0.00517190215045845,0.05553744736032369
2018-01-01,0.005020094883552406,0.00838251657665016,-0.002560224485316593,0.003912390766204697,0.00314902177535654,0.00519540328284852,0.005864595185722674,0.00482372147962451,-0.0005822647362947464,0.01354574225842953,0.005777135491371155,0.0058949189260602,0.002858570616974386,-0.02151786342529184,0.01940061745944391,0.02013584040105343,0.004956263528524308,0.005107749083200463,0.005217982246716332,-0.03948685584809655
2018-02-01,-0.007806569708757932,0.006604801017300879,-0.002886440037965717,0.001959310940481055,0.0009367144092536275,0.00519540328284852,0.005864595185722674,0.004778242204338312,0.008426709100604057,0.01457760669291019,0.005777051672339439,0.0058949189260602,0.0007323656778479813,-0.03274320793771475,-0.004225914637488658,0.000225921394303441,0.0008319692613802074,0.0033687765724096834,0.00517711859215069,-0.02688910962960444
2018-03-01,0.01608098550280466,0.007579035757612018,0.006671056534965129,0.006924428139980001,0.006586847988854708,0.00519540328284852,0.005864595185722674,0.006050876341760159,-0.002239158377051353,0.009827446192502975,0.005778865423053503,0.0058949189260602,0.007287736321736108,-0.01638401523138961,0.01946688756033325,-0.001897273235954344,0.005543039769614913,0.006318862165307434,0.005147834365464156,0.002563630785045735
2018-04-01,0.01210570784808448,0.00819811114870504,-0.0002585666059746724,0.003678908103417516,0.00304899824239478,0.00519540328284852,0.005864595185722674,0.005348101258277893,-0.004940129350870848,0.01652675494551659,0.005777557846158743,0.0058949189260602,0.004000079600957357,-0.02016706825493909,0.002561699983482939,0.001986790914088488,0.003426366442120663,0.0045977414419029385,0.005145476515482022,0.02212217412763846
2018-05-01,0.008309218361458618,0.008555738838280912,0.005491876850219981,0.00773318281806617,0.007612306859676142,0.00519540328284852,0.005864595185722674,0.006104177795350552,0.001760599669069052,0.01086672022938728,0.005778082646429539,0.0058949189260602,0.007340234317233872,-0.01567007642867126,0.01741361881054246,0.005124848801642656,0.005835965435207336,0.005999548360705376,0.005160952083040961,0.005417692413214893
2018-06-01,-0.002045196759405033,0.00834864042085086,-0.00152769832890897,0.003816596303330081,0.003125626257945761,0.00519540328284852,0.005864595185722674,0.006336442660540342,0.007567303720861673,0.01132244523614645,0.005777688696980476,0.0058949189260602,0.003041067158328957,-0.03086536133475053,0.01589205773436419,-0.0004991692840121686,0.002952834992306468,0.005486545989914498,0.005161185908478277,0.03506790404295279
2018-07-01,0.01355482337253582,0.007841865142392065,0.005342385198392408,0.008837484882711029,0.009067244343637492,0.00519540328284852,0.005864595185722674,0.005820959806442261,-0.001101605594158173,0.01050952076911926,0.005777019076049328,0.0058949189260602,0.007197164134750087,-0.007135570062516066,-0.0018184313020909,0.005893547553569078,0.005421332794716568,0.005879071369645876,0.0051883985728408575,0.0308103838342448
2018-08-01,0.005315904410260062,0.008729546324921367,0.0009074375453684775,0.006151780017847625,0.005735995954251944,0.00519540328284852,0.005864595185722674,0.006086176261305809,0.00533398101106286,0.01050726417452097,0.005778119899332523,0.0058949189260602,0.00540980562717363,-0.02338050085832599,0.01927788922641143,0.003168919822201133,0.004748577300685203,0.0057570579267922336,0.00521169128671486,0.003528113928099846
2018-09-01,0.006387774984771364,0.009307388556168741,0.003840535834855585,0.007102853619831845,0.007265181367727644,0.00519540328284852,0.005864595185722674,0.004336739890277386,-0.01321765221655369,0.003904745914041996,0.005776964128017426,0.0058949189260602,0.00560796749527252,-0.004400231308976722,-0.008901541163642631,0.01374403201043606,0.003606854781678682,0.005692465811644973,0.005210162151965891,-0.07236135137399477
2018-10-01,-0.003967534382273836,0.001355947990622458,-0.006827851981604475,0.0002839184348487119,-0.001564691648068694,0.00519540328284852,0.005864595185722674,0.005037650465965271,-0.002277357503771782,0.01624775305390358,0.005778012797236443,0.0058949189260602,-0.001552895510491648,-0.03173095252598634,0.004766415736753214,0.01019131578505039,0.0007934155066759176,0.003061181863687836,0.005139770578893333,0.01765930193245045
2018-11-01,-0.009936257416032745,0.004429066866965346,-0.003840975357934516,0.002340871885074207,0.0007449694696900263,0.00519540328284852,0.005864595185722674,0.007810133043676615,-0.001235615462064743,0.008782049641013145,0.005779809318482876,0.0058949189260602,0.003136636093894727,-0.02601350379387731,0.01571369148009891,-0.01388597674667835,0.0006737385260587236,0.0037828514804300363,0.005151121015297282,-0.09682360235048953
2018-12-01,-0.0003920271391147975,-0.006474585328946718,-0.00329499072347953,0.007128122868306762,0.005721779492380255,0.00519540328284852,0.005864595185722674,0.008041813969612122,0.002698434982448816,0.008802969008684158,0.0057791443541646,0.00594769325107336,0.003213429521177667,-0.01072152536418002,0.0008504578841904988,-0.0007612609770148993,0.002349965891742092,0.004204416402013094,0.005058752606451461,0.07636754791198612
2019-01-01,0.02579851206061397,-0.003466625023446483,-0.001424973819994675,0.008073482020773983,0.007416271726590839,0.005100327928946,0.005103644555611012,0.006627932190895081,0.005409401375800371,0.01218452211469412,0.005878021940588951,0.00564897432923317,0.004876630516625013,-0.007060151733391862,-0.0181989873983608,0.002391382120549679,0.004022397806608023,0.005256522965705692,0.005123285452881809,0.02911982173521028
2019-02-01,0.02177030835424034,0.002613424355505984,-0.006512546622760915,0.004774376281118164,0.004398600271525343,0.005100327928946,0.005103644555611012,0.005592905450612307,0.005475556943565607,0.01243956107646227,0.005882138386368752,0.005649108439683914,0.001499475891035966,-0.0194363457844707,0.005210608300429396,0.0009432368678972125,0.003781523793485665,0.005101986242278506,0.00514498214029802,0.01754335484736013
2019-03-01,0.01435412416201462,0.007865065070293418,0.01064338570596822,0.01208838224867604,0.01259294217194712,0.005100327928946,0.005103644555611012,0.006951125338673592,0.005874182563275099,0.01127403602004051,0.005878524389117956,0.005649406928569078,0.01063196193825426,-0.002639458346720951,0.01569405396997306,0.01466808002442122,0.008858111541816266,0.009248513504273838,0.005156182115643153,0.03792810169685305
2019-04-01,0.00173774441002022,0.007885759208161446,7.964360153465185e-05,0.004662576343361143,0.004165419698952295,0.005100327928946,0.005103644555611012,0.005272508598864079,0.005233626812696457,0.01225649658590555,0.005879924632608891,0.005649908911436796,0.003165679176620738,-0.02060361713950074,-0.01828939668511112,0.0003602923243306577,0.00172878368527738,0.004881452136153572,0.0051857596603915364,-0.06737259020068674
2019-05-01,0.01270624793878356,0.0008070964587770964,0.005756765815172656,0.009532188135032132,0.009096135878294647,0.005100327928946,0.005103644555611012,0.006634265184402466,0.005587240215390921,0.01131626032292843,0.005870153661817312,0.005648767109960318,0.00636234539401466,-0.01056261028038136,-0.007853930475280302,0.01070469245314598,0.005113099393538471,0.005813459738494984,0.005120332834547462,0.06514955086634316
2019-06-01,0.02700607972367076,0.009293255150713955,0.01177609511910637,0.01155762277264601,0.01204927683043585,0.005100327928946,0.005103644555611012,0.006839791778475046,0.005491950549185276,0.01192295830696821,0.005874069407582283,0.005649561062455177,0.01093494515256956,-0.001008750213036485,0.006531962668031764,0.01697650365531445,0.009443705903042204,0.0080665234645945,0.005174413211152685,0.01269606420907311
2019-07-01,0.003659716236533933,0.008210606331177166,0.002431704178220054,0.007224774084305137,0.007014392800215646,0.005100327928946,0.005103644555611012,0.005718427710235119,0.005206013564020395,0.01203230023384094,0.005877775140106678,0.005649871192872524,0.005810209689987824,-0.01567361578920114,-0.02408357011943141,0.00937786977738142,0.003041277969676332,0.0056841494515538216,0.0051811833740671035,-0.01811904681063126
2019-08-01,0.02493566683506576,0.008460755603303258,0.017611946486767,0.01501183797364129,0.01567257611045466,0.005100327928946,0.005103644555611012,0.005210564937442541,0.006440300960093737,0.01074384432286024,0.00587473576888442,0.005648748483508825,0.01475331620831751,0.0004759870940375631,0.03116853642678588,0.01324264705181122,0.01159096479672068,0.009602299963081748,0.005160229929656404,0.01701692724211644
2019-09-01,0.00934728560017945,0.007765241621463321,-0.00275157767520723,0.003464504813258632,0.002706248470655603,0.005100327928946,0.005103644555611012,0.004922105930745602,0.005288288462907076,0.0119882058352232,0.005875598173588514,0.005649882834404707,0.002731840864023243,-0.02067050783138474,-0.01300298548498655,0.004213707521557808,0.002358238226311603,0.005011216929845801,0.005170882847277661,0.01959122073709107
2019-10-01,0.003106768909737872,0.008032409120346978,0.001451690303606183,0.006514814071171984,0.006196976719941148,0.005100327928946,0.005103644555611012,0.005595800001174212,0.005080520175397396,0.01247798651456833,0.00587724382057786,0.005649785976856947,0.005088608308970939,-0.0181159331730103,0.00852472486489117,0.006000430323183537,0.004480362401373205,0.005622792989015579,0.005183827495293652,0.03407094987484112
2019-11-01,0.004268904646165245,0.007934125274331549,0.002358610062088229,0.006773710330308207,0.006484896074680073,0.005100327928946,0.005103644555611012,0.005593144334852695,0.005143924150615931,0.01262523699551821,0.005877502728253603,0.005649715196341276,0.005364248776829821,-0.01775832497296136,0.004916990813273554,0.007976513355970383,0.004588323140676526,0.005478696555841258,0.00520973522836948,0.0281556173838513
2019-12-01,0.003973997358910681,0.007897082477479734,0.0003855880381453125,0.006013880718218997,0.005678487151618274,0.005100327928946,0.005103644555611012,0.00418513547629118,0.005085956770926714,0.01208024751394987,0.005877210292965174,0.005649979691952467,0.004418312663588662,-0.01384779098866563,-0.00570058171728997,0.0009912402601912618,0.003305794887052483,0.005093142349936357,0.005230296054673674,-0.001289026963263724
2020-01-01,0.01252656956374598,0.008165765057634135,0.01149887181261715,0.01255287648380384,0.01281779139307261,0.005202405045143382,0.0062146130475636,0.01083185896277428,0.003412845078855753,0.01494602486491203,0.002187985926866531,0.00559349125251174,0.01164671568960181,-0.006489482493841084,0.03713207162778714,0.01712054945528507,0.01033505954802087,0.011165365387695716,0.005224459597182236,-0.0867154419188921
2020-02-01,0.01136350416079186,0.003285338664521589,0.004681322614417438,0.008194286379127273,0.007822776860429728,0.005202405045143382,0.0062146130475636,0.009199966676533222,0.005354481749236584,0.02005454152822495,-0.006145961582660675,0.00559349125251174,0.006865408323615172,-0.0161593685495495,0.01830849453253662,-0.0176324900239706,0.004512675667404522,0.00590405215003767,0.005142223549314548,-0.1313079659225026
2020-03-01,-0.05001697150909591,-0.015188678920748,-0.02453603434723667,-0.005673162028781332,-0.009484731525040428,-0.09909810383060205,-0.0292298501348991,0.009704077616333961,0.01822703704237938,0.0303497351706028,0.01482436247169971,0.00559349125251174,-0.008684658540435491,-0.05491887262565875,-0.07596885569297412,-0.1978161334991455,-0.03074483431881811,-0.012336705222894213,0.005020284148535444,0.1200355684901183
2020-04-01,0.02017990559465534,-0.005762055075731029,0.00245231878040467,0.01103021682173599,0.009967884668238421,0.005202405045143382,0.0062146130475636,0.009605441242456436,0.005152273923158646,0.03529907017946243,-0.001973770558834076,0.00559349125251174,0.007024397000179182,-0.01641173156193089,-0.007880481300856253,-0.01413347572088242,0.004472531458579698,0.005397948148827561,0.005122976366697573,0.04671181542195584
2020-05-01,0.004771460539355472,0.001286333220561578,-0.003131295658542782,0.006895900224527938,0.005135520040685664,0.005202405045143382,0.0062146130475636,0.006421147380024195,0.00713394396007061,0.03450620546936989,-0.006850164383649826,0.00559349125251174,0.005048878027314648,-0.01306313435887746,0.01047035600445817,-0.0203570369631052,0.003454913927963226,0.005168962542914523,0.005160076133919034,0.0200457106926245
2020-06-01,0.008901446649476018,0.005605564888546925,0.003561404789164431,0.009654341628333746,0.00929440431542838,0.005202405045143382,0.0062146130475636,0.007966061122715473,0.006320463959127665,0.03674530982971191,-0.008170504122972488,0.00559349125251174,0.007709998753106247,-0.01188570266037417,0.009998729682955555,0.00122774566989392,0.006496235865645771,0.006267538503345632,0.005173343187892925,0.05524956162114821
2020-07-01,0.01928125724393191,0.009498847476088987,0.01994667118091617,0.01708577927799756,0.01767050470298055,0.005202405045143382,0.0062146130475636,0.01129352673888206,0.001826278166845441,0.006491359323263168,-0.001496452838182449,0.00559349125251174,0.0157913318024021,-0.009986423810446537,0.03062813886061005,0.003042003372684121,0.009880208177699492,0.007995103399676077,0.0052179346557765,0.06949136402388498
2020-08-01,-0.007325447023420549,0.005952662608957204,-0.01010025127805492,-0.0005421605945163162,-0.00263072835741392,0.005202405045143382,0.0062146130475636,0.002329850569367409,0.01059597544372082,0.03193807601928711,-0.006451360881328583,0.00559349125251174,-0.002145054015021356,-0.03165335227881599,-0.005537275708582795,-0.0957925021648407,-0.005896941144715242,-0.0013436073047688362,0.005275117422118235,-0.03899676063027995
2020-09-01,-0.003310729274847323,0.006297213015680424,0.003394838628128794,0.007235933500854137,0.006244661656142711,0.005202405045143382,0.0062146130475636,0.005413776729255915,0.003934066742658615,0.03168745338916779,-0.003832053393125534,0.00559349125251174,0.005726116363097135,-0.02272961355112062,0.007793322127559188,-0.003546150866895914,0.003832459025735878,0.005503633990883827,0.005235764641627214,-0.02686500352048838
2020-10-01,0.009512598835023096,0.006181271973638966,0.0008057812491982274,0.00463752617622192,0.00344526950992431,0.005202405045143382,0.0062146130475636,0.004994485527276993,0.009101125411689281,0.04038853943347931,-0.005079969763755798,0.00559349125251174,0.004229407013727497,-0.01301078404589137,0.006517004525825031,-0.01029262691736221,0.004902508642138374,0.0050984452862101876,0.0052072559665276436,0.1037193336386638
2020-11-01,0.02392638744958134,0.008934557652291087,0.01681181475662843,0.01617235395167387,0.01643720367995172,0.005202405045143382,0.0062146130475636,0.01003672555088997,0.004655704367905855,0.01416212320327759,-0.007926199585199356,0.00559349125251174,0.01464211830516186,-0.008210225302585084,0.01707741377185805,0.003403408918529749,0.009195868504073987,0.009485641601590529,0.005294666860646665,0.04062919521373553
